a contact +0 +604800 2 1 1
a contact +0 +604800 1 2 1
a contact +0 +604800 44 45 1
a contact +0 +604800 45 44 1
a contact +0 +604800 44 55 1
a contact +0 +604800 55 44 1
a contact +0 +604800 45 46 1
a contact +0 +604800 46 45 1
a contact +0 +604800 45 56 1
a contact +0 +604800 56 45 1
a contact +0 +604800 46 47 1
a contact +0 +604800 47 46 1
a contact +0 +604800 46 57 1
a contact +0 +604800 57 46 1
a contact +0 +604800 47 48 1
a contact +0 +604800 48 47 1
a contact +0 +604800 47 58 1
a contact +0 +604800 58 47 1
a contact +0 +604800 48 49 1
a contact +0 +604800 49 48 1
a contact +0 +604800 48 59 1
a contact +0 +604800 59 48 1
a contact +0 +604800 49 50 1
a contact +0 +604800 50 49 1
a contact +0 +604800 49 60 1
a contact +0 +604800 60 49 1
a contact +0 +604800 50 51 1
a contact +0 +604800 51 50 1
a contact +0 +604800 50 61 1
a contact +0 +604800 61 50 1
a contact +0 +604800 51 52 1
a contact +0 +604800 52 51 1
a contact +0 +604800 51 62 1
a contact +0 +604800 62 51 1
a contact +0 +604800 52 53 1
a contact +0 +604800 53 52 1
a contact +0 +604800 52 63 1
a contact +0 +604800 63 52 1
a contact +0 +604800 53 54 1
a contact +0 +604800 54 53 1
a contact +0 +604800 53 64 1
a contact +0 +604800 64 53 1
a contact +0 +604800 54 65 1
a contact +0 +604800 65 54 1
a contact +0 +604800 55 56 1
a contact +0 +604800 56 55 1
a contact +0 +604800 56 57 1
a contact +0 +604800 57 56 1
a contact +0 +604800 56 66 1
a contact +0 +604800 66 56 1
a contact +0 +604800 57 58 1
a contact +0 +604800 58 57 1
a contact +0 +604800 57 67 1
a contact +0 +604800 67 57 1
a contact +0 +604800 58 59 1
a contact +0 +604800 59 58 1
a contact +0 +604800 58 68 1
a contact +0 +604800 68 58 1
a contact +0 +604800 59 60 1
a contact +0 +604800 60 59 1
a contact +0 +604800 59 69 1
a contact +0 +604800 69 59 1
a contact +0 +604800 60 61 1
a contact +0 +604800 61 60 1
a contact +0 +604800 60 70 1
a contact +0 +604800 70 60 1
a contact +0 +604800 61 62 1
a contact +0 +604800 62 61 1
a contact +0 +604800 61 71 1
a contact +0 +604800 71 61 1
a contact +0 +604800 62 63 1
a contact +0 +604800 63 62 1
a contact +0 +604800 62 72 1
a contact +0 +604800 72 62 1
a contact +0 +604800 63 64 1
a contact +0 +604800 64 63 1
a contact +0 +604800 63 73 1
a contact +0 +604800 73 63 1
a contact +0 +604800 64 65 1
a contact +0 +604800 65 64 1
a contact +0 +604800 64 74 1
a contact +0 +604800 74 64 1
a contact +0 +604800 65 75 1
a contact +0 +604800 75 65 1
a contact +0 +604800 66 67 1
a contact +0 +604800 67 66 1
a contact +0 +604800 67 68 1
a contact +0 +604800 68 67 1
a contact +0 +604800 68 69 1
a contact +0 +604800 69 68 1
a contact +0 +604800 69 70 1
a contact +0 +604800 70 69 1
a contact +0 +604800 70 71 1
a contact +0 +604800 71 70 1
a contact +0 +604800 71 72 1
a contact +0 +604800 72 71 1
a contact +0 +604800 72 73 1
a contact +0 +604800 73 72 1
a contact +0 +604800 73 74 1
a contact +0 +604800 74 73 1
a contact +0 +604800 74 75 1
a contact +0 +604800 75 74 1
a contact +0 +604800 75 76 1
a contact +0 +604800 76 75 1
a contact +4069 +4733 44 2 1
a contact +4069 +4733 2 44 1
a contact +10158 +10895 44 2 1
a contact +10158 +10895 2 44 1
a contact +16221 +16983 44 2 1
a contact +16221 +16983 2 44 1
a contact +22270 +22976 44 2 1
a contact +22270 +22976 2 44 1
a contact +28310 +28875 44 2 1
a contact +28310 +28875 2 44 1
a contact +34334 +34702 44 2 1
a contact +34334 +34702 2 44 1
a contact +40298 +40538 44 2 1
a contact +40298 +40538 2 44 1
a contact +46130 +46505 44 2 1
a contact +46130 +46505 2 44 1
a contact +51956 +52530 44 2 1
a contact +51956 +52530 2 44 1
a contact +57856 +58570 44 2 1
a contact +57856 +58570 2 44 1
a contact +63851 +64619 44 2 1
a contact +63851 +64619 2 44 1
a contact +69940 +70682 44 2 1
a contact +69940 +70682 2 44 1
a contact +76104 +76770 44 2 1
a contact +76104 +76770 2 44 1
a contact +82292 +82903 44 2 1
a contact +82292 +82903 2 44 1
a contact +88442 +89083 44 2 1
a contact +88442 +89083 2 44 1
a contact +94541 +95259 44 2 1
a contact +94541 +95259 2 44 1
a contact +100610 +101373 44 2 1
a contact +100610 +101373 2 44 1
a contact +106663 +107394 44 2 1
a contact +106663 +107394 2 44 1
a contact +112705 +113320 44 2 1
a contact +112705 +113320 2 44 1
a contact +118736 +119163 44 2 1
a contact +118736 +119163 2 44 1
a contact +124728 +124981 44 2 1
a contact +124728 +124981 2 44 1
a contact +130592 +130910 44 2 1
a contact +130592 +130910 2 44 1
a contact +136407 +136926 44 2 1
a contact +136407 +136926 2 44 1
a contact +142282 +142963 44 2 1
a contact +142282 +142963 2 44 1
a contact +148248 +149009 44 2 1
a contact +148248 +149009 2 44 1
a contact +154311 +155067 44 2 1
a contact +154311 +155067 2 44 1
a contact +160457 +161146 44 2 1
a contact +160457 +161146 2 44 1
a contact +166645 +167265 44 2 1
a contact +166645 +167265 2 44 1
a contact +172809 +173434 44 2 1
a contact +172809 +173434 2 44 1
a contact +178922 +179618 44 2 1
a contact +178922 +179618 2 44 1
a contact +184998 +185754 44 2 1
a contact +184998 +185754 2 44 1
a contact +191054 +191804 44 2 1
a contact +191054 +191804 2 44 1
a contact +197100 +197757 44 2 1
a contact +197100 +197757 2 44 1
a contact +203135 +203622 44 2 1
a contact +203135 +203622 2 44 1
a contact +209145 +209436 44 2 1
a contact +209145 +209436 2 44 1
a contact +215051 +215322 44 2 1
a contact +215051 +215322 2 44 1
a contact +220864 +221324 44 2 1
a contact +220864 +221324 2 44 1
a contact +226716 +227357 44 2 1
a contact +226716 +227357 2 44 1
a contact +232654 +233401 44 2 1
a contact +232654 +233401 2 44 1
a contact +238689 +239455 44 2 1
a contact +238689 +239455 2 44 1
a contact +244813 +245526 44 2 1
a contact +244813 +245526 2 44 1
a contact +250995 +251631 44 2 1
a contact +250995 +251631 2 44 1
a contact +257172 +257786 44 2 1
a contact +257172 +257786 2 44 1
a contact +263300 +263973 44 2 1
a contact +263300 +263973 2 44 1
a contact +269384 +270128 44 2 1
a contact +269384 +270128 2 44 1
a contact +275445 +276205 44 2 1
a contact +275445 +276205 2 44 1
a contact +281493 +282187 44 2 1
a contact +281493 +282187 2 44 1
a contact +287532 +288075 44 2 1
a contact +287532 +288075 2 44 1
a contact +293553 +293897 44 2 1
a contact +293553 +293897 2 44 1
a contact +299501 +299745 44 2 1
a contact +299501 +299745 2 44 1
a contact +305325 +305724 44 2 1
a contact +305325 +305724 2 44 1
a contact +311158 +311752 44 2 1
a contact +311158 +311752 2 44 1
a contact +317068 +317793 44 2 1
a contact +317068 +317793 2 44 1
a contact +323075 +323844 44 2 1
a contact +323075 +323844 2 44 1
a contact +329175 +329909 44 2 1
a contact +329175 +329909 2 44 1
a contact +335345 +336001 44 2 1
a contact +335345 +336001 2 44 1
a contact +341531 +342141 44 2 1
a contact +341531 +342141 2 44 1
a contact +347674 +348324 44 2 1
a contact +347674 +348324 2 44 1
a contact +353769 +354495 44 2 1
a contact +353769 +354495 2 44 1
a contact +359835 +360598 44 2 1
a contact +359835 +360598 2 44 1
a contact +365886 +366608 44 2 1
a contact +365886 +366608 2 44 1
a contact +371928 +372523 44 2 1
a contact +371928 +372523 2 44 1
a contact +377956 +378359 44 2 1
a contact +377956 +378359 2 44 1
a contact +383937 +384182 44 2 1
a contact +383937 +384182 2 44 1
a contact +389787 +390127 44 2 1
a contact +389787 +390127 2 44 1
a contact +395606 +396148 44 2 1
a contact +395606 +396148 2 44 1
a contact +401491 +402186 44 2 1
a contact +401491 +402186 2 44 1
a contact +407469 +408233 44 2 1
a contact +407469 +408233 2 44 1
a contact +413542 +414294 44 2 1
a contact +413542 +414294 2 44 1
a contact +419696 +420376 44 2 1
a contact +419696 +420376 2 44 1
a contact +425885 +426500 44 2 1
a contact +425885 +426500 2 44 1
a contact +432044 +432675 44 2 1
a contact +432044 +432675 2 44 1
a contact +438151 +438856 44 2 1
a contact +438151 +438856 2 44 1
a contact +444224 +444983 44 2 1
a contact +444224 +444983 2 44 1
a contact +450278 +451021 44 2 1
a contact +450278 +451021 2 44 1
a contact +456322 +456963 44 2 1
a contact +456322 +456963 2 44 1
a contact +462356 +462819 44 2 1
a contact +462356 +462819 2 44 1
a contact +468359 +468633 44 2 1
a contact +468359 +468633 2 44 1
a contact +474248 +474536 44 2 1
a contact +474248 +474536 2 44 1
a contact +480060 +480545 44 2 1
a contact +480060 +480545 2 44 1
a contact +485921 +486580 44 2 1
a contact +485921 +486580 2 44 1
a contact +491871 +492624 44 2 1
a contact +491871 +492624 2 44 1
a contact +497917 +498680 44 2 1
a contact +497917 +498680 2 44 1
a contact +504051 +504755 44 2 1
a contact +504051 +504755 2 44 1
a contact +510236 +510864 44 2 1
a contact +510236 +510864 2 44 1
a contact +516409 +517026 44 2 1
a contact +516409 +517026 2 44 1
a contact +522530 +523212 44 2 1
a contact +522530 +523212 2 44 1
a contact +528611 +529360 44 2 1
a contact +528611 +529360 2 44 1
a contact +534670 +535426 44 2 1
a contact +534670 +535426 2 44 1
a contact +540716 +541396 44 2 1
a contact +540716 +541396 2 44 1
a contact +546753 +547274 44 2 1
a contact +546753 +547274 2 44 1
a contact +552771 +553092 44 2 1
a contact +552771 +553092 2 44 1
a contact +558702 +558954 44 2 1
a contact +558702 +558954 2 44 1
a contact +564520 +564944 44 2 1
a contact +564520 +564944 2 44 1
a contact +570360 +570974 44 2 1
a contact +570360 +570974 2 44 1
a contact +576282 +577016 44 2 1
a contact +576282 +577016 2 44 1
a contact +582300 +583068 44 2 1
a contact +582300 +583068 2 44 1
a contact +588410 +589136 44 2 1
a contact +588410 +589136 2 44 1
a contact +594586 +595233 44 2 1
a contact +594586 +595233 2 44 1
a contact +600769 +601379 44 2 1
a contact +600769 +601379 2 44 1
a contact +3516 +4172 45 2 1
a contact +3516 +4172 2 45 1
a contact +9607 +10339 45 2 1
a contact +9607 +10339 2 45 1
a contact +15672 +16435 45 2 1
a contact +15672 +16435 2 45 1
a contact +21722 +22437 45 2 1
a contact +21722 +22437 2 45 1
a contact +27763 +28344 45 2 1
a contact +27763 +28344 2 45 1
a contact +33790 +34176 45 2 1
a contact +33790 +34176 2 45 1
a contact +39763 +40004 45 2 1
a contact +39763 +40004 2 45 1
a contact +45604 +45960 45 2 1
a contact +45604 +45960 2 45 1
a contact +51426 +51983 45 2 1
a contact +51426 +51983 2 45 1
a contact +57318 +58022 45 2 1
a contact +57318 +58022 2 45 1
a contact +63304 +64070 45 2 1
a contact +63304 +64070 2 45 1
a contact +69385 +70132 45 2 1
a contact +69385 +70132 2 45 1
a contact +75544 +76217 45 2 1
a contact +75544 +76217 2 45 1
a contact +81732 +82345 45 2 1
a contact +81732 +82345 2 45 1
a contact +87887 +88523 45 2 1
a contact +87887 +88523 2 45 1
a contact +93990 +94702 45 2 1
a contact +93990 +94702 2 45 1
a contact +100061 +100822 45 2 1
a contact +100061 +100822 2 45 1
a contact +106115 +106853 45 2 1
a contact +106115 +106853 2 45 1
a contact +112158 +112787 45 2 1
a contact +112158 +112787 2 45 1
a contact +118190 +118636 45 2 1
a contact +118190 +118636 2 45 1
a contact +124189 +124451 45 2 1
a contact +124189 +124451 2 45 1
a contact +130066 +130367 45 2 1
a contact +130066 +130367 2 45 1
a contact +135879 +136380 45 2 1
a contact +135879 +136380 2 45 1
a contact +141746 +142416 45 2 1
a contact +141746 +142416 2 45 1
a contact +147704 +148461 45 2 1
a contact +147704 +148461 2 45 1
a contact +153758 +154518 45 2 1
a contact +153758 +154518 2 45 1
a contact +159897 +160594 45 2 1
a contact +159897 +160594 2 45 1
a contact +166084 +166708 45 2 1
a contact +166084 +166708 2 45 1
a contact +172253 +172873 45 2 1
a contact +172253 +172873 2 45 1
a contact +178370 +179059 45 2 1
a contact +178370 +179059 2 45 1
a contact +184448 +185201 45 2 1
a contact +184448 +185201 2 45 1
a contact +190506 +191260 45 2 1
a contact +190506 +191260 2 45 1
a contact +196552 +197222 45 2 1
a contact +196552 +197222 2 45 1
a contact +202588 +203093 45 2 1
a contact +202588 +203093 2 45 1
a contact +208602 +208909 45 2 1
a contact +208602 +208909 2 45 1
a contact +214522 +214782 45 2 1
a contact +214522 +214782 2 45 1
a contact +220337 +220778 45 2 1
a contact +220337 +220778 2 45 1
a contact +226183 +226810 45 2 1
a contact +226183 +226810 2 45 1
a contact +232112 +232853 45 2 1
a contact +232112 +232853 2 45 1
a contact +238138 +238906 45 2 1
a contact +238138 +238906 2 45 1
a contact +244255 +244975 45 2 1
a contact +244255 +244975 2 45 1
a contact +250434 +251076 45 2 1
a contact +250434 +251076 2 45 1
a contact +256614 +257226 45 2 1
a contact +256614 +257226 2 45 1
a contact +262747 +263412 45 2 1
a contact +262747 +263412 2 45 1
a contact +268834 +269573 45 2 1
a contact +268834 +269573 2 45 1
a contact +274897 +275658 45 2 1
a contact +274897 +275658 2 45 1
a contact +280946 +281649 45 2 1
a contact +280946 +281649 2 45 1
a contact +286985 +287545 45 2 1
a contact +286985 +287545 2 45 1
a contact +293009 +293370 45 2 1
a contact +293009 +293370 2 45 1
a contact +298968 +299209 45 2 1
a contact +298968 +299209 2 45 1
a contact +304798 +305179 45 2 1
a contact +304798 +305179 2 45 1
a contact +310626 +311205 45 2 1
a contact +310626 +311205 2 45 1
a contact +316529 +317245 45 2 1
a contact +316529 +317245 2 45 1
a contact +322526 +323295 45 2 1
a contact +322526 +323295 2 45 1
a contact +328619 +329358 45 2 1
a contact +328619 +329358 2 45 1
a contact +334784 +335448 45 2 1
a contact +334784 +335448 2 45 1
a contact +340971 +341582 45 2 1
a contact +340971 +341582 2 45 1
a contact +347119 +347763 45 2 1
a contact +347119 +347763 2 45 1
a contact +353218 +353938 45 2 1
a contact +353218 +353938 2 45 1
a contact +359286 +360049 45 2 1
a contact +359286 +360049 2 45 1
a contact +365338 +366068 45 2 1
a contact +365338 +366068 2 45 1
a contact +371381 +371991 45 2 1
a contact +371381 +371991 2 45 1
a contact +377411 +377832 45 2 1
a contact +377411 +377832 2 45 1
a contact +383400 +383651 45 2 1
a contact +383400 +383651 2 45 1
a contact +389261 +389584 45 2 1
a contact +389261 +389584 2 45 1
a contact +395077 +395601 45 2 1
a contact +395077 +395601 2 45 1
a contact +400954 +401638 45 2 1
a contact +400954 +401638 2 45 1
a contact +406923 +407685 45 2 1
a contact +406923 +407685 2 45 1
a contact +412988 +413744 45 2 1
a contact +412988 +413744 2 45 1
a contact +419137 +419824 45 2 1
a contact +419137 +419824 2 45 1
a contact +425324 +425943 45 2 1
a contact +425324 +425943 2 45 1
a contact +431488 +432114 45 2 1
a contact +431488 +432114 2 45 1
a contact +437599 +438298 45 2 1
a contact +437599 +438298 2 45 1
a contact +443674 +444431 45 2 1
a contact +443674 +444431 2 45 1
a contact +449730 +450478 45 2 1
a contact +449730 +450478 2 45 1
a contact +455775 +456429 45 2 1
a contact +455775 +456429 2 45 1
a contact +461810 +462291 45 2 1
a contact +461810 +462291 2 45 1
a contact +467818 +468105 45 2 1
a contact +467818 +468105 2 45 1
a contact +473720 +473995 45 2 1
a contact +473720 +473995 2 45 1
a contact +479533 +479999 45 2 1
a contact +479533 +479999 2 45 1
a contact +485387 +486032 45 2 1
a contact +485387 +486032 2 45 1
a contact +491328 +492076 45 2 1
a contact +491328 +492076 2 45 1
a contact +497366 +498131 45 2 1
a contact +497366 +498131 2 45 1
a contact +503492 +504203 45 2 1
a contact +503492 +504203 2 45 1
a contact +509675 +510309 45 2 1
a contact +509675 +510309 2 45 1
a contact +515851 +516466 45 2 1
a contact +515851 +516466 2 45 1
a contact +521977 +522652 45 2 1
a contact +521977 +522652 2 45 1
a contact +528061 +528806 45 2 1
a contact +528061 +528806 2 45 1
a contact +534121 +534880 45 2 1
a contact +534121 +534880 2 45 1
a contact +540169 +540859 45 2 1
a contact +540169 +540859 2 45 1
a contact +546207 +546745 45 2 1
a contact +546207 +546745 2 45 1
a contact +552227 +552565 45 2 1
a contact +552227 +552565 2 45 1
a contact +558171 +558416 45 2 1
a contact +558171 +558416 2 45 1
a contact +563993 +564399 45 2 1
a contact +563993 +564399 2 45 1
a contact +569828 +570427 45 2 1
a contact +569828 +570427 2 45 1
a contact +575741 +576469 45 2 1
a contact +575741 +576469 2 45 1
a contact +581750 +582519 45 2 1
a contact +581750 +582519 2 45 1
a contact +587853 +588585 45 2 1
a contact +587853 +588585 2 45 1
a contact +594025 +594679 45 2 1
a contact +594025 +594679 2 45 1
a contact +600210 +600820 45 2 1
a contact +600210 +600820 2 45 1
a contact +2961 +3610 46 2 1
a contact +2961 +3610 2 46 1
a contact +9056 +9782 46 2 1
a contact +9056 +9782 2 46 1
a contact +15122 +15886 46 2 1
a contact +15122 +15886 2 46 1
a contact +21174 +21897 46 2 1
a contact +21174 +21897 2 46 1
a contact +27215 +27812 46 2 1
a contact +27215 +27812 2 46 1
a contact +33244 +33648 46 2 1
a contact +33244 +33648 2 46 1
a contact +39226 +39471 46 2 1
a contact +39226 +39471 2 46 1
a contact +45077 +45415 46 2 1
a contact +45077 +45415 2 46 1
a contact +50895 +51436 46 2 1
a contact +50895 +51436 2 46 1
a contact +56779 +57473 46 2 1
a contact +56779 +57473 2 46 1
a contact +62756 +63521 46 2 1
a contact +62756 +63521 2 46 1
a contact +68829 +69581 46 2 1
a contact +68829 +69581 2 46 1
a contact +74983 +75663 46 2 1
a contact +74983 +75663 2 46 1
a contact +81171 +81787 46 2 1
a contact +81171 +81787 2 46 1
a contact +87330 +87961 46 2 1
a contact +87330 +87961 2 46 1
a contact +93438 +94143 46 2 1
a contact +93438 +94143 2 46 1
a contact +99511 +100270 46 2 1
a contact +99511 +100270 2 46 1
a contact +105566 +106309 46 2 1
a contact +105566 +106309 2 46 1
a contact +111610 +112252 46 2 1
a contact +111610 +112252 2 46 1
a contact +117643 +118108 46 2 1
a contact +117643 +118108 2 46 1
a contact +123648 +123922 46 2 1
a contact +123648 +123922 2 46 1
a contact +129537 +129824 46 2 1
a contact +129537 +129824 2 46 1
a contact +135350 +135833 46 2 1
a contact +135350 +135833 2 46 1
a contact +141210 +141867 46 2 1
a contact +141210 +141867 2 46 1
a contact +147159 +147912 46 2 1
a contact +147159 +147912 2 46 1
a contact +153204 +153968 46 2 1
a contact +153204 +153968 2 46 1
a contact +159337 +160042 46 2 1
a contact +159337 +160042 2 46 1
a contact +165522 +166151 46 2 1
a contact +165522 +166151 2 46 1
a contact +171695 +172312 46 2 1
a contact +171695 +172312 2 46 1
a contact +177817 +178499 46 2 1
a contact +177817 +178499 2 46 1
a contact +183898 +184647 46 2 1
a contact +183898 +184647 2 46 1
a contact +189957 +190714 46 2 1
a contact +189957 +190714 2 46 1
a contact +196004 +196685 46 2 1
a contact +196004 +196685 2 46 1
a contact +202041 +202564 46 2 1
a contact +202041 +202564 2 46 1
a contact +208059 +208381 46 2 1
a contact +208059 +208381 2 46 1
a contact +213992 +214242 46 2 1
a contact +213992 +214242 2 46 1
a contact +219809 +220232 46 2 1
a contact +219809 +220232 2 46 1
a contact +225649 +226262 46 2 1
a contact +225649 +226262 2 46 1
a contact +231570 +232304 46 2 1
a contact +231570 +232304 2 46 1
a contact +237587 +238356 46 2 1
a contact +237587 +238356 2 46 1
a contact +243697 +244423 46 2 1
a contact +243697 +244423 2 46 1
a contact +249872 +250520 46 2 1
a contact +249872 +250520 2 46 1
a contact +256055 +256666 46 2 1
a contact +256055 +256666 2 46 1
a contact +262192 +262851 46 2 1
a contact +262192 +262851 2 46 1
a contact +268283 +269017 46 2 1
a contact +268283 +269017 2 46 1
a contact +274347 +275110 46 2 1
a contact +274347 +275110 2 46 1
a contact +280397 +281109 46 2 1
a contact +280397 +281109 2 46 1
a contact +286437 +287014 46 2 1
a contact +286437 +287014 2 46 1
a contact +292463 +292843 46 2 1
a contact +292463 +292843 2 46 1
a contact +298433 +298674 46 2 1
a contact +298433 +298674 2 46 1
a contact +304271 +304634 46 2 1
a contact +304271 +304634 2 46 1
a contact +310095 +310657 46 2 1
a contact +310095 +310657 2 46 1
a contact +315989 +316697 46 2 1
a contact +315989 +316697 2 46 1
a contact +321978 +322745 46 2 1
a contact +321978 +322745 2 46 1
a contact +328062 +328807 46 2 1
a contact +328062 +328807 2 46 1
a contact +334223 +334893 46 2 1
a contact +334223 +334893 2 46 1
a contact +340411 +341023 46 2 1
a contact +340411 +341023 2 46 1
a contact +346564 +347202 46 2 1
a contact +346564 +347202 2 46 1
a contact +352666 +353380 46 2 1
a contact +352666 +353380 2 46 1
a contact +358736 +359498 46 2 1
a contact +358736 +359498 2 46 1
a contact +364790 +365525 46 2 1
a contact +364790 +365525 2 46 1
a contact +370833 +371457 46 2 1
a contact +370833 +371457 2 46 1
a contact +376864 +377304 46 2 1
a contact +376864 +377304 2 46 1
a contact +382861 +383120 46 2 1
a contact +382861 +383120 2 46 1
a contact +388733 +389040 46 2 1
a contact +388733 +389040 2 46 1
a contact +394547 +395054 46 2 1
a contact +394547 +395054 2 46 1
a contact +400417 +401090 46 2 1
a contact +400417 +401090 2 46 1
a contact +406377 +407136 46 2 1
a contact +406377 +407136 2 46 1
a contact +412434 +413193 46 2 1
a contact +412434 +413193 2 46 1
a contact +418576 +419270 46 2 1
a contact +418576 +419270 2 46 1
a contact +424763 +425386 46 2 1
a contact +424763 +425386 2 46 1
a contact +430931 +431552 46 2 1
a contact +430931 +431552 2 46 1
a contact +437046 +437738 46 2 1
a contact +437046 +437738 2 46 1
a contact +443124 +443878 46 2 1
a contact +443124 +443878 2 46 1
a contact +449181 +449933 46 2 1
a contact +449181 +449933 2 46 1
a contact +455227 +455892 46 2 1
a contact +455227 +455892 2 46 1
a contact +461263 +461762 46 2 1
a contact +461263 +461762 2 46 1
a contact +467275 +467577 46 2 1
a contact +467275 +467577 2 46 1
a contact +473191 +473454 46 2 1
a contact +473191 +473454 2 46 1
a contact +479005 +479452 46 2 1
a contact +479005 +479452 2 46 1
a contact +484852 +485484 46 2 1
a contact +484852 +485484 2 46 1
a contact +490785 +491527 46 2 1
a contact +490785 +491527 2 46 1
a contact +496814 +497581 46 2 1
a contact +496814 +497581 2 46 1
a contact +502933 +503651 46 2 1
a contact +502933 +503651 2 46 1
a contact +509113 +509753 46 2 1
a contact +509113 +509753 2 46 1
a contact +515293 +515905 46 2 1
a contact +515293 +515905 2 46 1
a contact +521423 +522091 46 2 1
a contact +521423 +522091 2 46 1
a contact +527510 +528250 46 2 1
a contact +527510 +528250 2 46 1
a contact +533572 +534333 46 2 1
a contact +533572 +534333 2 46 1
a contact +539620 +540320 46 2 1
a contact +539620 +540320 2 46 1
a contact +545659 +546214 46 2 1
a contact +545659 +546214 2 46 1
a contact +551682 +552038 46 2 1
a contact +551682 +552038 2 46 1
a contact +557638 +557879 46 2 1
a contact +557638 +557879 2 46 1
a contact +563466 +563853 46 2 1
a contact +563466 +563853 2 46 1
a contact +569295 +569880 46 2 1
a contact +569295 +569880 2 46 1
a contact +575201 +575920 46 2 1
a contact +575201 +575920 2 46 1
a contact +581201 +581970 46 2 1
a contact +581201 +581970 2 46 1
a contact +587296 +588034 46 2 1
a contact +587296 +588034 2 46 1
a contact +593463 +594124 46 2 1
a contact +593463 +594124 2 46 1
a contact +599650 +600261 46 2 1
a contact +599650 +600261 2 46 1
a contact +2404 +3047 47 2 1
a contact +2404 +3047 2 47 1
a contact +8503 +9223 47 2 1
a contact +8503 +9223 2 47 1
a contact +14571 +15334 47 2 1
a contact +14571 +15334 2 47 1
a contact +20624 +21354 47 2 1
a contact +20624 +21354 2 47 1
a contact +26666 +27278 47 2 1
a contact +26666 +27278 2 47 1
a contact +32696 +33120 47 2 1
a contact +32696 +33120 2 47 1
a contact +38687 +38938 47 2 1
a contact +38687 +38938 2 47 1
a contact +44548 +44870 47 2 1
a contact +44548 +44870 2 47 1
a contact +50364 +50887 47 2 1
a contact +50364 +50887 2 47 1
a contact +56241 +56924 47 2 1
a contact +56241 +56924 2 47 1
a contact +62209 +62970 47 2 1
a contact +62209 +62970 2 47 1
a contact +68273 +69029 47 2 1
a contact +68273 +69029 2 47 1
a contact +74421 +75109 47 2 1
a contact +74421 +75109 2 47 1
a contact +80608 +81228 47 2 1
a contact +80608 +81228 2 47 1
a contact +86772 +87398 47 2 1
a contact +86772 +87398 2 47 1
a contact +92884 +93582 47 2 1
a contact +92884 +93582 2 47 1
a contact +98959 +99716 47 2 1
a contact +98959 +99716 2 47 1
a contact +105016 +105764 47 2 1
a contact +105016 +105764 2 47 1
a contact +111061 +111715 47 2 1
a contact +111061 +111715 2 47 1
a contact +117095 +117578 47 2 1
a contact +117095 +117578 2 47 1
a contact +123104 +123392 47 2 1
a contact +123104 +123392 2 47 1
a contact +129008 +129281 47 2 1
a contact +129008 +129281 2 47 1
a contact +134820 +135285 47 2 1
a contact +134820 +135285 2 47 1
a contact +140674 +141318 47 2 1
a contact +140674 +141318 2 47 1
a contact +146614 +147362 47 2 1
a contact +146614 +147362 2 47 1
a contact +152651 +153416 47 2 1
a contact +152651 +153416 2 47 1
a contact +158777 +159488 47 2 1
a contact +158777 +159488 2 47 1
a contact +164959 +165593 47 2 1
a contact +164959 +165593 2 47 1
a contact +171136 +171750 47 2 1
a contact +171136 +171750 2 47 1
a contact +177262 +177936 47 2 1
a contact +177262 +177936 2 47 1
a contact +183346 +184091 47 2 1
a contact +183346 +184091 2 47 1
a contact +189406 +190166 47 2 1
a contact +189406 +190166 2 47 1
a contact +195454 +196146 47 2 1
a contact +195454 +196146 2 47 1
a contact +201492 +202032 47 2 1
a contact +201492 +202032 2 47 1
a contact +207513 +207853 47 2 1
a contact +207513 +207853 2 47 1
a contact +213459 +213703 47 2 1
a contact +213459 +213703 2 47 1
a contact +219281 +219685 47 2 1
a contact +219281 +219685 2 47 1
a contact +225115 +225713 47 2 1
a contact +225115 +225713 2 47 1
a contact +231027 +231754 47 2 1
a contact +231027 +231754 2 47 1
a contact +237036 +237805 47 2 1
a contact +237036 +237805 2 47 1
a contact +243138 +243870 47 2 1
a contact +243138 +243870 2 47 1
a contact +249309 +249964 47 2 1
a contact +249309 +249964 2 47 1
a contact +255494 +256105 47 2 1
a contact +255494 +256105 2 47 1
a contact +261636 +262288 47 2 1
a contact +261636 +262288 2 47 1
a contact +267730 +268458 47 2 1
a contact +267730 +268458 2 47 1
a contact +273796 +274559 47 2 1
a contact +273796 +274559 2 47 1
a contact +279847 +280568 47 2 1
a contact +279847 +280568 2 47 1
a contact +285888 +286480 47 2 1
a contact +285888 +286480 2 47 1
a contact +291916 +292315 47 2 1
a contact +291916 +292315 2 47 1
a contact +297896 +298139 47 2 1
a contact +297896 +298139 2 47 1
a contact +303743 +304088 47 2 1
a contact +303743 +304088 2 47 1
a contact +309563 +310109 47 2 1
a contact +309563 +310109 2 47 1
a contact +315449 +316147 47 2 1
a contact +315449 +316147 2 47 1
a contact +321429 +322195 47 2 1
a contact +321429 +322195 2 47 1
a contact +327505 +328255 47 2 1
a contact +327505 +328255 2 47 1
a contact +333660 +334338 47 2 1
a contact +333660 +334338 2 47 1
a contact +339849 +340464 47 2 1
a contact +339849 +340464 2 47 1
a contact +346006 +346639 47 2 1
a contact +346006 +346639 2 47 1
a contact +352113 +352820 47 2 1
a contact +352113 +352820 2 47 1
a contact +358185 +358945 47 2 1
a contact +358185 +358945 2 47 1
a contact +364239 +364981 47 2 1
a contact +364239 +364981 2 47 1
a contact +370283 +370921 47 2 1
a contact +370283 +370921 2 47 1
a contact +376316 +376775 47 2 1
a contact +376316 +376775 2 47 1
a contact +382319 +382589 47 2 1
a contact +382319 +382589 2 47 1
a contact +388204 +388496 47 2 1
a contact +388204 +388496 2 47 1
a contact +394017 +394506 47 2 1
a contact +394017 +394506 2 47 1
a contact +399880 +400541 47 2 1
a contact +399880 +400541 2 47 1
a contact +405831 +406586 47 2 1
a contact +405831 +406586 2 47 1
a contact +411879 +412642 47 2 1
a contact +411879 +412642 2 47 1
a contact +418015 +418716 47 2 1
a contact +418015 +418716 2 47 1
a contact +424200 +424827 47 2 1
a contact +424200 +424827 2 47 1
a contact +430372 +430990 47 2 1
a contact +430372 +430990 2 47 1
a contact +436492 +437176 47 2 1
a contact +436492 +437176 2 47 1
a contact +442572 +443322 47 2 1
a contact +442572 +443322 2 47 1
a contact +448631 +449387 47 2 1
a contact +448631 +449387 2 47 1
a contact +454677 +455354 47 2 1
a contact +454677 +455354 2 47 1
a contact +460714 +461231 47 2 1
a contact +460714 +461231 2 47 1
a contact +466731 +467048 47 2 1
a contact +466731 +467048 2 47 1
a contact +472659 +472913 47 2 1
a contact +472659 +472913 2 47 1
a contact +478476 +478905 47 2 1
a contact +478476 +478905 2 47 1
a contact +484317 +484935 47 2 1
a contact +484317 +484935 2 47 1
a contact +490241 +490977 47 2 1
a contact +490241 +490977 2 47 1
a contact +496261 +497030 47 2 1
a contact +496261 +497030 2 47 1
a contact +502373 +503098 47 2 1
a contact +502373 +503098 2 47 1
a contact +508550 +509196 47 2 1
a contact +508550 +509196 2 47 1
a contact +514732 +515343 47 2 1
a contact +514732 +515343 2 47 1
a contact +520868 +521529 47 2 1
a contact +520868 +521529 2 47 1
a contact +526957 +527693 47 2 1
a contact +526957 +527693 2 47 1
a contact +533021 +533783 47 2 1
a contact +533021 +533783 2 47 1
a contact +539071 +539780 47 2 1
a contact +539071 +539780 2 47 1
a contact +545111 +545682 47 2 1
a contact +545111 +545682 2 47 1
a contact +551136 +551510 47 2 1
a contact +551136 +551510 2 47 1
a contact +557103 +557343 47 2 1
a contact +557103 +557343 2 47 1
a contact +562938 +563306 47 2 1
a contact +562938 +563306 2 47 1
a contact +568763 +569331 47 2 1
a contact +568763 +569331 2 47 1
a contact +574660 +575370 47 2 1
a contact +574660 +575370 2 47 1
a contact +580651 +581419 47 2 1
a contact +580651 +581419 2 47 1
a contact +586738 +587481 47 2 1
a contact +586738 +587481 2 47 1
a contact +592901 +593569 47 2 1
a contact +592901 +593569 2 47 1
a contact +599088 +599700 47 2 1
a contact +599088 +599700 2 47 1
a contact +1846 +2483 48 2 1
a contact +1846 +2483 2 48 1
a contact +7949 +8662 48 2 1
a contact +7949 +8662 2 48 1
a contact +14019 +14781 48 2 1
a contact +14019 +14781 2 48 1
a contact +20073 +20809 48 2 1
a contact +20073 +20809 2 48 1
a contact +26116 +26741 48 2 1
a contact +26116 +26741 2 48 1
a contact +32147 +32590 48 2 1
a contact +32147 +32590 2 48 1
a contact +38145 +38405 48 2 1
a contact +38145 +38405 2 48 1
a contact +44019 +44324 48 2 1
a contact +44019 +44324 2 48 1
a contact +49832 +50337 48 2 1
a contact +49832 +50337 2 48 1
a contact +55701 +56373 48 2 1
a contact +55701 +56373 2 48 1
a contact +61661 +62419 48 2 1
a contact +61661 +62419 2 48 1
a contact +67717 +68476 48 2 1
a contact +67717 +68476 2 48 1
a contact +73858 +74553 48 2 1
a contact +73858 +74553 2 48 1
a contact +80045 +80668 48 2 1
a contact +80045 +80668 2 48 1
a contact +86213 +86834 48 2 1
a contact +86213 +86834 2 48 1
a contact +92329 +93019 48 2 1
a contact +92329 +93019 2 48 1
a contact +98407 +99160 48 2 1
a contact +98407 +99160 2 48 1
a contact +104464 +105217 48 2 1
a contact +104464 +105217 2 48 1
a contact +110510 +111177 48 2 1
a contact +110510 +111177 2 48 1
a contact +116546 +117047 48 2 1
a contact +116546 +117047 2 48 1
a contact +122559 +122862 48 2 1
a contact +122559 +122862 2 48 1
a contact +128476 +128738 48 2 1
a contact +128476 +128738 2 48 1
a contact +134290 +134736 48 2 1
a contact +134290 +134736 2 48 1
a contact +140137 +140768 48 2 1
a contact +140137 +140768 2 48 1
a contact +146068 +146810 48 2 1
a contact +146068 +146810 2 48 1
a contact +152096 +152864 48 2 1
a contact +152096 +152864 2 48 1
a contact +158215 +158934 48 2 1
a contact +158215 +158934 2 48 1
a contact +164395 +165035 48 2 1
a contact +164395 +165035 2 48 1
a contact +170575 +171187 48 2 1
a contact +170575 +171187 2 48 1
a contact +176706 +177373 48 2 1
a contact +176706 +177373 2 48 1
a contact +182793 +183533 48 2 1
a contact +182793 +183533 2 48 1
a contact +188855 +189616 48 2 1
a contact +188855 +189616 2 48 1
a contact +194904 +195605 48 2 1
a contact +194904 +195605 2 48 1
a contact +200943 +201499 48 2 1
a contact +200943 +201499 2 48 1
a contact +206966 +207323 48 2 1
a contact +206966 +207323 2 48 1
a contact +212923 +213164 48 2 1
a contact +212923 +213164 2 48 1
a contact +218751 +219136 48 2 1
a contact +218751 +219136 2 48 1
a contact +224580 +225163 48 2 1
a contact +224580 +225163 2 48 1
a contact +230485 +231203 48 2 1
a contact +230485 +231203 2 48 1
a contact +236484 +237253 48 2 1
a contact +236484 +237253 2 48 1
a contact +242578 +243317 48 2 1
a contact +242578 +243317 2 48 1
a contact +248745 +249407 48 2 1
a contact +248745 +249407 2 48 1
a contact +254932 +255543 48 2 1
a contact +254932 +255543 2 48 1
a contact +261079 +261724 48 2 1
a contact +261079 +261724 2 48 1
a contact +267176 +267898 48 2 1
a contact +267176 +267898 2 48 1
a contact +273244 +274007 48 2 1
a contact +273244 +274007 2 48 1
a contact +279296 +280024 48 2 1
a contact +279296 +280024 2 48 1
a contact +285338 +285945 48 2 1
a contact +285338 +285945 2 48 1
a contact +291368 +291785 48 2 1
a contact +291368 +291785 2 48 1
a contact +297356 +297605 48 2 1
a contact +297356 +297605 2 48 1
a contact +303214 +303541 48 2 1
a contact +303214 +303541 2 48 1
a contact +309030 +309559 48 2 1
a contact +309030 +309559 2 48 1
a contact +314909 +315596 48 2 1
a contact +314909 +315596 2 48 1
a contact +320880 +321643 48 2 1
a contact +320880 +321643 2 48 1
a contact +326947 +327702 48 2 1
a contact +326947 +327702 2 48 1
a contact +333097 +333782 48 2 1
a contact +333097 +333782 2 48 1
a contact +339285 +339903 48 2 1
a contact +339285 +339903 2 48 1
a contact +345447 +346074 48 2 1
a contact +345447 +346074 2 48 1
a contact +351558 +352258 48 2 1
a contact +351558 +352258 2 48 1
a contact +357632 +358390 48 2 1
a contact +357632 +358390 2 48 1
a contact +363688 +364435 48 2 1
a contact +363688 +364435 2 48 1
a contact +369733 +370384 48 2 1
a contact +369733 +370384 2 48 1
a contact +375767 +376244 48 2 1
a contact +375767 +376244 2 48 1
a contact +381775 +382058 48 2 1
a contact +381775 +382058 2 48 1
a contact +387674 +387951 48 2 1
a contact +387674 +387951 2 48 1
a contact +393486 +393957 48 2 1
a contact +393486 +393957 2 48 1
a contact +399342 +399990 48 2 1
a contact +399342 +399990 2 48 1
a contact +405284 +406034 48 2 1
a contact +405284 +406034 2 48 1
a contact +411324 +412089 48 2 1
a contact +411324 +412089 2 48 1
a contact +417453 +418162 48 2 1
a contact +417453 +418162 2 48 1
a contact +423636 +424268 48 2 1
a contact +423636 +424268 2 48 1
a contact +429811 +430426 48 2 1
a contact +429811 +430426 2 48 1
a contact +435936 +436613 48 2 1
a contact +435936 +436613 2 48 1
a contact +442019 +442765 48 2 1
a contact +442019 +442765 2 48 1
a contact +448079 +448838 48 2 1
a contact +448079 +448838 2 48 1
a contact +454127 +454814 48 2 1
a contact +454127 +454814 2 48 1
a contact +460164 +460699 48 2 1
a contact +460164 +460699 2 48 1
a contact +466184 +466518 48 2 1
a contact +466184 +466518 2 48 1
a contact +472126 +472372 48 2 1
a contact +472126 +472372 2 48 1
a contact +477946 +478356 48 2 1
a contact +477946 +478356 2 48 1
a contact +483782 +484385 48 2 1
a contact +483782 +484385 2 48 1
a contact +489697 +490426 48 2 1
a contact +489697 +490426 2 48 1
a contact +495709 +496478 48 2 1
a contact +495709 +496478 2 48 1
a contact +501813 +502544 48 2 1
a contact +501813 +502544 2 48 1
a contact +507986 +508638 48 2 1
a contact +507986 +508638 2 48 1
a contact +514170 +514781 48 2 1
a contact +514170 +514781 2 48 1
a contact +520311 +520965 48 2 1
a contact +520311 +520965 2 48 1
a contact +526404 +527133 48 2 1
a contact +526404 +527133 2 48 1
a contact +532469 +533232 48 2 1
a contact +532469 +533232 2 48 1
a contact +538520 +539237 48 2 1
a contact +538520 +539237 2 48 1
a contact +544560 +545147 48 2 1
a contact +544560 +545147 2 48 1
a contact +550588 +550980 48 2 1
a contact +550588 +550980 2 48 1
a contact +556564 +556806 48 2 1
a contact +556564 +556806 2 48 1
a contact +562408 +562759 48 2 1
a contact +562408 +562759 2 48 1
a contact +568229 +568781 48 2 1
a contact +568229 +568781 2 48 1
a contact +574118 +574819 48 2 1
a contact +574118 +574819 2 48 1
a contact +580101 +580867 48 2 1
a contact +580101 +580867 2 48 1
a contact +586180 +586928 48 2 1
a contact +586180 +586928 2 48 1
a contact +592337 +593012 48 2 1
a contact +592337 +593012 2 48 1
a contact +598525 +599139 48 2 1
a contact +598525 +599139 2 48 1
a contact +604681 +604800 48 2 1
a contact +604681 +604800 2 48 1
a contact +1287 +1918 49 2 1
a contact +1287 +1918 2 49 1
a contact +7393 +8100 49 2 1
a contact +7393 +8100 2 49 1
a contact +13466 +14226 49 2 1
a contact +13466 +14226 2 49 1
a contact +19521 +20263 49 2 1
a contact +19521 +20263 2 49 1
a contact +25565 +26204 49 2 1
a contact +25565 +26204 2 49 1
a contact +31598 +32059 49 2 1
a contact +31598 +32059 2 49 1
a contact +37601 +37873 49 2 1
a contact +37601 +37873 2 49 1
a contact +43488 +43778 49 2 1
a contact +43488 +43778 2 49 1
a contact +49300 +49787 49 2 1
a contact +49300 +49787 2 49 1
a contact +55162 +55822 49 2 1
a contact +55162 +55822 2 49 1
a contact +61113 +61867 49 2 1
a contact +61113 +61867 2 49 1
a contact +67160 +67923 49 2 1
a contact +67160 +67923 2 49 1
a contact +73295 +73997 49 2 1
a contact +73295 +73997 2 49 1
a contact +79480 +80108 49 2 1
a contact +79480 +80108 2 49 1
a contact +85652 +86270 49 2 1
a contact +85652 +86270 2 49 1
a contact +91773 +92456 49 2 1
a contact +91773 +92456 2 49 1
a contact +97853 +98603 49 2 1
a contact +97853 +98603 2 49 1
a contact +103912 +104668 49 2 1
a contact +103912 +104668 2 49 1
a contact +109959 +110637 49 2 1
a contact +109959 +110637 2 49 1
a contact +115996 +116514 49 2 1
a contact +115996 +116514 2 49 1
a contact +122012 +122331 49 2 1
a contact +122012 +122331 2 49 1
a contact +127943 +128195 49 2 1
a contact +127943 +128195 2 49 1
a contact +133759 +134186 49 2 1
a contact +133759 +134186 2 49 1
a contact +139600 +140217 49 2 1
a contact +139600 +140217 2 49 1
a contact +145523 +146259 49 2 1
a contact +145523 +146259 2 49 1
a contact +151542 +152311 49 2 1
a contact +151542 +152311 2 49 1
a contact +157654 +158379 49 2 1
a contact +157654 +158379 2 49 1
a contact +163830 +164476 49 2 1
a contact +163830 +164476 2 49 1
a contact +170012 +170623 49 2 1
a contact +170012 +170623 2 49 1
a contact +176148 +176808 49 2 1
a contact +176148 +176808 2 49 1
a contact +182238 +182973 49 2 1
a contact +182238 +182973 2 49 1
a contact +188302 +189065 49 2 1
a contact +188302 +189065 2 49 1
a contact +194352 +195062 49 2 1
a contact +194352 +195062 2 49 1
a contact +200392 +200965 49 2 1
a contact +200392 +200965 2 49 1
a contact +206417 +206793 49 2 1
a contact +206417 +206793 2 49 1
a contact +212385 +212626 49 2 1
a contact +212385 +212626 2 49 1
a contact +218221 +218588 49 2 1
a contact +218221 +218588 2 49 1
a contact +224046 +224612 49 2 1
a contact +224046 +224612 2 49 1
a contact +229942 +230651 49 2 1
a contact +229942 +230651 2 49 1
a contact +235933 +236700 49 2 1
a contact +235933 +236700 2 49 1
a contact +242018 +242762 49 2 1
a contact +242018 +242762 2 49 1
a contact +248180 +248849 49 2 1
a contact +248180 +248849 2 49 1
a contact +254368 +254980 49 2 1
a contact +254368 +254980 2 49 1
a contact +260520 +261159 49 2 1
a contact +260520 +261159 2 49 1
a contact +266621 +267337 49 2 1
a contact +266621 +267337 2 49 1
a contact +272691 +273453 49 2 1
a contact +272691 +273453 2 49 1
a contact +278744 +279479 49 2 1
a contact +278744 +279479 2 49 1
a contact +284787 +285408 49 2 1
a contact +284787 +285408 2 49 1
a contact +290818 +291255 49 2 1
a contact +290818 +291255 2 49 1
a contact +296813 +297071 49 2 1
a contact +296813 +297071 2 49 1
a contact +302683 +302994 49 2 1
a contact +302683 +302994 2 49 1
a contact +308498 +309009 49 2 1
a contact +308498 +309009 2 49 1
a contact +314369 +315045 49 2 1
a contact +314369 +315045 2 49 1
a contact +320331 +321091 49 2 1
a contact +320331 +321091 2 49 1
a contact +326390 +327148 49 2 1
a contact +326390 +327148 2 49 1
a contact +332533 +333226 49 2 1
a contact +332533 +333226 2 49 1
a contact +338720 +339342 49 2 1
a contact +338720 +339342 2 49 1
a contact +344887 +345510 49 2 1
a contact +344887 +345510 2 49 1
a contact +351002 +351695 49 2 1
a contact +351002 +351695 2 49 1
a contact +357079 +357834 49 2 1
a contact +357079 +357834 2 49 1
a contact +363136 +363887 49 2 1
a contact +363136 +363887 2 49 1
a contact +369182 +369845 49 2 1
a contact +369182 +369845 2 49 1
a contact +375217 +375712 49 2 1
a contact +375217 +375712 2 49 1
a contact +381229 +381527 49 2 1
a contact +381229 +381527 2 49 1
a contact +387141 +387407 49 2 1
a contact +387141 +387407 2 49 1
a contact +392955 +393407 49 2 1
a contact +392955 +393407 2 49 1
a contact +398804 +399439 49 2 1
a contact +398804 +399439 2 49 1
a contact +404738 +405482 49 2 1
a contact +404738 +405482 2 49 1
a contact +410769 +411536 49 2 1
a contact +410769 +411536 2 49 1
a contact +416890 +417606 49 2 1
a contact +416890 +417606 2 49 1
a contact +423071 +423709 49 2 1
a contact +423071 +423709 2 49 1
a contact +429250 +429862 49 2 1
a contact +429250 +429862 2 49 1
a contact +435379 +436049 49 2 1
a contact +435379 +436049 2 49 1
a contact +441465 +442207 49 2 1
a contact +441465 +442207 2 49 1
a contact +447527 +448287 49 2 1
a contact +447527 +448287 2 49 1
a contact +453575 +454273 49 2 1
a contact +453575 +454273 2 49 1
a contact +459614 +460165 49 2 1
a contact +459614 +460165 2 49 1
a contact +465636 +465988 49 2 1
a contact +465636 +465988 2 49 1
a contact +471590 +471832 49 2 1
a contact +471590 +471832 2 49 1
a contact +477416 +477807 49 2 1
a contact +477416 +477807 2 49 1
a contact +483247 +483834 49 2 1
a contact +483247 +483834 2 49 1
a contact +489154 +489875 49 2 1
a contact +489154 +489875 2 49 1
a contact +495156 +495925 49 2 1
a contact +495156 +495925 2 49 1
a contact +501253 +501989 49 2 1
a contact +501253 +501989 2 49 1
a contact +507421 +508080 49 2 1
a contact +507421 +508080 2 49 1
a contact +513607 +514218 49 2 1
a contact +513607 +514218 2 49 1
a contact +519753 +520400 49 2 1
a contact +519753 +520400 2 49 1
a contact +525849 +526573 49 2 1
a contact +525849 +526573 2 49 1
a contact +531916 +532679 49 2 1
a contact +531916 +532679 2 49 1
a contact +537968 +538693 49 2 1
a contact +537968 +538693 2 49 1
a contact +544010 +544612 49 2 1
a contact +544010 +544612 2 49 1
a contact +550039 +550450 49 2 1
a contact +550039 +550450 2 49 1
a contact +556024 +556271 49 2 1
a contact +556024 +556271 2 49 1
a contact +561878 +562211 49 2 1
a contact +561878 +562211 2 49 1
a contact +567696 +568230 49 2 1
a contact +567696 +568230 2 49 1
a contact +573577 +574268 49 2 1
a contact +573577 +574268 2 49 1
a contact +579551 +580315 49 2 1
a contact +579551 +580315 2 49 1
a contact +585621 +586374 49 2 1
a contact +585621 +586374 2 49 1
a contact +591773 +592456 49 2 1
a contact +591773 +592456 2 49 1
a contact +597961 +598578 49 2 1
a contact +597961 +598578 2 49 1
a contact +604122 +604750 49 2 1
a contact +604122 +604750 2 49 1
a contact +727 +1354 50 2 1
a contact +727 +1354 2 50 1
a contact +6838 +7537 50 2 1
a contact +6838 +7537 2 50 1
a contact +12913 +13670 50 2 1
a contact +12913 +13670 2 50 1
a contact +18969 +19716 50 2 1
a contact +18969 +19716 2 50 1
a contact +25014 +25666 50 2 1
a contact +25014 +25666 2 50 1
a contact +31048 +31527 50 2 1
a contact +31048 +31527 2 50 1
a contact +37056 +37341 50 2 1
a contact +37056 +37341 2 50 1
a contact +42956 +43233 50 2 1
a contact +42956 +43233 2 50 1
a contact +48769 +49237 50 2 1
a contact +48769 +49237 2 50 1
a contact +54624 +55271 50 2 1
a contact +54624 +55271 2 50 1
a contact +60566 +61315 50 2 1
a contact +60566 +61315 2 50 1
a contact +66604 +67369 50 2 1
a contact +66604 +67369 2 50 1
a contact +72732 +73442 50 2 1
a contact +72732 +73442 2 50 1
a contact +78915 +79548 50 2 1
a contact +78915 +79548 2 50 1
a contact +85091 +85705 50 2 1
a contact +85091 +85705 2 50 1
a contact +91216 +91892 50 2 1
a contact +91216 +91892 2 50 1
a contact +97299 +98045 50 2 1
a contact +97299 +98045 2 50 1
a contact +103360 +104119 50 2 1
a contact +103360 +104119 2 50 1
a contact +109407 +110096 50 2 1
a contact +109407 +110096 2 50 1
a contact +115445 +115981 50 2 1
a contact +115445 +115981 2 50 1
a contact +121465 +121801 50 2 1
a contact +121465 +121801 2 50 1
a contact +127408 +127654 50 2 1
a contact +127408 +127654 2 50 1
a contact +133229 +133637 50 2 1
a contact +133229 +133637 2 50 1
a contact +139065 +139666 50 2 1
a contact +139065 +139666 2 50 1
a contact +144979 +145707 50 2 1
a contact +144979 +145707 2 50 1
a contact +150989 +151758 50 2 1
a contact +150989 +151758 2 50 1
a contact +157093 +157824 50 2 1
a contact +157093 +157824 2 50 1
a contact +163265 +163918 50 2 1
a contact +163265 +163918 2 50 1
a contact +169450 +170060 50 2 1
a contact +169450 +170060 2 50 1
a contact +175591 +176244 50 2 1
a contact +175591 +176244 2 50 1
a contact +181684 +182413 50 2 1
a contact +181684 +182413 2 50 1
a contact +187750 +188513 50 2 1
a contact +187750 +188513 2 50 1
a contact +193800 +194519 50 2 1
a contact +193800 +194519 2 50 1
a contact +199841 +200430 50 2 1
a contact +199841 +200430 2 50 1
a contact +205869 +206263 50 2 1
a contact +205869 +206263 2 50 1
a contact +211846 +212089 50 2 1
a contact +211846 +212089 2 50 1
a contact +217692 +218040 50 2 1
a contact +217692 +218040 2 50 1
a contact +223512 +224061 50 2 1
a contact +223512 +224061 2 50 1
a contact +229400 +230100 50 2 1
a contact +229400 +230100 2 50 1
a contact +235382 +236148 50 2 1
a contact +235382 +236148 2 50 1
a contact +241459 +242209 50 2 1
a contact +241459 +242209 2 50 1
a contact +247616 +248292 50 2 1
a contact +247616 +248292 2 50 1
a contact +253804 +254419 50 2 1
a contact +253804 +254419 2 50 1
a contact +259961 +260594 50 2 1
a contact +259961 +260594 2 50 1
a contact +266066 +266775 50 2 1
a contact +266066 +266775 2 50 1
a contact +272138 +272899 50 2 1
a contact +272138 +272899 2 50 1
a contact +278193 +278933 50 2 1
a contact +278193 +278933 2 50 1
a contact +284236 +284871 50 2 1
a contact +284236 +284871 2 50 1
a contact +290269 +290724 50 2 1
a contact +290269 +290724 2 50 1
a contact +296270 +296538 50 2 1
a contact +296270 +296538 2 50 1
a contact +302153 +302448 50 2 1
a contact +302153 +302448 2 50 1
a contact +307966 +308459 50 2 1
a contact +307966 +308459 2 50 1
a contact +313830 +314494 50 2 1
a contact +313830 +314494 2 50 1
a contact +319783 +320539 50 2 1
a contact +319783 +320539 2 50 1
a contact +325833 +326595 50 2 1
a contact +325833 +326595 2 50 1
a contact +331970 +332670 50 2 1
a contact +331970 +332670 2 50 1
a contact +338156 +338782 50 2 1
a contact +338156 +338782 2 50 1
a contact +344327 +344945 50 2 1
a contact +344327 +344945 2 50 1
a contact +350446 +351131 50 2 1
a contact +350446 +351131 2 50 1
a contact +356525 +357277 50 2 1
a contact +356525 +357277 2 50 1
a contact +362584 +363339 50 2 1
a contact +362584 +363339 2 50 1
a contact +368630 +369305 50 2 1
a contact +368630 +369305 2 50 1
a contact +374667 +375180 50 2 1
a contact +374667 +375180 2 50 1
a contact +380683 +380996 50 2 1
a contact +380683 +380996 2 50 1
a contact +386608 +386864 50 2 1
a contact +386608 +386864 2 50 1
a contact +392424 +392857 50 2 1
a contact +392424 +392857 2 50 1
a contact +398267 +398888 50 2 1
a contact +398267 +398888 2 50 1
a contact +404193 +404930 50 2 1
a contact +404193 +404930 2 50 1
a contact +410215 +410983 50 2 1
a contact +410215 +410983 2 50 1
a contact +416329 +417051 50 2 1
a contact +416329 +417051 2 50 1
a contact +422506 +423150 50 2 1
a contact +422506 +423150 2 50 1
a contact +428687 +429299 50 2 1
a contact +428687 +429299 2 50 1
a contact +434822 +435484 50 2 1
a contact +434822 +435484 2 50 1
a contact +440911 +441647 50 2 1
a contact +440911 +441647 2 50 1
a contact +446974 +447736 50 2 1
a contact +446974 +447736 2 50 1
a contact +453024 +453731 50 2 1
a contact +453024 +453731 2 50 1
a contact +459063 +459631 50 2 1
a contact +459063 +459631 2 50 1
a contact +465088 +465458 50 2 1
a contact +465088 +465458 2 50 1
a contact +471053 +471293 50 2 1
a contact +471053 +471293 2 50 1
a contact +476886 +477259 50 2 1
a contact +476886 +477259 2 50 1
a contact +482712 +483283 50 2 1
a contact +482712 +483283 2 50 1
a contact +488611 +489323 50 2 1
a contact +488611 +489323 2 50 1
a contact +494604 +495372 50 2 1
a contact +494604 +495372 2 50 1
a contact +500693 +501435 50 2 1
a contact +500693 +501435 2 50 1
a contact +506856 +507523 50 2 1
a contact +506856 +507523 2 50 1
a contact +513044 +513655 50 2 1
a contact +513044 +513655 2 50 1
a contact +519194 +519835 50 2 1
a contact +519194 +519835 2 50 1
a contact +525294 +526012 50 2 1
a contact +525294 +526012 2 50 1
a contact +531363 +532126 50 2 1
a contact +531363 +532126 2 50 1
a contact +537416 +538149 50 2 1
a contact +537416 +538149 2 50 1
a contact +543459 +544075 50 2 1
a contact +543459 +544075 2 50 1
a contact +549489 +549919 50 2 1
a contact +549489 +549919 2 50 1
a contact +555482 +555737 50 2 1
a contact +555482 +555737 2 50 1
a contact +561348 +561664 50 2 1
a contact +561348 +561664 2 50 1
a contact +567163 +567680 50 2 1
a contact +567163 +567680 2 50 1
a contact +573037 +573716 50 2 1
a contact +573037 +573716 2 50 1
a contact +579002 +579763 50 2 1
a contact +579002 +579763 2 50 1
a contact +585064 +585821 50 2 1
a contact +585064 +585821 2 50 1
a contact +591209 +591899 50 2 1
a contact +591209 +591899 2 50 1
a contact +597396 +598017 50 2 1
a contact +597396 +598017 2 50 1
a contact +603562 +604186 50 2 1
a contact +603562 +604186 2 50 1
a contact +168 +790 51 2 1
a contact +168 +790 2 51 1
a contact +6283 +6975 51 2 1
a contact +6283 +6975 2 51 1
a contact +12360 +13114 51 2 1
a contact +12360 +13114 2 51 1
a contact +18417 +19169 51 2 1
a contact +18417 +19169 2 51 1
a contact +24463 +25127 51 2 1
a contact +24463 +25127 2 51 1
a contact +30498 +30996 51 2 1
a contact +30498 +30996 2 51 1
a contact +36511 +36810 51 2 1
a contact +36511 +36810 2 51 1
a contact +42425 +42689 51 2 1
a contact +42425 +42689 2 51 1
a contact +48239 +48688 51 2 1
a contact +48239 +48688 2 51 1
a contact +54087 +54720 51 2 1
a contact +54087 +54720 2 51 1
a contact +60020 +60764 51 2 1
a contact +60020 +60764 2 51 1
a contact +66050 +66817 51 2 1
a contact +66050 +66817 2 51 1
a contact +72170 +72887 51 2 1
a contact +72170 +72887 2 51 1
a contact +78351 +78989 51 2 1
a contact +78351 +78989 2 51 1
a contact +84530 +85142 51 2 1
a contact +84530 +85142 2 51 1
a contact +90660 +91329 51 2 1
a contact +90660 +91329 2 51 1
a contact +96746 +97487 51 2 1
a contact +96746 +97487 2 51 1
a contact +102808 +103569 51 2 1
a contact +102808 +103569 2 51 1
a contact +108856 +109555 51 2 1
a contact +108856 +109555 2 51 1
a contact +114895 +115448 51 2 1
a contact +114895 +115448 2 51 1
a contact +120918 +121272 51 2 1
a contact +120918 +121272 2 51 1
a contact +126873 +127114 51 2 1
a contact +126873 +127114 2 51 1
a contact +132700 +133089 51 2 1
a contact +132700 +133089 2 51 1
a contact +138530 +139116 51 2 1
a contact +138530 +139116 2 51 1
a contact +144436 +145156 51 2 1
a contact +144436 +145156 2 51 1
a contact +150437 +151206 51 2 1
a contact +150437 +151206 2 51 1
a contact +156533 +157270 51 2 1
a contact +156533 +157270 2 51 1
a contact +162701 +163361 51 2 1
a contact +162701 +163361 2 51 1
a contact +168887 +169498 51 2 1
a contact +168887 +169498 2 51 1
a contact +175033 +175680 51 2 1
a contact +175033 +175680 2 51 1
a contact +181130 +181853 51 2 1
a contact +181130 +181853 2 51 1
a contact +187197 +187960 51 2 1
a contact +187197 +187960 2 51 1
a contact +193249 +193975 51 2 1
a contact +193249 +193975 2 51 1
a contact +199291 +199895 51 2 1
a contact +199291 +199895 2 51 1
a contact +205320 +205734 51 2 1
a contact +205320 +205734 2 51 1
a contact +211306 +211554 51 2 1
a contact +211306 +211554 2 51 1
a contact +217162 +217493 51 2 1
a contact +217162 +217493 2 51 1
a contact +222979 +223512 51 2 1
a contact +222979 +223512 2 51 1
a contact +228860 +229549 51 2 1
a contact +228860 +229549 2 51 1
a contact +234833 +235596 51 2 1
a contact +234833 +235596 2 51 1
a contact +240902 +241655 51 2 1
a contact +240902 +241655 2 51 1
a contact +247053 +247736 51 2 1
a contact +247053 +247736 2 51 1
a contact +253241 +253858 51 2 1
a contact +253241 +253858 2 51 1
a contact +259402 +260030 51 2 1
a contact +259402 +260030 2 51 1
a contact +265512 +266213 51 2 1
a contact +265512 +266213 2 51 1
a contact +271586 +272344 51 2 1
a contact +271586 +272344 2 51 1
a contact +277641 +278387 51 2 1
a contact +277641 +278387 2 51 1
a contact +283686 +284334 51 2 1
a contact +283686 +284334 2 51 1
a contact +289720 +290193 51 2 1
a contact +289720 +290193 2 51 1
a contact +295726 +296007 51 2 1
a contact +295726 +296007 2 51 1
a contact +301622 +301903 51 2 1
a contact +301622 +301903 2 51 1
a contact +307435 +307909 51 2 1
a contact +307435 +307909 2 51 1
a contact +313292 +313943 51 2 1
a contact +313292 +313943 2 51 1
a contact +319236 +319987 51 2 1
a contact +319236 +319987 2 51 1
a contact +325278 +326042 51 2 1
a contact +325278 +326042 2 51 1
a contact +331408 +332115 51 2 1
a contact +331408 +332115 2 51 1
a contact +337592 +338223 51 2 1
a contact +337592 +338223 2 51 1
a contact +343766 +344382 51 2 1
a contact +343766 +344382 2 51 1
a contact +349890 +350568 51 2 1
a contact +349890 +350568 2 51 1
a contact +355972 +356720 51 2 1
a contact +355972 +356720 2 51 1
a contact +362032 +362790 51 2 1
a contact +362032 +362790 2 51 1
a contact +368080 +368765 51 2 1
a contact +368080 +368765 2 51 1
a contact +374117 +374648 51 2 1
a contact +374117 +374648 2 51 1
a contact +380136 +380467 51 2 1
a contact +380136 +380467 2 51 1
a contact +386075 +386323 51 2 1
a contact +386075 +386323 2 51 1
a contact +391895 +392309 51 2 1
a contact +391895 +392309 2 51 1
a contact +397732 +398338 51 2 1
a contact +397732 +398338 2 51 1
a contact +403649 +404379 51 2 1
a contact +403649 +404379 2 51 1
a contact +409662 +410431 51 2 1
a contact +409662 +410431 2 51 1
a contact +415768 +416497 51 2 1
a contact +415768 +416497 2 51 1
a contact +421942 +422593 51 2 1
a contact +421942 +422593 2 51 1
a contact +428126 +428736 51 2 1
a contact +428126 +428736 2 51 1
a contact +434265 +434921 51 2 1
a contact +434265 +434921 2 51 1
a contact +440357 +441088 51 2 1
a contact +440357 +441088 2 51 1
a contact +446422 +447185 51 2 1
a contact +446422 +447185 2 51 1
a contact +452473 +453189 51 2 1
a contact +452473 +453189 2 51 1
a contact +458513 +459097 51 2 1
a contact +458513 +459097 2 51 1
a contact +464540 +464929 51 2 1
a contact +464540 +464929 2 51 1
a contact +470515 +470756 51 2 1
a contact +470515 +470756 2 51 1
a contact +476357 +476711 51 2 1
a contact +476357 +476711 2 51 1
a contact +482179 +482733 51 2 1
a contact +482179 +482733 2 51 1
a contact +488069 +488772 51 2 1
a contact +488069 +488772 2 51 1
a contact +494054 +494820 51 2 1
a contact +494054 +494820 2 51 1
a contact +500134 +500882 51 2 1
a contact +500134 +500882 2 51 1
a contact +506293 +506966 51 2 1
a contact +506293 +506966 2 51 1
a contact +512481 +513094 51 2 1
a contact +512481 +513094 2 51 1
a contact +518636 +519271 51 2 1
a contact +518636 +519271 2 51 1
a contact +524740 +525451 51 2 1
a contact +524740 +525451 2 51 1
a contact +530811 +531572 51 2 1
a contact +530811 +531572 2 51 1
a contact +536865 +537604 51 2 1
a contact +536865 +537604 2 51 1
a contact +542908 +543539 51 2 1
a contact +542908 +543539 2 51 1
a contact +548941 +549389 51 2 1
a contact +548941 +549389 2 51 1
a contact +554940 +555204 51 2 1
a contact +554940 +555204 2 51 1
a contact +560818 +561118 51 2 1
a contact +560818 +561118 2 51 1
a contact +566632 +567130 51 2 1
a contact +566632 +567130 2 51 1
a contact +572498 +573166 51 2 1
a contact +572498 +573166 2 51 1
a contact +578454 +579211 51 2 1
a contact +578454 +579211 2 51 1
a contact +584507 +585268 51 2 1
a contact +584507 +585268 2 51 1
a contact +590646 +591344 51 2 1
a contact +590646 +591344 2 51 1
a contact +596832 +597457 51 2 1
a contact +596832 +597457 2 51 1
a contact +603002 +603622 51 2 1
a contact +603002 +603622 2 51 1
a contact +0 +227 52 2 1
a contact +0 +227 2 52 1
a contact +5728 +6413 52 2 1
a contact +5728 +6413 2 52 1
a contact +11808 +12559 52 2 1
a contact +11808 +12559 2 52 1
a contact +17867 +18622 52 2 1
a contact +17867 +18622 2 52 1
a contact +23913 +24589 52 2 1
a contact +23913 +24589 2 52 1
a contact +29950 +30465 52 2 1
a contact +29950 +30465 2 52 1
a contact +35966 +36282 52 2 1
a contact +35966 +36282 2 52 1
a contact +41894 +42148 52 2 1
a contact +41894 +42148 2 52 1
a contact +47710 +48141 52 2 1
a contact +47710 +48141 2 52 1
a contact +53552 +54171 52 2 1
a contact +53552 +54171 2 52 1
a contact +59476 +60213 52 2 1
a contact +59476 +60213 2 52 1
a contact +65498 +66266 52 2 1
a contact +65498 +66266 2 52 1
a contact +71611 +72334 52 2 1
a contact +71611 +72334 2 52 1
a contact +77787 +78433 52 2 1
a contact +77787 +78433 2 52 1
a contact +83969 +84580 52 2 1
a contact +83969 +84580 2 52 1
a contact +90104 +90766 52 2 1
a contact +90104 +90766 2 52 1
a contact +96194 +96930 52 2 1
a contact +96194 +96930 2 52 1
a contact +102257 +103020 52 2 1
a contact +102257 +103020 2 52 1
a contact +108307 +109015 52 2 1
a contact +108307 +109015 2 52 1
a contact +114346 +114916 52 2 1
a contact +114346 +114916 2 52 1
a contact +120372 +120744 52 2 1
a contact +120372 +120744 2 52 1
a contact +126337 +126577 52 2 1
a contact +126337 +126577 2 52 1
a contact +132172 +132542 52 2 1
a contact +132172 +132542 2 52 1
a contact +137997 +138567 52 2 1
a contact +137997 +138567 2 52 1
a contact +143895 +144606 52 2 1
a contact +143895 +144606 2 52 1
a contact +149887 +150655 52 2 1
a contact +149887 +150655 2 52 1
a contact +155975 +156718 52 2 1
a contact +155975 +156718 2 52 1
a contact +162138 +162805 52 2 1
a contact +162138 +162805 2 52 1
a contact +168325 +168937 52 2 1
a contact +168325 +168937 2 52 1
a contact +174476 +175117 52 2 1
a contact +174476 +175117 2 52 1
a contact +180577 +181294 52 2 1
a contact +180577 +181294 2 52 1
a contact +186646 +187408 52 2 1
a contact +186646 +187408 2 52 1
a contact +192699 +193432 52 2 1
a contact +192699 +193432 2 52 1
a contact +198742 +199360 52 2 1
a contact +198742 +199360 2 52 1
a contact +204773 +205205 52 2 1
a contact +204773 +205205 2 52 1
a contact +210766 +211022 52 2 1
a contact +210766 +211022 2 52 1
a contact +216634 +216947 52 2 1
a contact +216634 +216947 2 52 1
a contact +222448 +222963 52 2 1
a contact +222448 +222963 2 52 1
a contact +228321 +228999 52 2 1
a contact +228321 +228999 2 52 1
a contact +234285 +235046 52 2 1
a contact +234285 +235046 2 52 1
a contact +240346 +241104 52 2 1
a contact +240346 +241104 2 52 1
a contact +246491 +247182 52 2 1
a contact +246491 +247182 2 52 1
a contact +252678 +253299 52 2 1
a contact +252678 +253299 2 52 1
a contact +258844 +259467 52 2 1
a contact +258844 +259467 2 52 1
a contact +264958 +265652 52 2 1
a contact +264958 +265652 2 52 1
a contact +271034 +271790 52 2 1
a contact +271034 +271790 2 52 1
a contact +277091 +277841 52 2 1
a contact +277091 +277841 2 52 1
a contact +283136 +283797 52 2 1
a contact +283136 +283797 2 52 1
a contact +289171 +289663 52 2 1
a contact +289171 +289663 2 52 1
a contact +295183 +295477 52 2 1
a contact +295183 +295477 2 52 1
a contact +301092 +301360 52 2 1
a contact +301092 +301360 2 52 1
a contact +306905 +307361 52 2 1
a contact +306905 +307361 2 52 1
a contact +312756 +313394 52 2 1
a contact +312756 +313394 2 52 1
a contact +318692 +319437 52 2 1
a contact +318692 +319437 2 52 1
a contact +324725 +325491 52 2 1
a contact +324725 +325491 2 52 1
a contact +330847 +331562 52 2 1
a contact +330847 +331562 2 52 1
a contact +337028 +337665 52 2 1
a contact +337028 +337665 2 52 1
a contact +343207 +343820 52 2 1
a contact +343207 +343820 2 52 1
a contact +349335 +350006 52 2 1
a contact +349335 +350006 2 52 1
a contact +355420 +356163 52 2 1
a contact +355420 +356163 2 52 1
a contact +361482 +362242 52 2 1
a contact +361482 +362242 2 52 1
a contact +367530 +368226 52 2 1
a contact +367530 +368226 2 52 1
a contact +373568 +374116 52 2 1
a contact +373568 +374116 2 52 1
a contact +379590 +379938 52 2 1
a contact +379590 +379938 2 52 1
a contact +385541 +385784 52 2 1
a contact +385541 +385784 2 52 1
a contact +391366 +391761 52 2 1
a contact +391366 +391761 2 52 1
a contact +397198 +397789 52 2 1
a contact +397198 +397789 2 52 1
a contact +403107 +403829 52 2 1
a contact +403107 +403829 2 52 1
a contact +409111 +409880 52 2 1
a contact +409111 +409880 2 52 1
a contact +415209 +415945 52 2 1
a contact +415209 +415945 2 52 1
a contact +421379 +422036 52 2 1
a contact +421379 +422036 2 52 1
a contact +427564 +428175 52 2 1
a contact +427564 +428175 2 52 1
a contact +433709 +434358 52 2 1
a contact +433709 +434358 2 52 1
a contact +439805 +440530 52 2 1
a contact +439805 +440530 2 52 1
a contact +445871 +446634 52 2 1
a contact +445871 +446634 2 52 1
a contact +451923 +452647 52 2 1
a contact +451923 +452647 2 52 1
a contact +457964 +458563 52 2 1
a contact +457964 +458563 2 52 1
a contact +463993 +464400 52 2 1
a contact +463993 +464400 2 52 1
a contact +469976 +470222 52 2 1
a contact +469976 +470222 2 52 1
a contact +475829 +476165 52 2 1
a contact +475829 +476165 2 52 1
a contact +481647 +482185 52 2 1
a contact +481647 +482185 2 52 1
a contact +487530 +488222 52 2 1
a contact +487530 +488222 2 52 1
a contact +493505 +494270 52 2 1
a contact +493505 +494270 2 52 1
a contact +499577 +500330 52 2 1
a contact +499577 +500330 2 52 1
a contact +505730 +506411 52 2 1
a contact +505730 +506411 2 52 1
a contact +511918 +512535 52 2 1
a contact +511918 +512535 2 52 1
a contact +518078 +518708 52 2 1
a contact +518078 +518708 2 52 1
a contact +524186 +524890 52 2 1
a contact +524186 +524890 2 52 1
a contact +530260 +531019 52 2 1
a contact +530260 +531019 2 52 1
a contact +536315 +537059 52 2 1
a contact +536315 +537059 2 52 1
a contact +542359 +543003 52 2 1
a contact +542359 +543003 2 52 1
a contact +548393 +548860 52 2 1
a contact +548393 +548860 2 52 1
a contact +554397 +554674 52 2 1
a contact +554397 +554674 2 52 1
a contact +560289 +560574 52 2 1
a contact +560289 +560574 2 52 1
a contact +566102 +566582 52 2 1
a contact +566102 +566582 2 52 1
a contact +571961 +572616 52 2 1
a contact +571961 +572616 2 52 1
a contact +577908 +578661 52 2 1
a contact +577908 +578661 2 52 1
a contact +583953 +584716 52 2 1
a contact +583953 +584716 2 52 1
a contact +590085 +590790 52 2 1
a contact +590085 +590790 2 52 1
a contact +596269 +596899 52 2 1
a contact +596269 +596899 2 52 1
a contact +602443 +603059 52 2 1
a contact +602443 +603059 2 52 1
a contact +5175 +5853 53 2 1
a contact +5175 +5853 2 53 1
a contact +11258 +12004 53 2 1
a contact +11258 +12004 2 53 1
a contact +17318 +18076 53 2 1
a contact +17318 +18076 2 53 1
a contact +23365 +24052 53 2 1
a contact +23365 +24052 2 53 1
a contact +29403 +29935 53 2 1
a contact +29403 +29935 2 53 1
a contact +35422 +35754 53 2 1
a contact +35422 +35754 2 53 1
a contact +41362 +41609 53 2 1
a contact +41362 +41609 2 53 1
a contact +47182 +47594 53 2 1
a contact +47182 +47594 2 53 1
a contact +53019 +53623 53 2 1
a contact +53019 +53623 2 53 1
a contact +58935 +59665 53 2 1
a contact +58935 +59665 2 53 1
a contact +64947 +65716 53 2 1
a contact +64947 +65716 2 53 1
a contact +71052 +71782 53 2 1
a contact +71052 +71782 2 53 1
a contact +77226 +77877 53 2 1
a contact +77226 +77877 2 53 1
a contact +83410 +84020 53 2 1
a contact +83410 +84020 2 53 1
a contact +89550 +90205 53 2 1
a contact +89550 +90205 2 53 1
a contact +95642 +96373 53 2 1
a contact +95642 +96373 2 53 1
a contact +101708 +102471 53 2 1
a contact +101708 +102471 2 53 1
a contact +107758 +108475 53 2 1
a contact +107758 +108475 2 53 1
a contact +113799 +114384 53 2 1
a contact +113799 +114384 2 53 1
a contact +119826 +120216 53 2 1
a contact +119826 +120216 2 53 1
a contact +125801 +126043 53 2 1
a contact +125801 +126043 2 53 1
a contact +131644 +131997 53 2 1
a contact +131644 +131997 2 53 1
a contact +137466 +138019 53 2 1
a contact +137466 +138019 2 53 1
a contact +143356 +144058 53 2 1
a contact +143356 +144058 2 53 1
a contact +149339 +150106 53 2 1
a contact +149339 +150106 2 53 1
a contact +155419 +156167 53 2 1
a contact +155419 +156167 2 53 1
a contact +161577 +162251 53 2 1
a contact +161577 +162251 2 53 1
a contact +167765 +168379 53 2 1
a contact +167765 +168379 2 53 1
a contact +173920 +174555 53 2 1
a contact +173920 +174555 2 53 1
a contact +180025 +180735 53 2 1
a contact +180025 +180735 2 53 1
a contact +186096 +186857 53 2 1
a contact +186096 +186857 2 53 1
a contact +192150 +192890 53 2 1
a contact +192150 +192890 2 53 1
a contact +198194 +198826 53 2 1
a contact +198194 +198826 2 53 1
a contact +204226 +204677 53 2 1
a contact +204226 +204677 2 53 1
a contact +210226 +210492 53 2 1
a contact +210226 +210492 2 53 1
a contact +216106 +216404 53 2 1
a contact +216106 +216404 2 53 1
a contact +221919 +222416 53 2 1
a contact +221919 +222416 2 53 1
a contact +227785 +228451 53 2 1
a contact +227785 +228451 2 53 1
a contact +233740 +234497 53 2 1
a contact +233740 +234497 2 53 1
a contact +239792 +240553 53 2 1
a contact +239792 +240553 2 53 1
a contact +245930 +246629 53 2 1
a contact +245930 +246629 2 53 1
a contact +252116 +252742 53 2 1
a contact +252116 +252742 2 53 1
a contact +258286 +258906 53 2 1
a contact +258286 +258906 2 53 1
a contact +264405 +265092 53 2 1
a contact +264405 +265092 2 53 1
a contact +270484 +271236 53 2 1
a contact +270484 +271236 2 53 1
a contact +276542 +277296 53 2 1
a contact +276542 +277296 2 53 1
a contact +282588 +283260 53 2 1
a contact +282588 +283260 2 53 1
a contact +288624 +289134 53 2 1
a contact +288624 +289134 2 53 1
a contact +294639 +294949 53 2 1
a contact +294639 +294949 2 53 1
a contact +300562 +300820 53 2 1
a contact +300562 +300820 2 53 1
a contact +306377 +306815 53 2 1
a contact +306377 +306815 2 53 1
a contact +312222 +312846 53 2 1
a contact +312222 +312846 2 53 1
a contact +318149 +318888 53 2 1
a contact +318149 +318888 2 53 1
a contact +324173 +324941 53 2 1
a contact +324173 +324941 2 53 1
a contact +330288 +331010 53 2 1
a contact +330288 +331010 2 53 1
a contact +336467 +337110 53 2 1
a contact +336467 +337110 2 53 1
a contact +342648 +343259 53 2 1
a contact +342648 +343259 2 53 1
a contact +348781 +349445 53 2 1
a contact +348781 +349445 2 53 1
a contact +354869 +355607 53 2 1
a contact +354869 +355607 2 53 1
a contact +360932 +361694 53 2 1
a contact +360932 +361694 2 53 1
a contact +366981 +367687 53 2 1
a contact +366981 +367687 2 53 1
a contact +373021 +373585 53 2 1
a contact +373021 +373585 2 53 1
a contact +379045 +379411 53 2 1
a contact +379045 +379411 2 53 1
a contact +385007 +385248 53 2 1
a contact +385007 +385248 2 53 1
a contact +390839 +391216 53 2 1
a contact +390839 +391216 2 53 1
a contact +396666 +397241 53 2 1
a contact +396666 +397241 2 53 1
a contact +402566 +403281 53 2 1
a contact +402566 +403281 2 53 1
a contact +408562 +409330 53 2 1
a contact +408562 +409330 2 53 1
a contact +414652 +415393 53 2 1
a contact +414652 +415393 2 53 1
a contact +420817 +421482 53 2 1
a contact +420817 +421482 2 53 1
a contact +427004 +427616 53 2 1
a contact +427004 +427616 2 53 1
a contact +433153 +433796 53 2 1
a contact +433153 +433796 2 53 1
a contact +439253 +439972 53 2 1
a contact +439253 +439972 2 53 1
a contact +445321 +446084 53 2 1
a contact +445321 +446084 2 53 1
a contact +451374 +452105 53 2 1
a contact +451374 +452105 2 53 1
a contact +457416 +458030 53 2 1
a contact +457416 +458030 2 53 1
a contact +463447 +463873 53 2 1
a contact +463447 +463873 2 53 1
a contact +469438 +469690 53 2 1
a contact +469438 +469690 2 53 1
a contact +475301 +475621 53 2 1
a contact +475301 +475621 2 53 1
a contact +481117 +481637 53 2 1
a contact +481117 +481637 2 53 1
a contact +486992 +487674 53 2 1
a contact +486992 +487674 2 53 1
a contact +492959 +493721 53 2 1
a contact +492959 +493721 2 53 1
a contact +499023 +499779 53 2 1
a contact +499023 +499779 2 53 1
a contact +505169 +505858 53 2 1
a contact +505169 +505858 2 53 1
a contact +511357 +511977 53 2 1
a contact +511357 +511977 2 53 1
a contact +517521 +518146 53 2 1
a contact +517521 +518146 2 53 1
a contact +523634 +524331 53 2 1
a contact +523634 +524331 2 53 1
a contact +529709 +530466 53 2 1
a contact +529709 +530466 2 53 1
a contact +535766 +536515 53 2 1
a contact +535766 +536515 2 53 1
a contact +541811 +542467 53 2 1
a contact +541811 +542467 2 53 1
a contact +547846 +548331 53 2 1
a contact +547846 +548331 2 53 1
a contact +553855 +554145 53 2 1
a contact +553855 +554145 2 53 1
a contact +559760 +560032 53 2 1
a contact +559760 +560032 2 53 1
a contact +565573 +566035 53 2 1
a contact +565573 +566035 2 53 1
a contact +571426 +572068 53 2 1
a contact +571426 +572068 2 53 1
a contact +577365 +578112 53 2 1
a contact +577365 +578112 2 53 1
a contact +583400 +584166 53 2 1
a contact +583400 +584166 2 53 1
a contact +589525 +590238 53 2 1
a contact +589525 +590238 2 53 1
a contact +595708 +596343 53 2 1
a contact +595708 +596343 2 53 1
a contact +601885 +602498 53 2 1
a contact +601885 +602498 2 53 1
a contact +4622 +5292 54 2 1
a contact +4622 +5292 2 54 1
a contact +10708 +11450 54 2 1
a contact +10708 +11450 2 54 1
a contact +16769 +17530 54 2 1
a contact +16769 +17530 2 54 1
a contact +22817 +23514 54 2 1
a contact +22817 +23514 2 54 1
a contact +28856 +29405 54 2 1
a contact +28856 +29405 2 54 1
a contact +34878 +35228 54 2 1
a contact +34878 +35228 2 54 1
a contact +40830 +41073 54 2 1
a contact +40830 +41073 2 54 1
a contact +46656 +47049 54 2 1
a contact +46656 +47049 2 54 1
a contact +52487 +53076 54 2 1
a contact +52487 +53076 2 54 1
a contact +58395 +59117 54 2 1
a contact +58395 +59117 2 54 1
a contact +64398 +65167 54 2 1
a contact +64398 +65167 2 54 1
a contact +70496 +71232 54 2 1
a contact +70496 +71232 2 54 1
a contact +76665 +77323 54 2 1
a contact +76665 +77323 2 54 1
a contact +82851 +83461 54 2 1
a contact +82851 +83461 2 54 1
a contact +88996 +89644 54 2 1
a contact +88996 +89644 2 54 1
a contact +95092 +95816 54 2 1
a contact +95092 +95816 2 54 1
a contact +101159 +101922 54 2 1
a contact +101159 +101922 2 54 1
a contact +107210 +107935 54 2 1
a contact +107210 +107935 2 54 1
a contact +113252 +113852 54 2 1
a contact +113252 +113852 2 54 1
a contact +119281 +119690 54 2 1
a contact +119281 +119690 2 54 1
a contact +125265 +125511 54 2 1
a contact +125265 +125511 2 54 1
a contact +131118 +131453 54 2 1
a contact +131118 +131453 2 54 1
a contact +136936 +137472 54 2 1
a contact +136936 +137472 2 54 1
a contact +142818 +143510 54 2 1
a contact +142818 +143510 2 54 1
a contact +148793 +149557 54 2 1
a contact +148793 +149557 2 54 1
a contact +154864 +155617 54 2 1
a contact +154864 +155617 2 54 1
a contact +161016 +161699 54 2 1
a contact +161016 +161699 2 54 1
a contact +167205 +167821 54 2 1
a contact +167205 +167821 2 54 1
a contact +173365 +173994 54 2 1
a contact +173365 +173994 2 54 1
a contact +179473 +180177 54 2 1
a contact +179473 +180177 2 54 1
a contact +185547 +186306 54 2 1
a contact +185547 +186306 2 54 1
a contact +191602 +192347 54 2 1
a contact +191602 +192347 2 54 1
a contact +197647 +198292 54 2 1
a contact +197647 +198292 2 54 1
a contact +203680 +204149 54 2 1
a contact +203680 +204149 2 54 1
a contact +209686 +209963 54 2 1
a contact +209686 +209963 2 54 1
a contact +215579 +215862 54 2 1
a contact +215579 +215862 2 54 1
a contact +221391 +221870 54 2 1
a contact +221391 +221870 2 54 1
a contact +227250 +227904 54 2 1
a contact +227250 +227904 2 54 1
a contact +233196 +233948 54 2 1
a contact +233196 +233948 2 54 1
a contact +239240 +240004 54 2 1
a contact +239240 +240004 2 54 1
a contact +245371 +246077 54 2 1
a contact +245371 +246077 2 54 1
a contact +251556 +252186 54 2 1
a contact +251556 +252186 2 54 1
a contact +257729 +258346 54 2 1
a contact +257729 +258346 2 54 1
a contact +263852 +264532 54 2 1
a contact +263852 +264532 2 54 1
a contact +269934 +270682 54 2 1
a contact +269934 +270682 2 54 1
a contact +275993 +276751 54 2 1
a contact +275993 +276751 2 54 1
a contact +282041 +282724 54 2 1
a contact +282041 +282724 2 54 1
a contact +288078 +288605 54 2 1
a contact +288078 +288605 2 54 1
a contact +294096 +294423 54 2 1
a contact +294096 +294423 2 54 1
a contact +300032 +300281 54 2 1
a contact +300032 +300281 2 54 1
a contact +305851 +306269 54 2 1
a contact +305851 +306269 2 54 1
a contact +311689 +312299 54 2 1
a contact +311689 +312299 2 54 1
a contact +317608 +318340 54 2 1
a contact +317608 +318340 2 54 1
a contact +323623 +324392 54 2 1
a contact +323623 +324392 2 54 1
a contact +329731 +330459 54 2 1
a contact +329731 +330459 2 54 1
a contact +335906 +336555 54 2 1
a contact +335906 +336555 2 54 1
a contact +342089 +342700 54 2 1
a contact +342089 +342700 2 54 1
a contact +348227 +348884 54 2 1
a contact +348227 +348884 2 54 1
a contact +354319 +355051 54 2 1
a contact +354319 +355051 2 54 1
a contact +360383 +361146 54 2 1
a contact +360383 +361146 2 54 1
a contact +366434 +367148 54 2 1
a contact +366434 +367148 2 54 1
a contact +372474 +373054 54 2 1
a contact +372474 +373054 2 54 1
a contact +378500 +378885 54 2 1
a contact +378500 +378885 2 54 1
a contact +384473 +384714 54 2 1
a contact +384473 +384714 2 54 1
a contact +390313 +390671 54 2 1
a contact +390313 +390671 2 54 1
a contact +396135 +396694 54 2 1
a contact +396135 +396694 2 54 1
a contact +402028 +402733 54 2 1
a contact +402028 +402733 2 54 1
a contact +408015 +408782 54 2 1
a contact +408015 +408782 2 54 1
a contact +414097 +414843 54 2 1
a contact +414097 +414843 2 54 1
a contact +420256 +420929 54 2 1
a contact +420256 +420929 2 54 1
a contact +426444 +427058 54 2 1
a contact +426444 +427058 2 54 1
a contact +432599 +433235 54 2 1
a contact +432599 +433235 2 54 1
a contact +438702 +439414 54 2 1
a contact +438702 +439414 2 54 1
a contact +444772 +445534 54 2 1
a contact +444772 +445534 2 54 1
a contact +450826 +451563 54 2 1
a contact +450826 +451563 2 54 1
a contact +456869 +457497 54 2 1
a contact +456869 +457497 2 54 1
a contact +462901 +463346 54 2 1
a contact +462901 +463346 2 54 1
a contact +468899 +469161 54 2 1
a contact +468899 +469161 2 54 1
a contact +474775 +475078 54 2 1
a contact +474775 +475078 2 54 1
a contact +480588 +481091 54 2 1
a contact +480588 +481091 2 54 1
a contact +486456 +487127 54 2 1
a contact +486456 +487127 2 54 1
a contact +492414 +493172 54 2 1
a contact +492414 +493172 2 54 1
a contact +498469 +499229 54 2 1
a contact +498469 +499229 2 54 1
a contact +504610 +505306 54 2 1
a contact +504610 +505306 2 54 1
a contact +510796 +511420 54 2 1
a contact +510796 +511420 2 54 1
a contact +516965 +517586 54 2 1
a contact +516965 +517586 2 54 1
a contact +523082 +523771 54 2 1
a contact +523082 +523771 2 54 1
a contact +529160 +529913 54 2 1
a contact +529160 +529913 2 54 1
a contact +535218 +535971 54 2 1
a contact +535218 +535971 2 54 1
a contact +541263 +541932 54 2 1
a contact +541263 +541932 2 54 1
a contact +547299 +547803 54 2 1
a contact +547299 +547803 2 54 1
a contact +553313 +553618 54 2 1
a contact +553313 +553618 2 54 1
a contact +559232 +559492 54 2 1
a contact +559232 +559492 2 54 1
a contact +565046 +565489 54 2 1
a contact +565046 +565489 2 54 1
a contact +570892 +571521 54 2 1
a contact +570892 +571521 2 54 1
a contact +576823 +577564 54 2 1
a contact +576823 +577564 2 54 1
a contact +582849 +583617 54 2 1
a contact +582849 +583617 2 54 1
a contact +588967 +589687 54 2 1
a contact +588967 +589687 2 54 1
a contact +595147 +595787 54 2 1
a contact +595147 +595787 2 54 1
a contact +601327 +601939 54 2 1
a contact +601327 +601939 2 54 1
a contact +4216 +4828 55 2 1
a contact +4216 +4828 2 55 1
a contact +10358 +11012 55 2 1
a contact +10358 +11012 2 55 1
a contact +16452 +17181 55 2 1
a contact +16452 +17181 2 55 1
a contact +22518 +23282 55 2 1
a contact +22518 +23282 2 55 1
a contact +28570 +29289 55 2 1
a contact +28570 +29289 2 55 1
a contact +34611 +35200 55 2 1
a contact +34611 +35200 2 55 1
a contact +40640 +41034 55 2 1
a contact +40640 +41034 2 55 1
a contact +46620 +46857 55 2 1
a contact +46620 +46857 2 55 1
a contact +52466 +52807 55 2 1
a contact +52466 +52807 2 55 1
a contact +58285 +58830 55 2 1
a contact +58285 +58830 2 55 1
a contact +64171 +64868 55 2 1
a contact +64171 +64868 2 55 1
a contact +70151 +70917 55 2 1
a contact +70151 +70917 2 55 1
a contact +76227 +76978 55 2 1
a contact +76227 +76978 2 55 1
a contact +82383 +83061 55 2 1
a contact +82383 +83061 2 55 1
a contact +88571 +89187 55 2 1
a contact +88571 +89187 2 55 1
a contact +94728 +95362 55 2 1
a contact +94728 +95362 2 55 1
a contact +100834 +101543 55 2 1
a contact +100834 +101543 2 55 1
a contact +106907 +107667 55 2 1
a contact +106907 +107667 2 55 1
a contact +112962 +113703 55 2 1
a contact +112962 +113703 2 55 1
a contact +119006 +119642 55 2 1
a contact +119006 +119642 2 55 1
a contact +125040 +125494 55 2 1
a contact +125040 +125494 2 55 1
a contact +131043 +131307 55 2 1
a contact +131043 +131307 2 55 1
a contact +136928 +137215 55 2 1
a contact +136928 +137215 2 55 1
a contact +142739 +143227 55 2 1
a contact +142739 +143227 2 55 1
a contact +148601 +149262 55 2 1
a contact +148601 +149262 2 55 1
a contact +154553 +155308 55 2 1
a contact +154553 +155308 2 55 1
a contact +160602 +161364 55 2 1
a contact +160602 +161364 2 55 1
a contact +166737 +167439 55 2 1
a contact +166737 +167439 2 55 1
a contact +172922 +173551 55 2 1
a contact +172922 +173551 2 55 1
a contact +179094 +179713 55 2 1
a contact +179094 +179713 2 55 1
a contact +185214 +185899 55 2 1
a contact +185214 +185899 2 55 1
a contact +191294 +192045 55 2 1
a contact +191294 +192045 2 55 1
a contact +197353 +198108 55 2 1
a contact +197353 +198108 2 55 1
a contact +203400 +204075 55 2 1
a contact +203400 +204075 2 55 1
a contact +209437 +209951 55 2 1
a contact +209437 +209951 2 55 1
a contact +215455 +215766 55 2 1
a contact +215455 +215766 2 55 1
a contact +221383 +221631 55 2 1
a contact +221383 +221631 2 55 1
a contact +227198 +227625 55 2 1
a contact +227198 +227625 2 55 1
a contact +233039 +233656 55 2 1
a contact +233039 +233656 2 55 1
a contact +238963 +239699 55 2 1
a contact +238963 +239699 2 55 1
a contact +244983 +245752 55 2 1
a contact +244983 +245752 2 55 1
a contact +251096 +251820 55 2 1
a contact +251096 +251820 2 55 1
a contact +257272 +257919 55 2 1
a contact +257272 +257919 2 55 1
a contact +263454 +264067 55 2 1
a contact +263454 +264067 2 55 1
a contact +269590 +270252 55 2 1
a contact +269590 +270252 2 55 1
a contact +275679 +276416 55 2 1
a contact +275679 +276416 2 55 1
a contact +281743 +282505 55 2 1
a contact +281743 +282505 2 55 1
a contact +287793 +288501 55 2 1
a contact +287793 +288501 2 55 1
a contact +293833 +294402 55 2 1
a contact +293833 +294402 2 55 1
a contact +299860 +300229 55 2 1
a contact +299860 +300229 2 55 1
a contact +305827 +306061 55 2 1
a contact +305827 +306061 2 55 1
a contact +311660 +312026 55 2 1
a contact +311660 +312026 2 55 1
a contact +317484 +318052 55 2 1
a contact +317484 +318052 2 55 1
a contact +323382 +324092 55 2 1
a contact +323382 +324092 2 55 1
a contact +329373 +330141 55 2 1
a contact +329373 +330141 2 55 1
a contact +335460 +336204 55 2 1
a contact +335460 +336204 2 55 1
a contact +341623 +342292 55 2 1
a contact +341623 +342292 2 55 1
a contact +347810 +348424 55 2 1
a contact +347810 +348424 2 55 1
a contact +353961 +354603 55 2 1
a contact +353961 +354603 2 55 1
a contact +360062 +360780 55 2 1
a contact +360062 +360780 2 55 1
a contact +366132 +366894 55 2 1
a contact +366132 +366894 2 55 1
a contact +372185 +372918 55 2 1
a contact +372185 +372918 2 55 1
a contact +378229 +378846 55 2 1
a contact +378229 +378846 2 55 1
a contact +384260 +384690 55 2 1
a contact +384260 +384690 2 55 1
a contact +390256 +390505 55 2 1
a contact +390256 +390505 2 55 1
a contact +396123 +396431 55 2 1
a contact +396123 +396431 2 55 1
a contact +401936 +402448 55 2 1
a contact +401936 +402448 2 55 1
a contact +407808 +408485 55 2 1
a contact +407808 +408485 2 55 1
a contact +413772 +414532 55 2 1
a contact +413772 +414532 2 55 1
a contact +419832 +420590 55 2 1
a contact +419832 +420590 2 55 1
a contact +425976 +426668 55 2 1
a contact +425976 +426668 2 55 1
a contact +432163 +432785 55 2 1
a contact +432163 +432785 2 55 1
a contact +438329 +438954 55 2 1
a contact +438329 +438954 2 55 1
a contact +444443 +445138 55 2 1
a contact +444443 +445138 2 55 1
a contact +450520 +451275 55 2 1
a contact +450520 +451275 2 55 1
a contact +456577 +457327 55 2 1
a contact +456577 +457327 2 55 1
a contact +462623 +463283 55 2 1
a contact +462623 +463283 2 55 1
a contact +468659 +469149 55 2 1
a contact +468659 +469149 2 55 1
a contact +474671 +474962 55 2 1
a contact +474671 +474962 2 55 1
a contact +480582 +480844 55 2 1
a contact +480582 +480844 2 55 1
a contact +486393 +486846 55 2 1
a contact +486393 +486846 2 55 1
a contact +492243 +492879 55 2 1
a contact +492243 +492879 2 55 1
a contact +498178 +498923 55 2 1
a contact +498178 +498923 2 55 1
a contact +504210 +504977 55 2 1
a contact +504210 +504977 2 55 1
a contact +510332 +511048 55 2 1
a contact +510332 +511048 2 55 1
a contact +516513 +517152 55 2 1
a contact +516513 +517152 2 55 1
a contact +522691 +523306 55 2 1
a contact +522691 +523306 2 55 1
a contact +528820 +529492 55 2 1
a contact +528820 +529492 2 55 1
a contact +534906 +535649 55 2 1
a contact +534906 +535649 2 55 1
a contact +540968 +541728 55 2 1
a contact +540968 +541728 2 55 1
a contact +547016 +547712 55 2 1
a contact +547016 +547712 2 55 1
a contact +553055 +553602 55 2 1
a contact +553055 +553602 2 55 1
a contact +559078 +559423 55 2 1
a contact +559078 +559423 2 55 1
a contact +565031 +565267 55 2 1
a contact +565031 +565267 2 55 1
a contact +570855 +571246 55 2 1
a contact +570855 +571246 2 55 1
a contact +576685 +577274 55 2 1
a contact +576685 +577274 2 55 1
a contact +582593 +583315 55 2 1
a contact +582593 +583315 2 55 1
a contact +588597 +589366 55 2 1
a contact +588597 +589366 2 55 1
a contact +594695 +595431 55 2 1
a contact +594695 +595431 2 55 1
a contact +600863 +601523 55 2 1
a contact +600863 +601523 2 55 1
a contact +3657 +4270 56 2 1
a contact +3657 +4270 2 56 1
a contact +9804 +10451 56 2 1
a contact +9804 +10451 2 56 1
a contact +15902 +16625 56 2 1
a contact +15902 +16625 2 56 1
a contact +21970 +22733 56 2 1
a contact +21970 +22733 2 56 1
a contact +28022 +28749 56 2 1
a contact +28022 +28749 2 56 1
a contact +34064 +34669 56 2 1
a contact +34064 +34669 2 56 1
a contact +40095 +40508 56 2 1
a contact +40095 +40508 2 56 1
a contact +46084 +46326 56 2 1
a contact +46084 +46326 2 56 1
a contact +51940 +52264 56 2 1
a contact +51940 +52264 2 56 1
a contact +57756 +58283 56 2 1
a contact +57756 +58283 2 56 1
a contact +63634 +64321 56 2 1
a contact +63634 +64321 2 56 1
a contact +69606 +70369 56 2 1
a contact +69606 +70369 2 56 1
a contact +75673 +76428 56 2 1
a contact +75673 +76428 2 56 1
a contact +81823 +82509 56 2 1
a contact +81823 +82509 2 56 1
a contact +88011 +88630 56 2 1
a contact +88011 +88630 2 56 1
a contact +94173 +94802 56 2 1
a contact +94173 +94802 2 56 1
a contact +100283 +100985 56 2 1
a contact +100283 +100985 2 56 1
a contact +106358 +107116 56 2 1
a contact +106358 +107116 2 56 1
a contact +112414 +113160 56 2 1
a contact +112414 +113160 2 56 1
a contact +118459 +119108 56 2 1
a contact +118459 +119108 2 56 1
a contact +124494 +124967 56 2 1
a contact +124494 +124967 2 56 1
a contact +130502 +130780 56 2 1
a contact +130502 +130780 2 56 1
a contact +136400 +136674 56 2 1
a contact +136400 +136674 2 56 1
a contact +142212 +142681 56 2 1
a contact +142212 +142681 2 56 1
a contact +148067 +148715 56 2 1
a contact +148067 +148715 2 56 1
a contact +154010 +154760 56 2 1
a contact +154010 +154760 2 56 1
a contact +160050 +160815 56 2 1
a contact +160050 +160815 2 56 1
a contact +166178 +166888 56 2 1
a contact +166178 +166888 2 56 1
a contact +172362 +172995 56 2 1
a contact +172362 +172995 2 56 1
a contact +178537 +179153 56 2 1
a contact +178537 +179153 2 56 1
a contact +184661 +185340 56 2 1
a contact +184661 +185340 2 56 1
a contact +190744 +191491 56 2 1
a contact +190744 +191491 2 56 1
a contact +196805 +197563 56 2 1
a contact +196805 +197563 2 56 1
a contact +202853 +203539 56 2 1
a contact +202853 +203539 2 56 1
a contact +208891 +209422 56 2 1
a contact +208891 +209422 2 56 1
a contact +214912 +215240 56 2 1
a contact +214912 +215240 2 56 1
a contact +220853 +221094 56 2 1
a contact +220853 +221094 2 56 1
a contact +226672 +227080 56 2 1
a contact +226672 +227080 2 56 1
a contact +232507 +233110 56 2 1
a contact +232507 +233110 2 56 1
a contact +238423 +239152 56 2 1
a contact +238423 +239152 2 56 1
a contact +244434 +245203 56 2 1
a contact +244434 +245203 2 56 1
a contact +250539 +251270 56 2 1
a contact +250539 +251270 2 56 1
a contact +256712 +257365 56 2 1
a contact +256712 +257365 2 56 1
a contact +262896 +263508 56 2 1
a contact +262896 +263508 2 56 1
a contact +269036 +269692 56 2 1
a contact +269036 +269692 2 56 1
a contact +275129 +275860 56 2 1
a contact +275129 +275860 2 56 1
a contact +281195 +281958 56 2 1
a contact +281195 +281958 2 56 1
a contact +287246 +287962 56 2 1
a contact +287246 +287962 2 56 1
a contact +293287 +293871 56 2 1
a contact +293287 +293871 2 56 1
a contact +299315 +299703 56 2 1
a contact +299315 +299703 2 56 1
a contact +305292 +305528 56 2 1
a contact +305292 +305528 2 56 1
a contact +311134 +311482 56 2 1
a contact +311134 +311482 2 56 1
a contact +316955 +317505 56 2 1
a contact +316955 +317505 2 56 1
a contact +322844 +323544 56 2 1
a contact +322844 +323544 2 56 1
a contact +328827 +329593 56 2 1
a contact +328827 +329593 2 56 1
a contact +334905 +335654 56 2 1
a contact +334905 +335654 2 56 1
a contact +341063 +341739 56 2 1
a contact +341063 +341739 2 56 1
a contact +347251 +347866 56 2 1
a contact +347251 +347866 2 56 1
a contact +353407 +354042 56 2 1
a contact +353407 +354042 2 56 1
a contact +359511 +360222 56 2 1
a contact +359511 +360222 2 56 1
a contact +365583 +366344 56 2 1
a contact +365583 +366344 2 56 1
a contact +371638 +372377 56 2 1
a contact +371638 +372377 2 56 1
a contact +377682 +378313 56 2 1
a contact +377682 +378313 2 56 1
a contact +383715 +384163 56 2 1
a contact +383715 +384163 2 56 1
a contact +389716 +389977 56 2 1
a contact +389716 +389977 2 56 1
a contact +395596 +395889 56 2 1
a contact +395596 +395889 2 56 1
a contact +401408 +401902 56 2 1
a contact +401408 +401902 2 56 1
a contact +407273 +407938 56 2 1
a contact +407273 +407938 2 56 1
a contact +413227 +413984 56 2 1
a contact +413227 +413984 2 56 1
a contact +419279 +420040 56 2 1
a contact +419279 +420040 2 56 1
a contact +425417 +426117 56 2 1
a contact +425417 +426117 2 56 1
a contact +431602 +432229 56 2 1
a contact +431602 +432229 2 56 1
a contact +437772 +438393 56 2 1
a contact +437772 +438393 2 56 1
a contact +443891 +444579 56 2 1
a contact +443891 +444579 2 56 1
a contact +449970 +450723 56 2 1
a contact +449970 +450723 2 56 1
a contact +456029 +456783 56 2 1
a contact +456029 +456783 2 56 1
a contact +462076 +462747 56 2 1
a contact +462076 +462747 2 56 1
a contact +468113 +468620 56 2 1
a contact +468113 +468620 2 56 1
a contact +474129 +474435 56 2 1
a contact +474129 +474435 2 56 1
a contact +480053 +480304 56 2 1
a contact +480053 +480304 2 56 1
a contact +485867 +486300 56 2 1
a contact +485867 +486300 2 56 1
a contact +491710 +492332 56 2 1
a contact +491710 +492332 2 56 1
a contact +497637 +498375 56 2 1
a contact +497637 +498375 2 56 1
a contact +503660 +504428 56 2 1
a contact +503660 +504428 2 56 1
a contact +509775 +510497 56 2 1
a contact +509775 +510497 2 56 1
a contact +515953 +516597 56 2 1
a contact +515953 +516597 2 56 1
a contact +522133 +522747 56 2 1
a contact +522133 +522747 2 56 1
a contact +528267 +528932 56 2 1
a contact +528267 +528932 2 56 1
a contact +534356 +535094 56 2 1
a contact +534356 +535094 2 56 1
a contact +540419 +541181 56 2 1
a contact +540419 +541181 2 56 1
a contact +546469 +547174 56 2 1
a contact +546469 +547174 2 56 1
a contact +552509 +553072 56 2 1
a contact +552509 +553072 2 56 1
a contact +558534 +558897 56 2 1
a contact +558534 +558897 2 56 1
a contact +564498 +564732 56 2 1
a contact +564498 +564732 2 56 1
a contact +570329 +570701 56 2 1
a contact +570329 +570701 2 56 1
a contact +576155 +576727 56 2 1
a contact +576155 +576727 2 56 1
a contact +582054 +582768 56 2 1
a contact +582054 +582768 2 56 1
a contact +588049 +588817 56 2 1
a contact +588049 +588817 2 56 1
a contact +594139 +594881 56 2 1
a contact +594139 +594881 2 56 1
a contact +600303 +600969 56 2 1
a contact +600303 +600969 2 56 1
a contact +3097 +3711 57 2 1
a contact +3097 +3711 2 57 1
a contact +9249 +9890 57 2 1
a contact +9249 +9890 2 57 1
a contact +15350 +16067 57 2 1
a contact +15350 +16067 2 57 1
a contact +21420 +22182 57 2 1
a contact +21420 +22182 2 57 1
a contact +27474 +28207 57 2 1
a contact +27474 +28207 2 57 1
a contact +33517 +34136 57 2 1
a contact +33517 +34136 2 57 1
a contact +39549 +39981 57 2 1
a contact +39549 +39981 2 57 1
a contact +45545 +45796 57 2 1
a contact +45545 +45796 2 57 1
a contact +51413 +51720 57 2 1
a contact +51413 +51720 2 57 1
a contact +57226 +57736 57 2 1
a contact +57226 +57736 2 57 1
a contact +63098 +63773 57 2 1
a contact +63098 +63773 2 57 1
a contact +69060 +69820 57 2 1
a contact +69060 +69820 2 57 1
a contact +75119 +75878 57 2 1
a contact +75119 +75878 2 57 1
a contact +81263 +81956 57 2 1
a contact +81263 +81956 2 57 1
a contact +87450 +88073 57 2 1
a contact +87450 +88073 2 57 1
a contact +93616 +94241 57 2 1
a contact +93616 +94241 2 57 1
a contact +99731 +100425 57 2 1
a contact +99731 +100425 2 57 1
a contact +105808 +106563 57 2 1
a contact +105808 +106563 2 57 1
a contact +111865 +112616 57 2 1
a contact +111865 +112616 2 57 1
a contact +117911 +118572 57 2 1
a contact +117911 +118572 2 57 1
a contact +123947 +124439 57 2 1
a contact +123947 +124439 2 57 1
a contact +129960 +130252 57 2 1
a contact +129960 +130252 2 57 1
a contact +135872 +136133 57 2 1
a contact +135872 +136133 2 57 1
a contact +141684 +142134 57 2 1
a contact +141684 +142134 2 57 1
a contact +147533 +148167 57 2 1
a contact +147533 +148167 2 57 1
a contact +153467 +154211 57 2 1
a contact +153467 +154211 2 57 1
a contact +159498 +160265 57 2 1
a contact +159498 +160265 2 57 1
a contact +165620 +166336 57 2 1
a contact +165620 +166336 2 57 1
a contact +171800 +172439 57 2 1
a contact +171800 +172439 2 57 1
a contact +177979 +178593 57 2 1
a contact +177979 +178593 2 57 1
a contact +184108 +184779 57 2 1
a contact +184108 +184779 2 57 1
a contact +190194 +190937 57 2 1
a contact +190194 +190937 2 57 1
a contact +196256 +197016 57 2 1
a contact +196256 +197016 2 57 1
a contact +202305 +203001 57 2 1
a contact +202305 +203001 2 57 1
a contact +208344 +208892 57 2 1
a contact +208344 +208892 2 57 1
a contact +214367 +214714 57 2 1
a contact +214367 +214714 2 57 1
a contact +220321 +220557 57 2 1
a contact +220321 +220557 2 57 1
a contact +226145 +226534 57 2 1
a contact +226145 +226534 2 57 1
a contact +231975 +232562 57 2 1
a contact +231975 +232562 2 57 1
a contact +237882 +238603 57 2 1
a contact +237882 +238603 2 57 1
a contact +243885 +244654 57 2 1
a contact +243885 +244654 2 57 1
a contact +249982 +250719 57 2 1
a contact +249982 +250719 2 57 1
a contact +256150 +256811 57 2 1
a contact +256150 +256811 2 57 1
a contact +262336 +262949 57 2 1
a contact +262336 +262949 2 57 1
a contact +268482 +269131 57 2 1
a contact +268482 +269131 2 57 1
a contact +274578 +275303 57 2 1
a contact +274578 +275303 2 57 1
a contact +280645 +281408 57 2 1
a contact +280645 +281408 2 57 1
a contact +286697 +287422 57 2 1
a contact +286697 +287422 2 57 1
a contact +292739 +293339 57 2 1
a contact +292739 +293339 2 57 1
a contact +298769 +299176 57 2 1
a contact +298769 +299176 2 57 1
a contact +304755 +304996 57 2 1
a contact +304755 +304996 2 57 1
a contact +310608 +310938 57 2 1
a contact +310608 +310938 2 57 1
a contact +316425 +316958 57 2 1
a contact +316425 +316958 2 57 1
a contact +322306 +322996 57 2 1
a contact +322306 +322996 2 57 1
a contact +328280 +329044 57 2 1
a contact +328280 +329044 2 57 1
a contact +334351 +335104 57 2 1
a contact +334351 +335104 2 57 1
a contact +340502 +341186 57 2 1
a contact +340502 +341186 2 57 1
a contact +346690 +347308 57 2 1
a contact +346690 +347308 2 57 1
a contact +352851 +353481 57 2 1
a contact +352851 +353481 2 57 1
a contact +358960 +359663 57 2 1
a contact +358960 +359663 2 57 1
a contact +365034 +365792 57 2 1
a contact +365034 +365792 2 57 1
a contact +371089 +371834 57 2 1
a contact +371089 +371834 2 57 1
a contact +377134 +377778 57 2 1
a contact +377134 +377778 2 57 1
a contact +383168 +383636 57 2 1
a contact +383168 +383636 2 57 1
a contact +389175 +389448 57 2 1
a contact +389175 +389448 2 57 1
a contact +395069 +395347 57 2 1
a contact +395069 +395347 2 57 1
a contact +400880 +401355 57 2 1
a contact +400880 +401355 2 57 1
a contact +406738 +407390 57 2 1
a contact +406738 +407390 2 57 1
a contact +412684 +413435 57 2 1
a contact +412684 +413435 2 57 1
a contact +418726 +419491 57 2 1
a contact +418726 +419491 2 57 1
a contact +424857 +425564 57 2 1
a contact +424857 +425564 2 57 1
a contact +431041 +431673 57 2 1
a contact +431041 +431673 2 57 1
a contact +437215 +437833 57 2 1
a contact +437215 +437833 2 57 1
a contact +443338 +444019 57 2 1
a contact +443338 +444019 2 57 1
a contact +449420 +450169 57 2 1
a contact +449420 +450169 2 57 1
a contact +455480 +456238 57 2 1
a contact +455480 +456238 2 57 1
a contact +461528 +462210 57 2 1
a contact +461528 +462210 2 57 1
a contact +467566 +468091 57 2 1
a contact +467566 +468091 2 57 1
a contact +473585 +473908 57 2 1
a contact +473585 +473908 2 57 1
a contact +479523 +479765 57 2 1
a contact +479523 +479765 2 57 1
a contact +485340 +485754 57 2 1
a contact +485340 +485754 2 57 1
a contact +491177 +491785 57 2 1
a contact +491177 +491785 2 57 1
a contact +497095 +497827 57 2 1
a contact +497095 +497827 2 57 1
a contact +503110 +503879 57 2 1
a contact +503110 +503879 2 57 1
a contact +509217 +509946 57 2 1
a contact +509217 +509946 2 57 1
a contact +515391 +516042 57 2 1
a contact +515391 +516042 2 57 1
a contact +521575 +522187 57 2 1
a contact +521575 +522187 2 57 1
a contact +527713 +528371 57 2 1
a contact +527713 +528371 2 57 1
a contact +533805 +534538 57 2 1
a contact +533805 +534538 2 57 1
a contact +539870 +540633 57 2 1
a contact +539870 +540633 2 57 1
a contact +545921 +546634 57 2 1
a contact +545921 +546634 2 57 1
a contact +551962 +552541 57 2 1
a contact +551962 +552541 2 57 1
a contact +557989 +558371 57 2 1
a contact +557989 +558371 2 57 1
a contact +563963 +564198 57 2 1
a contact +563963 +564198 2 57 1
a contact +569802 +570156 57 2 1
a contact +569802 +570156 2 57 1
a contact +575624 +576180 57 2 1
a contact +575624 +576180 2 57 1
a contact +581516 +582219 57 2 1
a contact +581516 +582219 2 57 1
a contact +587502 +588268 57 2 1
a contact +587502 +588268 2 57 1
a contact +593583 +594330 57 2 1
a contact +593583 +594330 2 57 1
a contact +599742 +600416 57 2 1
a contact +599742 +600416 2 57 1
a contact +2536 +3152 58 2 1
a contact +2536 +3152 2 58 1
a contact +8692 +9328 58 2 1
a contact +8692 +9328 2 58 1
a contact +14798 +15508 58 2 1
a contact +14798 +15508 2 58 1
a contact +20870 +21630 58 2 1
a contact +20870 +21630 2 58 1
a contact +26924 +27664 58 2 1
a contact +26924 +27664 2 58 1
a contact +32968 +33601 58 2 1
a contact +32968 +33601 2 58 1
a contact +39002 +39452 58 2 1
a contact +39002 +39452 2 58 1
a contact +45004 +45265 58 2 1
a contact +45004 +45265 2 58 1
a contact +50885 +51176 58 2 1
a contact +50885 +51176 2 58 1
a contact +56697 +57189 58 2 1
a contact +56697 +57189 2 58 1
a contact +62561 +63224 58 2 1
a contact +62561 +63224 2 58 1
a contact +68514 +69270 58 2 1
a contact +68514 +69270 2 58 1
a contact +74565 +75327 58 2 1
a contact +74565 +75327 2 58 1
a contact +80702 +81403 58 2 1
a contact +80702 +81403 2 58 1
a contact +86888 +87515 58 2 1
a contact +86888 +87515 2 58 1
a contact +93058 +93679 58 2 1
a contact +93058 +93679 2 58 1
a contact +99177 +99864 58 2 1
a contact +99177 +99864 2 58 1
a contact +105257 +106009 58 2 1
a contact +105257 +106009 2 58 1
a contact +111315 +112070 58 2 1
a contact +111315 +112070 2 58 1
a contact +117362 +118035 58 2 1
a contact +117362 +118035 2 58 1
a contact +123399 +123909 58 2 1
a contact +123399 +123909 2 58 1
a contact +129416 +129724 58 2 1
a contact +129416 +129724 2 58 1
a contact +135341 +135592 58 2 1
a contact +135341 +135592 2 58 1
a contact +141156 +141587 58 2 1
a contact +141156 +141587 2 58 1
a contact +146998 +147619 58 2 1
a contact +146998 +147619 2 58 1
a contact +152924 +153662 58 2 1
a contact +152924 +153662 2 58 1
a contact +158946 +159715 58 2 1
a contact +158946 +159715 2 58 1
a contact +165060 +165784 58 2 1
a contact +165060 +165784 2 58 1
a contact +171238 +171883 58 2 1
a contact +171238 +171883 2 58 1
a contact +177419 +178032 58 2 1
a contact +177419 +178032 2 58 1
a contact +183553 +184217 58 2 1
a contact +183553 +184217 2 58 1
a contact +189642 +190380 58 2 1
a contact +189642 +190380 2 58 1
a contact +195706 +196468 58 2 1
a contact +195706 +196468 2 58 1
a contact +201755 +202461 58 2 1
a contact +201755 +202461 2 58 1
a contact +207796 +208360 58 2 1
a contact +207796 +208360 2 58 1
a contact +213821 +214186 58 2 1
a contact +213821 +214186 2 58 1
a contact +219786 +220020 58 2 1
a contact +219786 +220020 2 58 1
a contact +225618 +225988 58 2 1
a contact +225618 +225988 2 58 1
a contact +231443 +232014 58 2 1
a contact +231443 +232014 2 58 1
a contact +237342 +238054 58 2 1
a contact +237342 +238054 2 58 1
a contact +243336 +244104 58 2 1
a contact +243336 +244104 2 58 1
a contact +249425 +250167 58 2 1
a contact +249425 +250167 2 58 1
a contact +255588 +256255 58 2 1
a contact +255588 +256255 2 58 1
a contact +261775 +262389 58 2 1
a contact +261775 +262389 2 58 1
a contact +267925 +268568 58 2 1
a contact +267925 +268568 2 58 1
a contact +274026 +274744 58 2 1
a contact +274026 +274744 2 58 1
a contact +280095 +280857 58 2 1
a contact +280095 +280857 2 58 1
a contact +286148 +286879 58 2 1
a contact +286148 +286879 2 58 1
a contact +292191 +292805 58 2 1
a contact +292191 +292805 2 58 1
a contact +298222 +298648 58 2 1
a contact +298222 +298648 2 58 1
a contact +304216 +304464 58 2 1
a contact +304216 +304464 2 58 1
a contact +310080 +310393 58 2 1
a contact +310080 +310393 2 58 1
a contact +315894 +316410 58 2 1
a contact +315894 +316410 2 58 1
a contact +321768 +322447 58 2 1
a contact +321768 +322447 2 58 1
a contact +327733 +328494 58 2 1
a contact +327733 +328494 2 58 1
a contact +333795 +334553 58 2 1
a contact +333795 +334553 2 58 1
a contact +339941 +340632 58 2 1
a contact +339941 +340632 2 58 1
a contact +346128 +346750 58 2 1
a contact +346128 +346750 2 58 1
a contact +352293 +352919 58 2 1
a contact +352293 +352919 2 58 1
a contact +358406 +359103 58 2 1
a contact +358406 +359103 2 58 1
a contact +364483 +365239 58 2 1
a contact +364483 +365239 2 58 1
a contact +370540 +371289 58 2 1
a contact +370540 +371289 2 58 1
a contact +376585 +377242 58 2 1
a contact +376585 +377242 2 58 1
a contact +382621 +383106 58 2 1
a contact +382621 +383106 2 58 1
a contact +388632 +388919 58 2 1
a contact +388632 +388919 2 58 1
a contact +394540 +394804 58 2 1
a contact +394540 +394804 2 58 1
a contact +400351 +400808 58 2 1
a contact +400351 +400808 2 58 1
a contact +406202 +406841 58 2 1
a contact +406202 +406841 2 58 1
a contact +412139 +412885 58 2 1
a contact +412139 +412885 2 58 1
a contact +418173 +418940 58 2 1
a contact +418173 +418940 2 58 1
a contact +424297 +425011 58 2 1
a contact +424297 +425011 2 58 1
a contact +430479 +431116 58 2 1
a contact +430479 +431116 2 58 1
a contact +436656 +437271 58 2 1
a contact +436656 +437271 2 58 1
a contact +442784 +443458 58 2 1
a contact +442784 +443458 2 58 1
a contact +448869 +449613 58 2 1
a contact +448869 +449613 2 58 1
a contact +454930 +455690 58 2 1
a contact +454930 +455690 2 58 1
a contact +460979 +461672 58 2 1
a contact +460979 +461672 2 58 1
a contact +467018 +467560 58 2 1
a contact +467018 +467560 2 58 1
a contact +473040 +473381 58 2 1
a contact +473040 +473381 2 58 1
a contact +478990 +479227 58 2 1
a contact +478990 +479227 2 58 1
a contact +484812 +485207 58 2 1
a contact +484812 +485207 2 58 1
a contact +490644 +491236 58 2 1
a contact +490644 +491236 2 58 1
a contact +496554 +497277 58 2 1
a contact +496554 +497277 2 58 1
a contact +502559 +503328 58 2 1
a contact +502559 +503328 2 58 1
a contact +508659 +509394 58 2 1
a contact +508659 +509394 2 58 1
a contact +514829 +515487 58 2 1
a contact +514829 +515487 2 58 1
a contact +521014 +521626 58 2 1
a contact +521014 +521626 2 58 1
a contact +527158 +527809 58 2 1
a contact +527158 +527809 2 58 1
a contact +533253 +533980 58 2 1
a contact +533253 +533980 2 58 1
a contact +539320 +540083 58 2 1
a contact +539320 +540083 2 58 1
a contact +545371 +546093 58 2 1
a contact +545371 +546093 2 58 1
a contact +551413 +552008 58 2 1
a contact +551413 +552008 2 58 1
a contact +557443 +557843 58 2 1
a contact +557443 +557843 2 58 1
a contact +563426 +563664 58 2 1
a contact +563426 +563664 2 58 1
a contact +569275 +569610 58 2 1
a contact +569275 +569610 2 58 1
a contact +575093 +575632 58 2 1
a contact +575093 +575632 2 58 1
a contact +580977 +581670 58 2 1
a contact +580977 +581670 2 58 1
a contact +586954 +587718 58 2 1
a contact +586954 +587718 2 58 1
a contact +593027 +593779 58 2 1
a contact +593027 +593779 2 58 1
a contact +599180 +599861 58 2 1
a contact +599180 +599861 2 58 1
a contact +1973 +2592 59 2 1
a contact +1973 +2592 2 59 1
a contact +8134 +8764 59 2 1
a contact +8134 +8764 2 59 1
a contact +14243 +14946 59 2 1
a contact +14243 +14946 2 59 1
a contact +20318 +21076 59 2 1
a contact +20318 +21076 2 59 1
a contact +26373 +27119 59 2 1
a contact +26373 +27119 2 59 1
a contact +32418 +33064 59 2 1
a contact +32418 +33064 2 59 1
a contact +38453 +38922 59 2 1
a contact +38453 +38922 2 59 1
a contact +44460 +44734 59 2 1
a contact +44460 +44734 2 59 1
a contact +50355 +50632 59 2 1
a contact +50355 +50632 2 59 1
a contact +56166 +56640 59 2 1
a contact +56166 +56640 2 59 1
a contact +62023 +62674 59 2 1
a contact +62023 +62674 2 59 1
a contact +67968 +68719 59 2 1
a contact +67968 +68719 2 59 1
a contact +74010 +74775 59 2 1
a contact +74010 +74775 2 59 1
a contact +80140 +80848 59 2 1
a contact +80140 +80848 2 59 1
a contact +86324 +86956 59 2 1
a contact +86324 +86956 2 59 1
a contact +92498 +93116 59 2 1
a contact +92498 +93116 2 59 1
a contact +98622 +99302 59 2 1
a contact +98622 +99302 2 59 1
a contact +104704 +105452 59 2 1
a contact +104704 +105452 2 59 1
a contact +110764 +111522 59 2 1
a contact +110764 +111522 2 59 1
a contact +116812 +117496 59 2 1
a contact +116812 +117496 2 59 1
a contact +122850 +123377 59 2 1
a contact +122850 +123377 2 59 1
a contact +128870 +129195 59 2 1
a contact +128870 +129195 2 59 1
a contact +134809 +135051 59 2 1
a contact +134809 +135051 2 59 1
a contact +140626 +141039 59 2 1
a contact +140626 +141039 2 59 1
a contact +146463 +147069 59 2 1
a contact +146463 +147069 2 59 1
a contact +152380 +153111 59 2 1
a contact +152380 +153111 2 59 1
a contact +158394 +159163 59 2 1
a contact +158394 +159163 2 59 1
a contact +164500 +165230 59 2 1
a contact +164500 +165230 2 59 1
a contact +170674 +171326 59 2 1
a contact +170674 +171326 2 59 1
a contact +176858 +177470 59 2 1
a contact +176858 +177470 2 59 1
a contact +182997 +183654 59 2 1
a contact +182997 +183654 2 59 1
a contact +189089 +189821 59 2 1
a contact +189089 +189821 2 59 1
a contact +195154 +195917 59 2 1
a contact +195154 +195917 2 59 1
a contact +201205 +201920 59 2 1
a contact +201205 +201920 2 59 1
a contact +207246 +207827 59 2 1
a contact +207246 +207827 2 59 1
a contact +213274 +213657 59 2 1
a contact +213274 +213657 2 59 1
a contact +219249 +219484 59 2 1
a contact +219249 +219484 2 59 1
a contact +225089 +225441 59 2 1
a contact +225089 +225441 2 59 1
a contact +230910 +231464 59 2 1
a contact +230910 +231464 2 59 1
a contact +236801 +237504 59 2 1
a contact +236801 +237504 2 59 1
a contact +242786 +243552 59 2 1
a contact +242786 +243552 2 59 1
a contact +248867 +249614 59 2 1
a contact +248867 +249614 2 59 1
a contact +255025 +255699 59 2 1
a contact +255025 +255699 2 59 1
a contact +261213 +261828 59 2 1
a contact +261213 +261828 2 59 1
a contact +267368 +268005 59 2 1
a contact +267368 +268005 2 59 1
a contact +273472 +274184 59 2 1
a contact +273472 +274184 2 59 1
a contact +279543 +280304 59 2 1
a contact +279543 +280304 2 59 1
a contact +285597 +286335 59 2 1
a contact +285597 +286335 2 59 1
a contact +291641 +292269 59 2 1
a contact +291641 +292269 2 59 1
a contact +297674 +298118 59 2 1
a contact +297674 +298118 2 59 1
a contact +303674 +303932 59 2 1
a contact +303674 +303932 2 59 1
a contact +309551 +309847 59 2 1
a contact +309551 +309847 2 59 1
a contact +315363 +315861 59 2 1
a contact +315363 +315861 2 59 1
a contact +321230 +321897 59 2 1
a contact +321230 +321897 2 59 1
a contact +327186 +327943 59 2 1
a contact +327186 +327943 2 59 1
a contact +333240 +334000 59 2 1
a contact +333240 +334000 2 59 1
a contact +339379 +340077 59 2 1
a contact +339379 +340077 2 59 1
a contact +345565 +346191 59 2 1
a contact +345565 +346191 2 59 1
a contact +351734 +352356 59 2 1
a contact +351734 +352356 2 59 1
a contact +357851 +358541 59 2 1
a contact +357851 +358541 2 59 1
a contact +363930 +364683 59 2 1
a contact +363930 +364683 2 59 1
a contact +369989 +370742 59 2 1
a contact +369989 +370742 2 59 1
a contact +376035 +376704 59 2 1
a contact +376035 +376704 2 59 1
a contact +382072 +382576 59 2 1
a contact +382072 +382576 2 59 1
a contact +388087 +388390 59 2 1
a contact +388087 +388390 2 59 1
a contact +394008 +394262 59 2 1
a contact +394008 +394262 2 59 1
a contact +399822 +400259 59 2 1
a contact +399822 +400259 2 59 1
a contact +405666 +406291 59 2 1
a contact +405666 +406291 2 59 1
a contact +411595 +412335 59 2 1
a contact +411595 +412335 2 59 1
a contact +417620 +418388 59 2 1
a contact +417620 +418388 2 59 1
a contact +423737 +424458 59 2 1
a contact +423737 +424458 2 59 1
a contact +429915 +430558 59 2 1
a contact +429915 +430558 2 59 1
a contact +436095 +436709 59 2 1
a contact +436095 +436709 2 59 1
a contact +442228 +442895 59 2 1
a contact +442228 +442895 2 59 1
a contact +448316 +449055 59 2 1
a contact +448316 +449055 2 59 1
a contact +454379 +455141 59 2 1
a contact +454379 +455141 2 59 1
a contact +460428 +461131 59 2 1
a contact +460428 +461131 2 59 1
a contact +466468 +467027 59 2 1
a contact +466468 +467027 2 59 1
a contact +472493 +472852 59 2 1
a contact +472493 +472852 2 59 1
a contact +478455 +478689 59 2 1
a contact +478455 +478689 2 59 1
a contact +484283 +484660 59 2 1
a contact +484283 +484660 2 59 1
a contact +490110 +490686 59 2 1
a contact +490110 +490686 2 59 1
a contact +496012 +496727 59 2 1
a contact +496012 +496727 2 59 1
a contact +502009 +502777 59 2 1
a contact +502009 +502777 2 59 1
a contact +508100 +508841 59 2 1
a contact +508100 +508841 2 59 1
a contact +514265 +514930 59 2 1
a contact +514265 +514930 2 59 1
a contact +520452 +521065 59 2 1
a contact +520452 +521065 2 59 1
a contact +526601 +527246 59 2 1
a contact +526601 +527246 2 59 1
a contact +532700 +533420 59 2 1
a contact +532700 +533420 2 59 1
a contact +538768 +539531 59 2 1
a contact +538768 +539531 2 59 1
a contact +544821 +545550 59 2 1
a contact +544821 +545550 2 59 1
a contact +550864 +551473 59 2 1
a contact +550864 +551473 2 59 1
a contact +556894 +557314 59 2 1
a contact +556894 +557314 2 59 1
a contact +562886 +563131 59 2 1
a contact +562886 +563131 2 59 1
a contact +568746 +569064 59 2 1
a contact +568746 +569064 2 59 1
a contact +574561 +575083 59 2 1
a contact +574561 +575083 2 59 1
a contact +580437 +581120 59 2 1
a contact +580437 +581120 2 59 1
a contact +586405 +587167 59 2 1
a contact +586405 +587167 2 59 1
a contact +592470 +593226 59 2 1
a contact +592470 +593226 2 59 1
a contact +598618 +599306 59 2 1
a contact +598618 +599306 2 59 1
a contact +1409 +2031 60 2 1
a contact +1409 +2031 2 60 1
a contact +7574 +8200 60 2 1
a contact +7574 +8200 2 60 1
a contact +13688 +14384 60 2 1
a contact +13688 +14384 2 60 1
a contact +19765 +20520 60 2 1
a contact +19765 +20520 2 60 1
a contact +25822 +26571 60 2 1
a contact +25822 +26571 2 60 1
a contact +31867 +32526 60 2 1
a contact +31867 +32526 2 60 1
a contact +37903 +38391 60 2 1
a contact +37903 +38391 2 60 1
a contact +43915 +44204 60 2 1
a contact +43915 +44204 2 60 1
a contact +49824 +50087 60 2 1
a contact +49824 +50087 2 60 1
a contact +55636 +56090 60 2 1
a contact +55636 +56090 2 60 1
a contact +61486 +62123 60 2 1
a contact +61486 +62123 2 60 1
a contact +67422 +68167 60 2 1
a contact +67422 +68167 2 60 1
a contact +73455 +74222 60 2 1
a contact +73455 +74222 2 60 1
a contact +79578 +80293 60 2 1
a contact +79578 +80293 2 60 1
a contact +85759 +86397 60 2 1
a contact +85759 +86397 2 60 1
a contact +91937 +92552 60 2 1
a contact +91937 +92552 2 60 1
a contact +98065 +98738 60 2 1
a contact +98065 +98738 2 60 1
a contact +104151 +104894 60 2 1
a contact +104151 +104894 2 60 1
a contact +110212 +110972 60 2 1
a contact +110212 +110972 2 60 1
a contact +116261 +116955 60 2 1
a contact +116261 +116955 2 60 1
a contact +122300 +122844 60 2 1
a contact +122300 +122844 2 60 1
a contact +128323 +128665 60 2 1
a contact +128323 +128665 2 60 1
a contact +134274 +134510 60 2 1
a contact +134274 +134510 2 60 1
a contact +140097 +140490 60 2 1
a contact +140097 +140490 2 60 1
a contact +145928 +146518 60 2 1
a contact +145928 +146518 2 60 1
a contact +151837 +152560 60 2 1
a contact +151837 +152560 2 60 1
a contact +157841 +158610 60 2 1
a contact +157841 +158610 2 60 1
a contact +163940 +164676 60 2 1
a contact +163940 +164676 2 60 1
a contact +170109 +170768 60 2 1
a contact +170109 +170768 2 60 1
a contact +176295 +176907 60 2 1
a contact +176295 +176907 2 60 1
a contact +182439 +183090 60 2 1
a contact +182439 +183090 2 60 1
a contact +188535 +189261 60 2 1
a contact +188535 +189261 2 60 1
a contact +194602 +195365 60 2 1
a contact +194602 +195365 2 60 1
a contact +200654 +201376 60 2 1
a contact +200654 +201376 2 60 1
a contact +206695 +207291 60 2 1
a contact +206695 +207291 2 60 1
a contact +212725 +213127 60 2 1
a contact +212725 +213127 2 60 1
a contact +218709 +218948 60 2 1
a contact +218709 +218948 2 60 1
a contact +224559 +224893 60 2 1
a contact +224559 +224893 2 60 1
a contact +230377 +230914 60 2 1
a contact +230377 +230914 2 60 1
a contact +236260 +236952 60 2 1
a contact +236260 +236952 2 60 1
a contact +242236 +243000 60 2 1
a contact +242236 +243000 2 60 1
a contact +248308 +249060 60 2 1
a contact +248308 +249060 2 60 1
a contact +254461 +255143 60 2 1
a contact +254461 +255143 2 60 1
a contact +260649 +261267 60 2 1
a contact +260649 +261267 2 60 1
a contact +266809 +267440 60 2 1
a contact +266809 +267440 2 60 1
a contact +272917 +273622 60 2 1
a contact +272917 +273622 2 60 1
a contact +278990 +279750 60 2 1
a contact +278990 +279750 2 60 1
a contact +285045 +285789 60 2 1
a contact +285045 +285789 2 60 1
a contact +291090 +291732 60 2 1
a contact +291090 +291732 2 60 1
a contact +297124 +297587 60 2 1
a contact +297124 +297587 2 60 1
a contact +303130 +303400 60 2 1
a contact +303130 +303400 2 60 1
a contact +309021 +309302 60 2 1
a contact +309021 +309302 2 60 1
a contact +314832 +315311 60 2 1
a contact +314832 +315311 2 60 1
a contact +320691 +321346 60 2 1
a contact +320691 +321346 2 60 1
a contact +326639 +327391 60 2 1
a contact +326639 +327391 2 60 1
a contact +332683 +333447 60 2 1
a contact +332683 +333447 2 60 1
a contact +338816 +339521 60 2 1
a contact +338816 +339521 2 60 1
a contact +345000 +345631 60 2 1
a contact +345000 +345631 2 60 1
a contact +351173 +351792 60 2 1
a contact +351173 +351792 2 60 1
a contact +357295 +357978 60 2 1
a contact +357295 +357978 2 60 1
a contact +363377 +364126 60 2 1
a contact +363377 +364126 2 60 1
a contact +369437 +370193 60 2 1
a contact +369437 +370193 2 60 1
a contact +375484 +376164 60 2 1
a contact +375484 +376164 2 60 1
a contact +381522 +382043 60 2 1
a contact +381522 +382043 2 60 1
a contact +387541 +387860 60 2 1
a contact +387541 +387860 2 60 1
a contact +393475 +393719 60 2 1
a contact +393475 +393719 2 60 1
a contact +399291 +399710 60 2 1
a contact +399291 +399710 2 60 1
a contact +405130 +405741 60 2 1
a contact +405130 +405741 2 60 1
a contact +411050 +411783 60 2 1
a contact +411050 +411783 2 60 1
a contact +417066 +417835 60 2 1
a contact +417066 +417835 2 60 1
a contact +423175 +423903 60 2 1
a contact +423175 +423903 2 60 1
a contact +429350 +430000 60 2 1
a contact +429350 +430000 2 60 1
a contact +435533 +436145 60 2 1
a contact +435533 +436145 2 60 1
a contact +441671 +442330 60 2 1
a contact +441671 +442330 2 60 1
a contact +447762 +448496 60 2 1
a contact +447762 +448496 2 60 1
a contact +453827 +454589 60 2 1
a contact +453827 +454589 2 60 1
a contact +459877 +460589 60 2 1
a contact +459877 +460589 2 60 1
a contact +465918 +466493 60 2 1
a contact +465918 +466493 2 60 1
a contact +471945 +472322 60 2 1
a contact +471945 +472322 2 60 1
a contact +477917 +478151 60 2 1
a contact +477917 +478151 2 60 1
a contact +483754 +484111 60 2 1
a contact +483754 +484111 2 60 1
a contact +489576 +490136 60 2 1
a contact +489576 +490136 2 60 1
a contact +495470 +496176 60 2 1
a contact +495470 +496176 2 60 1
a contact +501457 +502225 60 2 1
a contact +501457 +502225 2 60 1
a contact +507541 +508287 60 2 1
a contact +507541 +508287 2 60 1
a contact +513701 +514373 60 2 1
a contact +513701 +514373 2 60 1
a contact +519889 +520503 60 2 1
a contact +519889 +520503 2 60 1
a contact +526042 +526681 60 2 1
a contact +526042 +526681 2 60 1
a contact +532145 +532859 60 2 1
a contact +532145 +532859 2 60 1
a contact +538215 +538977 60 2 1
a contact +538215 +538977 2 60 1
a contact +544269 +545005 60 2 1
a contact +544269 +545005 2 60 1
a contact +550313 +550936 60 2 1
a contact +550313 +550936 2 60 1
a contact +556345 +556783 60 2 1
a contact +556345 +556783 2 60 1
a contact +562343 +562598 60 2 1
a contact +562343 +562598 2 60 1
a contact +568216 +568517 60 2 1
a contact +568216 +568517 2 60 1
a contact +574029 +574533 60 2 1
a contact +574029 +574533 2 60 1
a contact +579898 +580569 60 2 1
a contact +579898 +580569 2 60 1
a contact +585857 +586615 60 2 1
a contact +585857 +586615 2 60 1
a contact +591913 +592673 60 2 1
a contact +591913 +592673 2 60 1
a contact +598054 +598750 60 2 1
a contact +598054 +598750 2 60 1
a contact +604241 +604800 60 2 1
a contact +604241 +604800 2 60 1
a contact +844 +1470 61 2 1
a contact +844 +1470 2 61 1
a contact +7014 +7635 61 2 1
a contact +7014 +7635 2 61 1
a contact +13132 +13821 61 2 1
a contact +13132 +13821 2 61 1
a contact +19211 +19964 61 2 1
a contact +19211 +19964 2 61 1
a contact +25269 +26023 61 2 1
a contact +25269 +26023 2 61 1
a contact +31316 +31986 61 2 1
a contact +31316 +31986 2 61 1
a contact +37353 +37859 61 2 1
a contact +37353 +37859 2 61 1
a contact +43369 +43673 61 2 1
a contact +43369 +43673 2 61 1
a contact +49291 +49543 61 2 1
a contact +49291 +49543 2 61 1
a contact +55105 +55540 61 2 1
a contact +55105 +55540 2 61 1
a contact +60949 +61572 61 2 1
a contact +60949 +61572 2 61 1
a contact +66876 +67615 61 2 1
a contact +66876 +67615 2 61 1
a contact +72901 +73669 61 2 1
a contact +72901 +73669 2 61 1
a contact +79016 +79738 61 2 1
a contact +79016 +79738 2 61 1
a contact +85194 +85838 61 2 1
a contact +85194 +85838 2 61 1
a contact +91375 +91988 61 2 1
a contact +91375 +91988 2 61 1
a contact +97508 +98174 61 2 1
a contact +97508 +98174 2 61 1
a contact +103596 +104335 61 2 1
a contact +103596 +104335 2 61 1
a contact +109660 +110421 61 2 1
a contact +109660 +110421 2 61 1
a contact +115709 +116413 61 2 1
a contact +115709 +116413 2 61 1
a contact +121749 +122310 61 2 1
a contact +121749 +122310 2 61 1
a contact +127774 +128135 61 2 1
a contact +127774 +128135 2 61 1
a contact +133737 +133971 61 2 1
a contact +133737 +133971 2 61 1
a contact +139567 +139941 61 2 1
a contact +139567 +139941 2 61 1
a contact +145393 +145967 61 2 1
a contact +145393 +145967 2 61 1
a contact +151294 +152008 61 2 1
a contact +151294 +152008 2 61 1
a contact +157289 +158058 61 2 1
a contact +157289 +158058 2 61 1
a contact +163380 +164121 61 2 1
a contact +163380 +164121 2 61 1
a contact +169545 +170210 61 2 1
a contact +169545 +170210 2 61 1
a contact +175732 +176345 61 2 1
a contact +175732 +176345 2 61 1
a contact +181881 +182525 61 2 1
a contact +181881 +182525 2 61 1
a contact +187980 +188700 61 2 1
a contact +187980 +188700 2 61 1
a contact +194049 +194812 61 2 1
a contact +194049 +194812 2 61 1
a contact +200102 +200832 61 2 1
a contact +200102 +200832 2 61 1
a contact +206144 +206755 61 2 1
a contact +206144 +206755 2 61 1
a contact +212176 +212597 61 2 1
a contact +212176 +212597 2 61 1
a contact +218168 +218414 61 2 1
a contact +218168 +218414 2 61 1
a contact +224029 +224345 61 2 1
a contact +224029 +224345 2 61 1
a contact +229844 +230364 61 2 1
a contact +229844 +230364 2 61 1
a contact +235719 +236401 61 2 1
a contact +235719 +236401 2 61 1
a contact +241686 +242448 61 2 1
a contact +241686 +242448 2 61 1
a contact +247750 +248507 61 2 1
a contact +247750 +248507 2 61 1
a contact +253897 +254586 61 2 1
a contact +253897 +254586 2 61 1
a contact +260085 +260706 61 2 1
a contact +260085 +260706 2 61 1
a contact +266249 +266875 61 2 1
a contact +266249 +266875 2 61 1
a contact +272361 +273059 61 2 1
a contact +272361 +273059 2 61 1
a contact +278437 +279194 61 2 1
a contact +278437 +279194 2 61 1
a contact +284493 +285242 61 2 1
a contact +284493 +285242 2 61 1
a contact +290539 +291193 61 2 1
a contact +290539 +291193 2 61 1
a contact +296574 +297056 61 2 1
a contact +296574 +297056 2 61 1
a contact +302585 +302868 61 2 1
a contact +302585 +302868 2 61 1
a contact +308489 +308756 61 2 1
a contact +308489 +308756 2 61 1
a contact +314300 +314761 61 2 1
a contact +314300 +314761 2 61 1
a contact +320153 +320795 61 2 1
a contact +320153 +320795 2 61 1
a contact +326092 +326839 61 2 1
a contact +326092 +326839 2 61 1
a contact +332128 +332894 61 2 1
a contact +332128 +332894 2 61 1
a contact +338253 +338966 61 2 1
a contact +338253 +338966 2 61 1
a contact +344435 +345071 61 2 1
a contact +344435 +345071 2 61 1
a contact +350612 +351227 61 2 1
a contact +350612 +351227 2 61 1
a contact +356739 +357414 61 2 1
a contact +356739 +357414 2 61 1
a contact +362823 +363568 61 2 1
a contact +362823 +363568 2 61 1
a contact +368884 +369644 61 2 1
a contact +368884 +369644 2 61 1
a contact +374932 +375623 61 2 1
a contact +374932 +375623 2 61 1
a contact +380971 +381510 61 2 1
a contact +380971 +381510 2 61 1
a contact +386993 +387330 61 2 1
a contact +386993 +387330 2 61 1
a contact +392940 +393178 61 2 1
a contact +392940 +393178 2 61 1
a contact +398761 +399161 61 2 1
a contact +398761 +399161 2 61 1
a contact +404594 +405190 61 2 1
a contact +404594 +405190 2 61 1
a contact +410506 +411231 61 2 1
a contact +410506 +411231 2 61 1
a contact +416513 +417282 61 2 1
a contact +416513 +417282 2 61 1
a contact +422615 +423348 61 2 1
a contact +422615 +423348 2 61 1
a contact +428785 +429442 61 2 1
a contact +428785 +429442 2 61 1
a contact +434970 +435582 61 2 1
a contact +434970 +435582 2 61 1
a contact +441113 +441766 61 2 1
a contact +441113 +441766 2 61 1
a contact +447207 +447936 61 2 1
a contact +447207 +447936 2 61 1
a contact +453274 +454037 61 2 1
a contact +453274 +454037 2 61 1
a contact +459325 +460045 61 2 1
a contact +459325 +460045 2 61 1
a contact +465367 +465958 61 2 1
a contact +465367 +465958 2 61 1
a contact +471396 +471792 61 2 1
a contact +471396 +471792 2 61 1
a contact +477377 +477615 61 2 1
a contact +477377 +477615 2 61 1
a contact +483224 +483563 61 2 1
a contact +483224 +483563 2 61 1
a contact +489042 +489585 61 2 1
a contact +489042 +489585 2 61 1
a contact +494928 +495624 61 2 1
a contact +494928 +495624 2 61 1
a contact +500907 +501672 61 2 1
a contact +500907 +501672 2 61 1
a contact +506982 +507733 61 2 1
a contact +506982 +507733 2 61 1
a contact +513137 +513816 61 2 1
a contact +513137 +513816 2 61 1
a contact +519325 +519941 61 2 1
a contact +519325 +519941 2 61 1
a contact +525483 +526116 61 2 1
a contact +525483 +526116 2 61 1
a contact +531589 +532297 61 2 1
a contact +531589 +532297 2 61 1
a contact +537662 +538422 61 2 1
a contact +537662 +538422 2 61 1
a contact +543717 +544459 61 2 1
a contact +543717 +544459 2 61 1
a contact +549762 +550399 61 2 1
a contact +549762 +550399 2 61 1
a contact +555795 +556252 61 2 1
a contact +555795 +556252 2 61 1
a contact +561799 +562065 61 2 1
a contact +561799 +562065 2 61 1
a contact +567685 +567971 61 2 1
a contact +567685 +567971 2 61 1
a contact +573497 +573982 61 2 1
a contact +573497 +573982 2 61 1
a contact +579358 +580018 61 2 1
a contact +579358 +580018 2 61 1
a contact +585309 +586063 61 2 1
a contact +585309 +586063 2 61 1
a contact +591357 +592119 61 2 1
a contact +591357 +592119 2 61 1
a contact +597491 +598194 61 2 1
a contact +597491 +598194 2 61 1
a contact +603676 +604305 61 2 1
a contact +603676 +604305 2 61 1
a contact +279 +911 62 2 1
a contact +279 +911 2 62 1
a contact +6453 +7071 62 2 1
a contact +6453 +7071 2 62 1
a contact +12576 +13257 62 2 1
a contact +12576 +13257 2 62 1
a contact +18658 +19406 62 2 1
a contact +18658 +19406 2 62 1
a contact +24717 +25474 62 2 1
a contact +24717 +25474 2 62 1
a contact +30765 +31446 62 2 1
a contact +30765 +31446 2 62 1
a contact +36803 +37326 62 2 1
a contact +36803 +37326 2 62 1
a contact +42822 +43143 62 2 1
a contact +42822 +43143 2 62 1
a contact +48758 +49001 62 2 1
a contact +48758 +49001 2 62 1
a contact +54575 +54991 62 2 1
a contact +54575 +54991 2 62 1
a contact +60413 +61022 62 2 1
a contact +60413 +61022 2 62 1
a contact +66332 +67064 62 2 1
a contact +66332 +67064 2 62 1
a contact +72347 +73116 62 2 1
a contact +72347 +73116 2 62 1
a contact +78455 +79183 62 2 1
a contact +78455 +79183 2 62 1
a contact +84630 +85280 62 2 1
a contact +84630 +85280 2 62 1
a contact +90813 +91425 62 2 1
a contact +90813 +91425 2 62 1
a contact +96951 +97610 62 2 1
a contact +96951 +97610 2 62 1
a contact +103042 +103776 62 2 1
a contact +103042 +103776 2 62 1
a contact +109107 +109870 62 2 1
a contact +109107 +109870 2 62 1
a contact +115158 +115871 62 2 1
a contact +115158 +115871 2 62 1
a contact +121199 +121776 62 2 1
a contact +121199 +121776 2 62 1
a contact +127226 +127605 62 2 1
a contact +127226 +127605 2 62 1
a contact +133199 +133433 62 2 1
a contact +133199 +133433 2 62 1
a contact +139037 +139393 62 2 1
a contact +139037 +139393 2 62 1
a contact +144859 +145417 62 2 1
a contact +144859 +145417 2 62 1
a contact +150752 +151456 62 2 1
a contact +150752 +151456 2 62 1
a contact +156738 +157505 62 2 1
a contact +156738 +157505 2 62 1
a contact +162821 +163567 62 2 1
a contact +162821 +163567 2 62 1
a contact +168980 +169653 62 2 1
a contact +168980 +169653 2 62 1
a contact +175168 +175783 62 2 1
a contact +175168 +175783 2 62 1
a contact +181322 +181960 62 2 1
a contact +181322 +181960 2 62 1
a contact +187425 +188139 62 2 1
a contact +187425 +188139 2 62 1
a contact +193496 +194258 62 2 1
a contact +193496 +194258 2 62 1
a contact +199550 +200287 62 2 1
a contact +199550 +200287 2 62 1
a contact +205594 +206219 62 2 1
a contact +205594 +206219 2 62 1
a contact +211626 +212067 62 2 1
a contact +211626 +212067 2 62 1
a contact +217625 +217881 62 2 1
a contact +217625 +217881 2 62 1
a contact +223499 +223799 62 2 1
a contact +223499 +223799 2 62 1
a contact +229312 +229814 62 2 1
a contact +229312 +229814 2 62 1
a contact +235180 +235850 62 2 1
a contact +235180 +235850 2 62 1
a contact +241138 +241896 62 2 1
a contact +241138 +241896 2 62 1
a contact +247193 +247953 62 2 1
a contact +247193 +247953 2 62 1
a contact +253334 +254031 62 2 1
a contact +253334 +254031 2 62 1
a contact +259520 +260145 62 2 1
a contact +259520 +260145 2 62 1
a contact +265689 +266311 62 2 1
a contact +265689 +266311 2 62 1
a contact +271805 +272496 62 2 1
a contact +271805 +272496 2 62 1
a contact +277884 +278637 62 2 1
a contact +277884 +278637 2 62 1
a contact +283941 +284694 62 2 1
a contact +283941 +284694 2 62 1
a contact +289988 +290654 62 2 1
a contact +289988 +290654 2 62 1
a contact +296024 +296524 62 2 1
a contact +296024 +296524 2 62 1
a contact +302039 +302338 62 2 1
a contact +302039 +302338 2 62 1
a contact +307957 +308213 62 2 1
a contact +307957 +308213 2 62 1
a contact +313770 +314212 62 2 1
a contact +313770 +314212 2 62 1
a contact +319616 +320244 62 2 1
a contact +319616 +320244 2 62 1
a contact +325546 +326287 62 2 1
a contact +325546 +326287 2 62 1
a contact +331573 +332341 62 2 1
a contact +331573 +332341 2 62 1
a contact +337691 +338411 62 2 1
a contact +337691 +338411 2 62 1
a contact +343871 +344512 62 2 1
a contact +343871 +344512 2 62 1
a contact +350050 +350664 62 2 1
a contact +350050 +350664 2 62 1
a contact +356182 +356850 62 2 1
a contact +356182 +356850 2 62 1
a contact +362269 +363010 62 2 1
a contact +362269 +363010 2 62 1
a contact +368332 +369093 62 2 1
a contact +368332 +369093 2 62 1
a contact +374381 +375082 62 2 1
a contact +374381 +375082 2 62 1
a contact +380421 +380976 62 2 1
a contact +380421 +380976 2 62 1
a contact +386445 +386800 62 2 1
a contact +386445 +386800 2 62 1
a contact +392404 +392639 62 2 1
a contact +392404 +392639 2 62 1
a contact +398231 +398612 62 2 1
a contact +398231 +398612 2 62 1
a contact +404059 +404639 62 2 1
a contact +404059 +404639 2 62 1
a contact +409963 +410680 62 2 1
a contact +409963 +410680 2 62 1
a contact +415961 +416730 62 2 1
a contact +415961 +416730 2 62 1
a contact +422055 +422794 62 2 1
a contact +422055 +422794 2 62 1
a contact +428221 +428884 62 2 1
a contact +428221 +428884 2 62 1
a contact +434407 +435020 62 2 1
a contact +434407 +435020 2 62 1
a contact +440555 +441201 62 2 1
a contact +440555 +441201 2 62 1
a contact +446653 +447375 62 2 1
a contact +446653 +447375 2 62 1
a contact +452721 +453484 62 2 1
a contact +452721 +453484 2 62 1
a contact +458774 +459501 62 2 1
a contact +458774 +459501 2 62 1
a contact +464816 +465422 62 2 1
a contact +464816 +465422 2 62 1
a contact +470847 +471262 62 2 1
a contact +470847 +471262 2 62 1
a contact +476836 +477080 62 2 1
a contact +476836 +477080 2 62 1
a contact +482694 +483016 62 2 1
a contact +482694 +483016 2 62 1
a contact +488510 +489035 62 2 1
a contact +488510 +489035 2 62 1
a contact +494387 +495073 62 2 1
a contact +494387 +495073 2 62 1
a contact +500358 +501120 62 2 1
a contact +500358 +501120 2 62 1
a contact +506424 +507179 62 2 1
a contact +506424 +507179 2 62 1
a contact +512573 +513260 62 2 1
a contact +512573 +513260 2 62 1
a contact +518761 +519381 62 2 1
a contact +518761 +519381 2 62 1
a contact +524923 +525552 62 2 1
a contact +524923 +525552 2 62 1
a contact +531034 +531735 62 2 1
a contact +531034 +531735 2 62 1
a contact +537109 +537867 62 2 1
a contact +537109 +537867 2 62 1
a contact +543165 +543912 62 2 1
a contact +543165 +543912 2 62 1
a contact +549211 +549861 62 2 1
a contact +549211 +549861 2 62 1
a contact +555246 +555721 62 2 1
a contact +555246 +555721 2 62 1
a contact +561255 +561534 62 2 1
a contact +561255 +561534 2 62 1
a contact +567155 +567426 62 2 1
a contact +567155 +567426 2 62 1
a contact +572966 +573433 62 2 1
a contact +572966 +573433 2 62 1
a contact +578820 +579467 62 2 1
a contact +578820 +579467 2 62 1
a contact +584762 +585511 62 2 1
a contact +584762 +585511 2 62 1
a contact +590801 +591566 62 2 1
a contact +590801 +591566 2 62 1
a contact +596929 +597639 62 2 1
a contact +596929 +597639 2 62 1
a contact +603111 +603746 62 2 1
a contact +603111 +603746 2 62 1
a contact +0 +353 63 2 1
a contact +0 +353 2 63 1
a contact +5893 +6508 63 2 1
a contact +5893 +6508 2 63 1
a contact +12020 +12695 63 2 1
a contact +12020 +12695 2 63 1
a contact +18105 +18849 63 2 1
a contact +18105 +18849 2 63 1
a contact +24166 +24926 63 2 1
a contact +24166 +24926 2 63 1
a contact +30214 +30907 63 2 1
a contact +30214 +30907 2 63 1
a contact +36253 +36794 63 2 1
a contact +36253 +36794 2 63 1
a contact +42275 +42614 63 2 1
a contact +42275 +42614 2 63 1
a contact +48224 +48461 63 2 1
a contact +48224 +48461 2 63 1
a contact +54046 +54443 63 2 1
a contact +54046 +54443 2 63 1
a contact +59878 +60472 63 2 1
a contact +59878 +60472 2 63 1
a contact +65789 +66513 63 2 1
a contact +65789 +66513 2 63 1
a contact +71795 +72564 63 2 1
a contact +71795 +72564 2 63 1
a contact +77896 +78630 63 2 1
a contact +77896 +78630 2 63 1
a contact +84066 +84723 63 2 1
a contact +84066 +84723 2 63 1
a contact +90251 +90863 63 2 1
a contact +90251 +90863 2 63 1
a contact +96394 +97046 63 2 1
a contact +96394 +97046 2 63 1
a contact +102489 +103217 63 2 1
a contact +102489 +103217 2 63 1
a contact +108556 +109319 63 2 1
a contact +108556 +109319 2 63 1
a contact +114607 +115328 63 2 1
a contact +114607 +115328 2 63 1
a contact +120649 +121242 63 2 1
a contact +120649 +121242 2 63 1
a contact +126678 +127076 63 2 1
a contact +126678 +127076 2 63 1
a contact +132661 +132898 63 2 1
a contact +132661 +132898 2 63 1
a contact +138508 +138846 63 2 1
a contact +138508 +138846 2 63 1
a contact +144327 +144868 63 2 1
a contact +144327 +144868 2 63 1
a contact +150211 +150906 63 2 1
a contact +150211 +150906 2 63 1
a contact +156189 +156954 63 2 1
a contact +156189 +156954 2 63 1
a contact +162263 +163015 63 2 1
a contact +162263 +163015 2 63 1
a contact +168417 +169098 63 2 1
a contact +168417 +169098 2 63 1
a contact +174605 +175222 63 2 1
a contact +174605 +175222 2 63 1
a contact +180764 +181397 63 2 1
a contact +180764 +181397 2 63 1
a contact +186871 +187578 63 2 1
a contact +186871 +187578 2 63 1
a contact +192944 +193704 63 2 1
a contact +192944 +193704 2 63 1
a contact +198999 +199742 63 2 1
a contact +198999 +199742 2 63 1
a contact +205044 +205682 63 2 1
a contact +205044 +205682 2 63 1
a contact +211078 +211537 63 2 1
a contact +211078 +211537 2 63 1
a contact +217082 +217349 63 2 1
a contact +217082 +217349 2 63 1
a contact +222970 +223254 63 2 1
a contact +222970 +223254 2 63 1
a contact +228781 +229265 63 2 1
a contact +228781 +229265 2 63 1
a contact +234642 +235300 63 2 1
a contact +234642 +235300 2 63 1
a contact +240591 +241345 63 2 1
a contact +240591 +241345 2 63 1
a contact +246638 +247401 63 2 1
a contact +246638 +247401 2 63 1
a contact +252772 +253476 63 2 1
a contact +252772 +253476 2 63 1
a contact +258957 +259586 63 2 1
a contact +258957 +259586 2 63 1
a contact +265129 +265748 63 2 1
a contact +265129 +265748 2 63 1
a contact +271250 +271934 63 2 1
a contact +271250 +271934 2 63 1
a contact +277331 +278081 63 2 1
a contact +277331 +278081 2 63 1
a contact +283390 +284147 63 2 1
a contact +283390 +284147 2 63 1
a contact +289438 +290116 63 2 1
a contact +289438 +290116 2 63 1
a contact +295475 +295993 63 2 1
a contact +295475 +295993 2 63 1
a contact +301493 +301809 63 2 1
a contact +301493 +301809 2 63 1
a contact +307425 +307671 63 2 1
a contact +307425 +307671 2 63 1
a contact +313241 +313663 63 2 1
a contact +313241 +313663 2 63 1
a contact +319080 +319694 63 2 1
a contact +319080 +319694 2 63 1
a contact +325002 +325737 63 2 1
a contact +325002 +325737 2 63 1
a contact +331021 +331789 63 2 1
a contact +331021 +331789 2 63 1
a contact +337131 +337857 63 2 1
a contact +337131 +337857 2 63 1
a contact +343307 +343955 63 2 1
a contact +343307 +343955 2 63 1
a contact +349489 +350102 63 2 1
a contact +349489 +350102 2 63 1
a contact +355626 +356287 63 2 1
a contact +355626 +356287 2 63 1
a contact +361716 +362451 63 2 1
a contact +361716 +362451 2 63 1
a contact +367780 +368543 63 2 1
a contact +367780 +368543 2 63 1
a contact +373831 +374541 63 2 1
a contact +373831 +374541 2 63 1
a contact +379871 +380443 63 2 1
a contact +379871 +380443 2 63 1
a contact +385898 +386271 63 2 1
a contact +385898 +386271 2 63 1
a contact +391868 +392102 63 2 1
a contact +391868 +392102 2 63 1
a contact +397703 +398064 63 2 1
a contact +397703 +398064 2 63 1
a contact +403526 +404090 63 2 1
a contact +403526 +404090 2 63 1
a contact +409421 +410129 63 2 1
a contact +409421 +410129 2 63 1
a contact +415411 +416179 63 2 1
a contact +415411 +416179 2 63 1
a contact +421496 +422241 63 2 1
a contact +421496 +422241 2 63 1
a contact +427657 +428328 63 2 1
a contact +427657 +428328 2 63 1
a contact +433845 +434459 63 2 1
a contact +433845 +434459 2 63 1
a contact +439997 +440638 63 2 1
a contact +439997 +440638 2 63 1
a contact +446099 +446815 63 2 1
a contact +446099 +446815 2 63 1
a contact +452169 +452931 63 2 1
a contact +452169 +452931 2 63 1
a contact +458223 +458957 63 2 1
a contact +458223 +458957 2 63 1
a contact +464266 +464887 63 2 1
a contact +464266 +464887 2 63 1
a contact +470298 +470733 63 2 1
a contact +470298 +470733 2 63 1
a contact +476295 +476547 63 2 1
a contact +476295 +476547 2 63 1
a contact +482165 +482470 63 2 1
a contact +482165 +482470 2 63 1
a contact +487978 +488486 63 2 1
a contact +487978 +488486 2 63 1
a contact +493849 +494523 63 2 1
a contact +493849 +494523 2 63 1
a contact +499810 +500569 63 2 1
a contact +499810 +500569 2 63 1
a contact +505868 +506627 63 2 1
a contact +505868 +506627 2 63 1
a contact +512011 +512705 63 2 1
a contact +512011 +512705 2 63 1
a contact +518197 +518821 63 2 1
a contact +518197 +518821 2 63 1
a contact +524364 +524988 63 2 1
a contact +524364 +524988 2 63 1
a contact +530480 +531173 63 2 1
a contact +530480 +531173 2 63 1
a contact +536557 +537312 63 2 1
a contact +536557 +537312 2 63 1
a contact +542614 +543366 63 2 1
a contact +542614 +543366 2 63 1
a contact +548661 +549323 63 2 1
a contact +548661 +549323 2 63 1
a contact +554697 +555191 63 2 1
a contact +554697 +555191 2 63 1
a contact +560710 +561004 63 2 1
a contact +560710 +561004 2 63 1
a contact +566624 +566883 63 2 1
a contact +566624 +566883 2 63 1
a contact +572436 +572884 63 2 1
a contact +572436 +572884 2 63 1
a contact +578284 +578917 63 2 1
a contact +578284 +578917 2 63 1
a contact +584217 +584960 63 2 1
a contact +584217 +584960 2 63 1
a contact +590247 +591014 63 2 1
a contact +590247 +591014 2 63 1
a contact +596368 +597085 63 2 1
a contact +596368 +597085 2 63 1
a contact +602548 +603188 63 2 1
a contact +602548 +603188 2 63 1
a contact +5333 +5947 64 2 1
a contact +5333 +5947 2 64 1
a contact +11466 +12133 64 2 1
a contact +11466 +12133 2 64 1
a contact +17553 +18293 64 2 1
a contact +17553 +18293 2 64 1
a contact +23616 +24378 64 2 1
a contact +23616 +24378 2 64 1
a contact +29665 +30367 64 2 1
a contact +29665 +30367 2 64 1
a contact +35705 +36263 64 2 1
a contact +35705 +36263 2 64 1
a contact +41730 +42087 64 2 1
a contact +41730 +42087 2 64 1
a contact +47690 +47924 64 2 1
a contact +47690 +47924 2 64 1
a contact +53518 +53896 64 2 1
a contact +53518 +53896 2 64 1
a contact +59345 +59923 64 2 1
a contact +59345 +59923 2 64 1
a contact +65248 +65964 64 2 1
a contact +65248 +65964 2 64 1
a contact +71246 +72014 64 2 1
a contact +71246 +72014 2 64 1
a contact +77338 +78078 64 2 1
a contact +77338 +78078 2 64 1
a contact +83504 +84168 64 2 1
a contact +83504 +84168 2 64 1
a contact +89690 +90303 64 2 1
a contact +89690 +90303 2 64 1
a contact +95838 +96484 64 2 1
a contact +95838 +96484 2 64 1
a contact +101937 +102658 64 2 1
a contact +101937 +102658 2 64 1
a contact +108005 +108768 64 2 1
a contact +108005 +108768 2 64 1
a contact +114058 +114786 64 2 1
a contact +114058 +114786 2 64 1
a contact +120100 +120708 64 2 1
a contact +120100 +120708 2 64 1
a contact +126131 +126549 64 2 1
a contact +126131 +126549 2 64 1
a contact +132122 +132366 64 2 1
a contact +132122 +132366 2 64 1
a contact +137981 +138301 64 2 1
a contact +137981 +138301 2 64 1
a contact +143796 +144319 64 2 1
a contact +143796 +144319 2 64 1
a contact +149673 +150357 64 2 1
a contact +149673 +150357 2 64 1
a contact +155642 +156404 64 2 1
a contact +155642 +156404 2 64 1
a contact +161708 +162463 64 2 1
a contact +161708 +162463 2 64 1
a contact +167856 +168544 64 2 1
a contact +167856 +168544 2 64 1
a contact +174043 +174664 64 2 1
a contact +174043 +174664 2 64 1
a contact +180207 +180834 64 2 1
a contact +180207 +180834 2 64 1
a contact +186318 +187018 64 2 1
a contact +186318 +187018 2 64 1
a contact +192393 +193151 64 2 1
a contact +192393 +193151 2 64 1
a contact +198450 +199197 64 2 1
a contact +198450 +199197 2 64 1
a contact +204495 +205147 64 2 1
a contact +204495 +205147 2 64 1
a contact +210530 +211008 64 2 1
a contact +210530 +211008 2 64 1
a contact +216540 +216820 64 2 1
a contact +216540 +216820 2 64 1
a contact +222441 +222711 64 2 1
a contact +222441 +222711 2 64 1
a contact +228252 +228717 64 2 1
a contact +228252 +228717 2 64 1
a contact +234106 +234751 64 2 1
a contact +234106 +234751 2 64 1
a contact +240047 +240795 64 2 1
a contact +240047 +240795 2 64 1
a contact +246085 +246850 64 2 1
a contact +246085 +246850 2 64 1
a contact +252212 +252923 64 2 1
a contact +252212 +252923 2 64 1
a contact +258394 +259029 64 2 1
a contact +258394 +259029 2 64 1
a contact +264570 +265186 64 2 1
a contact +264570 +265186 2 64 1
a contact +270696 +271373 64 2 1
a contact +270696 +271373 2 64 1
a contact +276780 +277526 64 2 1
a contact +276780 +277526 2 64 1
a contact +282840 +283599 64 2 1
a contact +282840 +283599 2 64 1
a contact +288889 +289577 64 2 1
a contact +288889 +289577 2 64 1
a contact +294927 +295462 64 2 1
a contact +294927 +295462 2 64 1
a contact +300948 +301281 64 2 1
a contact +300948 +301281 2 64 1
a contact +306893 +307132 64 2 1
a contact +306893 +307132 2 64 1
a contact +312713 +313116 64 2 1
a contact +312713 +313116 2 64 1
a contact +318547 +319146 64 2 1
a contact +318547 +319146 2 64 1
a contact +324460 +325187 64 2 1
a contact +324460 +325187 2 64 1
a contact +330470 +331239 64 2 1
a contact +330470 +331239 2 64 1
a contact +336573 +337305 64 2 1
a contact +336573 +337305 2 64 1
a contact +342744 +343399 64 2 1
a contact +342744 +343399 2 64 1
a contact +348929 +349541 64 2 1
a contact +348929 +349541 2 64 1
a contact +355070 +355725 64 2 1
a contact +355070 +355725 2 64 1
a contact +361164 +361894 64 2 1
a contact +361164 +361894 2 64 1
a contact +367230 +367993 64 2 1
a contact +367230 +367993 2 64 1
a contact +373281 +374000 64 2 1
a contact +373281 +374000 2 64 1
a contact +379323 +379911 64 2 1
a contact +379323 +379911 2 64 1
a contact +385351 +385743 64 2 1
a contact +385351 +385743 2 64 1
a contact +391331 +391567 64 2 1
a contact +391331 +391567 2 64 1
a contact +397175 +397519 64 2 1
a contact +397175 +397519 2 64 1
a contact +402995 +403541 64 2 1
a contact +402995 +403541 2 64 1
a contact +408882 +409580 64 2 1
a contact +408882 +409580 2 64 1
a contact +414863 +415629 64 2 1
a contact +414863 +415629 2 64 1
a contact +420940 +421689 64 2 1
a contact +420940 +421689 2 64 1
a contact +427096 +427774 64 2 1
a contact +427096 +427774 2 64 1
a contact +433284 +433900 64 2 1
a contact +433284 +433900 2 64 1
a contact +439441 +440075 64 2 1
a contact +439441 +440075 2 64 1
a contact +445546 +446255 64 2 1
a contact +445546 +446255 2 64 1
a contact +451619 +452379 64 2 1
a contact +451619 +452379 2 64 1
a contact +457673 +458414 64 2 1
a contact +457673 +458414 2 64 1
a contact +463718 +464352 64 2 1
a contact +463718 +464352 2 64 1
a contact +469751 +470204 64 2 1
a contact +469751 +470204 2 64 1
a contact +475754 +476017 64 2 1
a contact +475754 +476017 2 64 1
a contact +481637 +481926 64 2 1
a contact +481637 +481926 2 64 1
a contact +487449 +487938 64 2 1
a contact +487449 +487938 2 64 1
a contact +493312 +493974 64 2 1
a contact +493312 +493974 2 64 1
a contact +499264 +500019 64 2 1
a contact +499264 +500019 2 64 1
a contact +505314 +506076 64 2 1
a contact +505314 +506076 2 64 1
a contact +511450 +512151 64 2 1
a contact +511450 +512151 2 64 1
a contact +517635 +518263 64 2 1
a contact +517635 +518263 2 64 1
a contact +523806 +524426 64 2 1
a contact +523806 +524426 2 64 1
a contact +529926 +530612 64 2 1
a contact +529926 +530612 2 64 1
a contact +536006 +536757 64 2 1
a contact +536006 +536757 2 64 1
a contact +542065 +542820 64 2 1
a contact +542065 +542820 2 64 1
a contact +548112 +548786 64 2 1
a contact +548112 +548786 2 64 1
a contact +554149 +554661 64 2 1
a contact +554149 +554661 2 64 1
a contact +560166 +560476 64 2 1
a contact +560166 +560476 2 64 1
a contact +566093 +566342 64 2 1
a contact +566093 +566342 2 64 1
a contact +571908 +572337 64 2 1
a contact +571908 +572337 2 64 1
a contact +577749 +578368 64 2 1
a contact +577749 +578368 2 64 1
a contact +583674 +584411 64 2 1
a contact +583674 +584411 2 64 1
a contact +589695 +590464 64 2 1
a contact +589695 +590464 2 64 1
a contact +595808 +596532 64 2 1
a contact +595808 +596532 2 64 1
a contact +601985 +602631 64 2 1
a contact +601985 +602631 2 64 1
a contact +4775 +5387 65 2 1
a contact +4775 +5387 2 65 1
a contact +10912 +11572 65 2 1
a contact +10912 +11572 2 65 1
a contact +17002 +17737 65 2 1
a contact +17002 +17737 2 65 1
a contact +23067 +23830 65 2 1
a contact +23067 +23830 2 65 1
a contact +29117 +29828 65 2 1
a contact +29117 +29828 2 65 1
a contact +35158 +35732 65 2 1
a contact +35158 +35732 2 65 1
a contact +41185 +41560 65 2 1
a contact +41185 +41560 2 65 1
a contact +47156 +47390 65 2 1
a contact +47156 +47390 2 65 1
a contact +52992 +53351 65 2 1
a contact +52992 +53351 2 65 1
a contact +58814 +59376 65 2 1
a contact +58814 +59376 2 65 1
a contact +64709 +65416 65 2 1
a contact +64709 +65416 2 65 1
a contact +70698 +71465 65 2 1
a contact +70698 +71465 2 65 1
a contact +76782 +77527 65 2 1
a contact +76782 +77527 2 65 1
a contact +82943 +83614 65 2 1
a contact +82943 +83614 2 65 1
a contact +89130 +89745 65 2 1
a contact +89130 +89745 2 65 1
a contact +95283 +95923 65 2 1
a contact +95283 +95923 2 65 1
a contact +101385 +102100 65 2 1
a contact +101385 +102100 2 65 1
a contact +107456 +108218 65 2 1
a contact +107456 +108218 2 65 1
a contact +113510 +114245 65 2 1
a contact +113510 +114245 2 65 1
a contact +119553 +120175 65 2 1
a contact +119553 +120175 2 65 1
a contact +125585 +126021 65 2 1
a contact +125585 +126021 2 65 1
a contact +131583 +131836 65 2 1
a contact +131583 +131836 2 65 1
a contact +137454 +137757 65 2 1
a contact +137454 +137757 2 65 1
a contact +143267 +143773 65 2 1
a contact +143267 +143773 2 65 1
a contact +149136 +149809 65 2 1
a contact +149136 +149809 2 65 1
a contact +155097 +155855 65 2 1
a contact +155097 +155855 2 65 1
a contact +161154 +161913 65 2 1
a contact +161154 +161913 2 65 1
a contact +167296 +167991 65 2 1
a contact +167296 +167991 2 65 1
a contact +173483 +174107 65 2 1
a contact +173483 +174107 2 65 1
a contact +179650 +180273 65 2 1
a contact +179650 +180273 2 65 1
a contact +185766 +186458 65 2 1
a contact +185766 +186458 2 65 1
a contact +191843 +192598 65 2 1
a contact +191843 +192598 2 65 1
a contact +197901 +198653 65 2 1
a contact +197901 +198653 2 65 1
a contact +203947 +204611 65 2 1
a contact +203947 +204611 2 65 1
a contact +209983 +210479 65 2 1
a contact +209983 +210479 2 65 1
a contact +215997 +216293 65 2 1
a contact +215997 +216293 2 65 1
a contact +221912 +222170 65 2 1
a contact +221912 +222170 2 65 1
a contact +227725 +228171 65 2 1
a contact +227725 +228171 2 65 1
a contact +233572 +234203 65 2 1
a contact +233572 +234203 2 65 1
a contact +239504 +240247 65 2 1
a contact +239504 +240247 2 65 1
a contact +245533 +246301 65 2 1
a contact +245533 +246301 2 65 1
a contact +251653 +252371 65 2 1
a contact +251653 +252371 2 65 1
a contact +257833 +258474 65 2 1
a contact +257833 +258474 2 65 1
a contact +264012 +264626 65 2 1
a contact +264012 +264626 2 65 1
a contact +270143 +270812 65 2 1
a contact +270143 +270812 2 65 1
a contact +276229 +276971 65 2 1
a contact +276229 +276971 2 65 1
a contact +282291 +283052 65 2 1
a contact +282291 +283052 2 65 1
a contact +288341 +289039 65 2 1
a contact +288341 +289039 2 65 1
a contact +294380 +294932 65 2 1
a contact +294380 +294932 2 65 1
a contact +300404 +300754 65 2 1
a contact +300404 +300754 2 65 1
a contact +306360 +306595 65 2 1
a contact +306360 +306595 2 65 1
a contact +312186 +312571 65 2 1
a contact +312186 +312571 2 65 1
a contact +318015 +318598 65 2 1
a contact +318015 +318598 2 65 1
a contact +323920 +324639 65 2 1
a contact +323920 +324639 2 65 1
a contact +329921 +330690 65 2 1
a contact +329921 +330690 2 65 1
a contact +336016 +336754 65 2 1
a contact +336016 +336754 2 65 1
a contact +342183 +342845 65 2 1
a contact +342183 +342845 2 65 1
a contact +348369 +348982 65 2 1
a contact +348369 +348982 2 65 1
a contact +354516 +355163 65 2 1
a contact +354516 +355163 2 65 1
a contact +360613 +361337 65 2 1
a contact +360613 +361337 2 65 1
a contact +366681 +367444 65 2 1
a contact +366681 +367444 2 65 1
a contact +372733 +373459 65 2 1
a contact +372733 +373459 2 65 1
a contact +378775 +379378 65 2 1
a contact +378775 +379378 2 65 1
a contact +384806 +385217 65 2 1
a contact +384806 +385217 2 65 1
a contact +390794 +391035 65 2 1
a contact +390794 +391035 2 65 1
a contact +396649 +396974 65 2 1
a contact +396649 +396974 2 65 1
a contact +402465 +402994 65 2 1
a contact +402465 +402994 2 65 1
a contact +408344 +409032 65 2 1
a contact +408344 +409032 2 65 1
a contact +414316 +415080 65 2 1
a contact +414316 +415080 2 65 1
a contact +420385 +421139 65 2 1
a contact +420385 +421139 2 65 1
a contact +426535 +427220 65 2 1
a contact +426535 +427220 2 65 1
a contact +432723 +433342 65 2 1
a contact +432723 +433342 2 65 1
a contact +438885 +439514 65 2 1
a contact +438885 +439514 2 65 1
a contact +444994 +445697 65 2 1
a contact +444994 +445697 2 65 1
a contact +451069 +451827 65 2 1
a contact +451069 +451827 2 65 1
a contact +457125 +457871 65 2 1
a contact +457125 +457871 2 65 1
a contact +463170 +463817 65 2 1
a contact +463170 +463817 2 65 1
a contact +469205 +469676 65 2 1
a contact +469205 +469676 2 65 1
a contact +475213 +475489 65 2 1
a contact +475213 +475489 2 65 1
a contact +481109 +481384 65 2 1
a contact +481109 +481384 2 65 1
a contact +486921 +487392 65 2 1
a contact +486921 +487392 2 65 1
a contact +492777 +493426 65 2 1
a contact +492777 +493426 2 65 1
a contact +498720 +499471 65 2 1
a contact +498720 +499471 2 65 1
a contact +504761 +505526 65 2 1
a contact +504761 +505526 2 65 1
a contact +510891 +511599 65 2 1
a contact +510891 +511599 2 65 1
a contact +517074 +517707 65 2 1
a contact +517074 +517707 2 65 1
a contact +523249 +523866 65 2 1
a contact +523249 +523866 2 65 1
a contact +529373 +530052 65 2 1
a contact +529373 +530052 2 65 1
a contact +535456 +536203 65 2 1
a contact +535456 +536203 2 65 1
a contact +541516 +542274 65 2 1
a contact +541516 +542274 2 65 1
a contact +547564 +548249 65 2 1
a contact +547564 +548249 2 65 1
a contact +553602 +554131 65 2 1
a contact +553602 +554131 2 65 1
a contact +559622 +559949 65 2 1
a contact +559622 +559949 2 65 1
a contact +565562 +565804 65 2 1
a contact +565562 +565804 2 65 1
a contact +571381 +571791 65 2 1
a contact +571381 +571791 2 65 1
a contact +577217 +577821 65 2 1
a contact +577217 +577821 2 65 1
a contact +583133 +583863 65 2 1
a contact +583133 +583863 2 65 1
a contact +589145 +589914 65 2 1
a contact +589145 +589914 2 65 1
a contact +595251 +595981 65 2 1
a contact +595251 +595981 2 65 1
a contact +601424 +602077 65 2 1
a contact +601424 +602077 2 65 1
a contact +3750 +4425 66 2 1
a contact +3750 +4425 2 66 1
a contact +9937 +10553 66 2 1
a contact +9937 +10553 2 66 1
a contact +16092 +16730 66 2 1
a contact +16092 +16730 2 66 1
a contact +22196 +22909 66 2 1
a contact +22196 +22909 2 66 1
a contact +28267 +29029 66 2 1
a contact +28267 +29029 2 66 1
a contact +34322 +35059 66 2 1
a contact +34322 +35059 2 66 1
a contact +40366 +40992 66 2 1
a contact +40366 +40992 2 66 1
a contact +46399 +46840 66 2 1
a contact +46399 +46840 2 66 1
a contact +52400 +52653 66 2 1
a contact +52400 +52653 2 66 1
a contact +58276 +58569 66 2 1
a contact +58276 +58569 2 66 1
a contact +64087 +64584 66 2 1
a contact +64087 +64584 2 66 1
a contact +69953 +70621 66 2 1
a contact +69953 +70621 2 66 1
a contact +75910 +76667 66 2 1
a contact +75910 +76667 2 66 1
a contact +81964 +82725 66 2 1
a contact +81964 +82725 2 66 1
a contact +88103 +88802 66 2 1
a contact +88103 +88802 2 66 1
a contact +94289 +94916 66 2 1
a contact +94289 +94916 2 66 1
a contact +100458 +101081 66 2 1
a contact +100458 +101081 2 66 1
a contact +106576 +107266 66 2 1
a contact +106576 +107266 2 66 1
a contact +112655 +113408 66 2 1
a contact +112655 +113408 2 66 1
a contact +118713 +119466 66 2 1
a contact +118713 +119466 2 66 1
a contact +124760 +125427 66 2 1
a contact +124760 +125427 2 66 1
a contact +130797 +131298 66 2 1
a contact +130797 +131298 2 66 1
a contact +136813 +137111 66 2 1
a contact +136813 +137111 2 66 1
a contact +142734 +142983 66 2 1
a contact +142734 +142983 2 66 1
a contact +148545 +148982 66 2 1
a contact +148545 +148982 2 66 1
a contact +154390 +155015 66 2 1
a contact +154390 +155015 2 66 1
a contact +160319 +161059 66 2 1
a contact +160319 +161059 2 66 1
a contact +166344 +167112 66 2 1
a contact +166344 +167112 2 66 1
a contact +172461 +173182 66 2 1
a contact +172461 +173182 2 66 1
a contact +178640 +179283 66 2 1
a contact +178640 +179283 2 66 1
a contact +184820 +185434 66 2 1
a contact +184820 +185434 2 66 1
a contact +190952 +191620 66 2 1
a contact +190952 +191620 2 66 1
a contact +197040 +197780 66 2 1
a contact +197040 +197780 2 66 1
a contact +203103 +203865 66 2 1
a contact +203103 +203865 2 66 1
a contact +209153 +209855 66 2 1
a contact +209153 +209855 2 66 1
a contact +215193 +215750 66 2 1
a contact +215193 +215750 2 66 1
a contact +221219 +221573 66 2 1
a contact +221219 +221573 2 66 1
a contact +227180 +227410 66 2 1
a contact +227180 +227410 2 66 1
a contact +233007 +233382 66 2 1
a contact +233007 +233382 2 66 1
a contact +238834 +239410 66 2 1
a contact +238834 +239410 2 66 1
a contact +244736 +245451 66 2 1
a contact +244736 +245451 2 66 1
a contact +250733 +251501 66 2 1
a contact +250733 +251501 2 66 1
a contact +256825 +257565 66 2 1
a contact +256825 +257565 2 66 1
a contact +262990 +263655 66 2 1
a contact +262990 +263655 2 66 1
a contact +269176 +269791 66 2 1
a contact +269176 +269791 2 66 1
a contact +275325 +275971 66 2 1
a contact +275325 +275971 2 66 1
a contact +281424 +282145 66 2 1
a contact +281424 +282145 2 66 1
a contact +287492 +288255 66 2 1
a contact +287492 +288255 2 66 1
a contact +293545 +294274 66 2 1
a contact +293545 +294274 2 66 1
a contact +299588 +300196 66 2 1
a contact +299588 +300196 2 66 1
a contact +305620 +306036 66 2 1
a contact +305620 +306036 2 66 1
a contact +311612 +311852 66 2 1
a contact +311612 +311852 2 66 1
a contact +317471 +317786 66 2 1
a contact +317471 +317786 2 66 1
a contact +323285 +323806 66 2 1
a contact +323285 +323806 2 66 1
a contact +329161 +329844 66 2 1
a contact +329161 +329844 2 66 1
a contact +335129 +335891 66 2 1
a contact +335129 +335891 2 66 1
a contact +341195 +341951 66 2 1
a contact +341195 +341951 2 66 1
a contact +347342 +348031 66 2 1
a contact +347342 +348031 2 66 1
a contact +353530 +354151 66 2 1
a contact +353530 +354151 2 66 1
a contact +359693 +360322 66 2 1
a contact +359693 +360322 2 66 1
a contact +365805 +366505 66 2 1
a contact +365805 +366505 2 66 1
a contact +371880 +372638 66 2 1
a contact +371880 +372638 2 66 1
a contact +377937 +378684 66 2 1
a contact +377937 +378684 2 66 1
a contact +383983 +384634 66 2 1
a contact +383983 +384634 2 66 1
a contact +390018 +390495 66 2 1
a contact +390018 +390495 2 66 1
a contact +396029 +396306 66 2 1
a contact +396029 +396306 2 66 1
a contact +401931 +402197 66 2 1
a contact +401931 +402197 2 66 1
a contact +407741 +408203 66 2 1
a contact +407741 +408203 2 66 1
a contact +413594 +414238 66 2 1
a contact +413594 +414238 2 66 1
a contact +419534 +420282 66 2 1
a contact +419534 +420282 2 66 1
a contact +425572 +426338 66 2 1
a contact +425572 +426338 2 66 1
a contact +431698 +432410 66 2 1
a contact +431698 +432410 2 66 1
a contact +437880 +438517 66 2 1
a contact +437880 +438517 2 66 1
a contact +444056 +444674 66 2 1
a contact +444056 +444674 2 66 1
a contact +450183 +450860 66 2 1
a contact +450183 +450860 2 66 1
a contact +456267 +457013 66 2 1
a contact +456267 +457013 2 66 1
a contact +462328 +463087 66 2 1
a contact +462328 +463087 2 66 1
a contact +468376 +469065 66 2 1
a contact +468376 +469065 2 66 1
a contact +474415 +474949 66 2 1
a contact +474415 +474949 2 66 1
a contact +480437 +480768 66 2 1
a contact +480437 +480768 2 66 1
a contact +486383 +486617 66 2 1
a contact +486383 +486617 2 66 1
a contact +492202 +492602 66 2 1
a contact +492202 +492602 2 66 1
a contact +498035 +498632 66 2 1
a contact +498035 +498632 2 66 1
a contact +503948 +504674 66 2 1
a contact +503948 +504674 2 66 1
a contact +509957 +510726 66 2 1
a contact +509957 +510726 2 66 1
a contact +516059 +516792 66 2 1
a contact +516059 +516792 2 66 1
a contact +522231 +522887 66 2 1
a contact +522231 +522887 2 66 1
a contact +528415 +529028 66 2 1
a contact +528415 +529028 2 66 1
a contact +534557 +535212 66 2 1
a contact +534557 +535212 2 66 1
a contact +540651 +541381 66 2 1
a contact +540651 +541381 2 66 1
a contact +546717 +547481 66 2 1
a contact +546717 +547481 2 66 1
a contact +552769 +553487 66 2 1
a contact +552769 +553487 2 66 1
a contact +558811 +559398 66 2 1
a contact +558811 +559398 2 66 1
a contact +564840 +565230 66 2 1
a contact +564840 +565230 2 66 1
a contact +570821 +571053 66 2 1
a contact +570821 +571053 2 66 1
a contact +576665 +577005 66 2 1
a contact +576665 +577005 2 66 1
a contact +582483 +583028 66 2 1
a contact +582483 +583028 2 66 1
a contact +588370 +589067 66 2 1
a contact +588370 +589067 2 66 1
a contact +594350 +595116 66 2 1
a contact +594350 +595116 2 66 1
a contact +600427 +601177 66 2 1
a contact +600427 +601177 2 66 1
a contact +3189 +3872 67 2 1
a contact +3189 +3872 2 67 1
a contact +9377 +9996 67 2 1
a contact +9377 +9996 2 67 1
a contact +15536 +16170 67 2 1
a contact +15536 +16170 2 67 1
a contact +21644 +22351 67 2 1
a contact +21644 +22351 2 67 1
a contact +27718 +28478 67 2 1
a contact +27718 +28478 2 67 1
a contact +33774 +34516 67 2 1
a contact +33774 +34516 2 67 1
a contact +39818 +40458 67 2 1
a contact +39818 +40458 2 67 1
a contact +45853 +46313 67 2 1
a contact +45853 +46313 2 67 1
a contact +51860 +52124 67 2 1
a contact +51860 +52124 2 67 1
a contact +57749 +58027 67 2 1
a contact +57749 +58027 2 67 1
a contact +63559 +64038 67 2 1
a contact +63559 +64038 2 67 1
a contact +69418 +70074 67 2 1
a contact +69418 +70074 2 67 1
a contact +75366 +76119 67 2 1
a contact +75366 +76119 2 67 1
a contact +81412 +82175 67 2 1
a contact +81412 +82175 2 67 1
a contact +87544 +88250 67 2 1
a contact +87544 +88250 2 67 1
a contact +93728 +94360 67 2 1
a contact +93728 +94360 2 67 1
a contact +99901 +100521 67 2 1
a contact +99901 +100521 2 67 1
a contact +106023 +106707 67 2 1
a contact +106023 +106707 2 67 1
a contact +112105 +112855 67 2 1
a contact +112105 +112855 2 67 1
a contact +118165 +118921 67 2 1
a contact +118165 +118921 2 67 1
a contact +124212 +124891 67 2 1
a contact +124212 +124891 2 67 1
a contact +130250 +130769 67 2 1
a contact +130250 +130769 2 67 1
a contact +136270 +136584 67 2 1
a contact +136270 +136584 2 67 1
a contact +142204 +142444 67 2 1
a contact +142204 +142444 2 67 1
a contact +148019 +148437 67 2 1
a contact +148019 +148437 2 67 1
a contact +153857 +154468 67 2 1
a contact +153857 +154468 2 67 1
a contact +159778 +160511 67 2 1
a contact +159778 +160511 2 67 1
a contact +165794 +166563 67 2 1
a contact +165794 +166563 2 67 1
a contact +171904 +172631 67 2 1
a contact +171904 +172631 2 67 1
a contact +178079 +178729 67 2 1
a contact +178079 +178729 2 67 1
a contact +184261 +184875 67 2 1
a contact +184261 +184875 2 67 1
a contact +190399 +191060 67 2 1
a contact +190399 +191060 2 67 1
a contact +196490 +197225 67 2 1
a contact +196490 +197225 2 67 1
a contact +202555 +203317 67 2 1
a contact +202555 +203317 2 67 1
a contact +208605 +209316 67 2 1
a contact +208605 +209316 2 67 1
a contact +214646 +215219 67 2 1
a contact +214646 +215219 2 67 1
a contact +220674 +221047 67 2 1
a contact +220674 +221047 2 67 1
a contact +226646 +226875 67 2 1
a contact +226646 +226875 2 67 1
a contact +232482 +232838 67 2 1
a contact +232482 +232838 2 67 1
a contact +238303 +238863 67 2 1
a contact +238303 +238863 2 67 1
a contact +244197 +244903 67 2 1
a contact +244197 +244903 2 67 1
a contact +250185 +250953 67 2 1
a contact +250185 +250953 2 67 1
a contact +256269 +257015 67 2 1
a contact +256269 +257015 2 67 1
a contact +262429 +263102 67 2 1
a contact +262429 +263102 2 67 1
a contact +268617 +269232 67 2 1
a contact +268617 +269232 2 67 1
a contact +274770 +275410 67 2 1
a contact +274770 +275410 2 67 1
a contact +280873 +281588 67 2 1
a contact +280873 +281588 2 67 1
a contact +286943 +287705 67 2 1
a contact +286943 +287705 2 67 1
a contact +292997 +293732 67 2 1
a contact +292997 +293732 2 67 1
a contact +299041 +299663 67 2 1
a contact +299041 +299663 2 67 1
a contact +305074 +305509 67 2 1
a contact +305074 +305509 2 67 1
a contact +311073 +311322 67 2 1
a contact +311073 +311322 2 67 1
a contact +316944 +317243 67 2 1
a contact +316944 +317243 2 67 1
a contact +322756 +323259 67 2 1
a contact +322756 +323259 2 67 1
a contact +328625 +329296 67 2 1
a contact +328625 +329296 2 67 1
a contact +334585 +335343 67 2 1
a contact +334585 +335343 2 67 1
a contact +340641 +341401 67 2 1
a contact +340641 +341401 2 67 1
a contact +346783 +347479 67 2 1
a contact +346783 +347479 2 67 1
a contact +352969 +353595 67 2 1
a contact +352969 +353595 2 67 1
a contact +359137 +359761 67 2 1
a contact +359137 +359761 2 67 1
a contact +365253 +365946 67 2 1
a contact +365253 +365946 2 67 1
a contact +371331 +372085 67 2 1
a contact +371331 +372085 2 67 1
a contact +377389 +378140 67 2 1
a contact +377389 +378140 2 67 1
a contact +383435 +384099 67 2 1
a contact +383435 +384099 2 67 1
a contact +389472 +389967 67 2 1
a contact +389472 +389967 2 67 1
a contact +395487 +395779 67 2 1
a contact +395487 +395779 2 67 1
a contact +401403 +401656 67 2 1
a contact +401403 +401656 2 67 1
a contact +407214 +407657 67 2 1
a contact +407214 +407657 2 67 1
a contact +413061 +413690 67 2 1
a contact +413061 +413690 2 67 1
a contact +418992 +419734 67 2 1
a contact +418992 +419734 2 67 1
a contact +425021 +425788 67 2 1
a contact +425021 +425788 2 67 1
a contact +431140 +431859 67 2 1
a contact +431140 +431859 2 67 1
a contact +437320 +437961 67 2 1
a contact +437320 +437961 2 67 1
a contact +443499 +444114 67 2 1
a contact +443499 +444114 2 67 1
a contact +449630 +450300 67 2 1
a contact +449630 +450300 2 67 1
a contact +455717 +456458 67 2 1
a contact +455717 +456458 2 67 1
a contact +461779 +462540 67 2 1
a contact +461779 +462540 2 67 1
a contact +467829 +468527 67 2 1
a contact +467829 +468527 2 67 1
a contact +473868 +474420 67 2 1
a contact +473868 +474420 2 67 1
a contact +479893 +480242 67 2 1
a contact +479893 +480242 2 67 1
a contact +485851 +486081 67 2 1
a contact +485851 +486081 2 67 1
a contact +491676 +492057 67 2 1
a contact +491676 +492057 2 67 1
a contact +497504 +498085 67 2 1
a contact +497504 +498085 2 67 1
a contact +503408 +504127 67 2 1
a contact +503408 +504127 2 67 1
a contact +509408 +510177 67 2 1
a contact +509408 +510177 2 67 1
a contact +515503 +516242 67 2 1
a contact +515503 +516242 2 67 1
a contact +521670 +522333 67 2 1
a contact +521670 +522333 2 67 1
a contact +527856 +528470 67 2 1
a contact +527856 +528470 2 67 1
a contact +534003 +534651 67 2 1
a contact +534003 +534651 2 67 1
a contact +540100 +540824 67 2 1
a contact +540100 +540824 2 67 1
a contact +546168 +546932 67 2 1
a contact +546168 +546932 2 67 1
a contact +552221 +552947 67 2 1
a contact +552221 +552947 2 67 1
a contact +558264 +558866 67 2 1
a contact +558264 +558866 2 67 1
a contact +564295 +564704 67 2 1
a contact +564295 +564704 2 67 1
a contact +570284 +570521 67 2 1
a contact +570284 +570521 2 67 1
a contact +576139 +576461 67 2 1
a contact +576139 +576461 2 67 1
a contact +581954 +582481 67 2 1
a contact +581954 +582481 2 67 1
a contact +587833 +588520 67 2 1
a contact +587833 +588520 2 67 1
a contact +593804 +594567 67 2 1
a contact +593804 +594567 2 67 1
a contact +599872 +600627 67 2 1
a contact +599872 +600627 2 67 1
a contact +2629 +3318 68 2 1
a contact +2629 +3318 2 68 1
a contact +8816 +9438 68 2 1
a contact +8816 +9438 2 68 1
a contact +14980 +15608 68 2 1
a contact +14980 +15608 2 68 1
a contact +21092 +21791 68 2 1
a contact +21092 +21791 2 68 1
a contact +27168 +27925 68 2 1
a contact +27168 +27925 2 68 1
a contact +33224 +33972 68 2 1
a contact +33224 +33972 2 68 1
a contact +39270 +39923 68 2 1
a contact +39270 +39923 2 68 1
a contact +45306 +45784 68 2 1
a contact +45306 +45784 2 68 1
a contact +51317 +51596 68 2 1
a contact +51317 +51596 2 68 1
a contact +57221 +57485 68 2 1
a contact +57221 +57485 2 68 1
a contact +63031 +63491 68 2 1
a contact +63031 +63491 2 68 1
a contact +68883 +69525 68 2 1
a contact +68883 +69525 2 68 1
a contact +74823 +75570 68 2 1
a contact +74823 +75570 2 68 1
a contact +80859 +81625 68 2 1
a contact +80859 +81625 2 68 1
a contact +86985 +87698 68 2 1
a contact +86985 +87698 2 68 1
a contact +93167 +93803 68 2 1
a contact +93167 +93803 2 68 1
a contact +99343 +99960 68 2 1
a contact +99343 +99960 2 68 1
a contact +105470 +106146 68 2 1
a contact +105470 +106146 2 68 1
a contact +111554 +112300 68 2 1
a contact +111554 +112300 2 68 1
a contact +117615 +118374 68 2 1
a contact +117615 +118374 2 68 1
a contact +123664 +124353 68 2 1
a contact +123664 +124353 2 68 1
a contact +129703 +130239 68 2 1
a contact +129703 +130239 2 68 1
a contact +135725 +136057 68 2 1
a contact +135725 +136057 2 68 1
a contact +141672 +141906 68 2 1
a contact +141672 +141906 2 68 1
a contact +147492 +147890 68 2 1
a contact +147492 +147890 2 68 1
a contact +153324 +153920 68 2 1
a contact +153324 +153920 2 68 1
a contact +159236 +159962 68 2 1
a contact +159236 +159962 2 68 1
a contact +165244 +166013 68 2 1
a contact +165244 +166013 2 68 1
a contact +171346 +172080 68 2 1
a contact +171346 +172080 2 68 1
a contact +177517 +178174 68 2 1
a contact +177517 +178174 2 68 1
a contact +183701 +184315 68 2 1
a contact +183701 +184315 2 68 1
a contact +189844 +190498 68 2 1
a contact +189844 +190498 2 68 1
a contact +195938 +196667 68 2 1
a contact +195938 +196667 2 68 1
a contact +202005 +202768 68 2 1
a contact +202005 +202768 2 68 1
a contact +208056 +208775 68 2 1
a contact +208056 +208775 2 68 1
a contact +214098 +214687 68 2 1
a contact +214098 +214687 2 68 1
a contact +220128 +220520 68 2 1
a contact +220128 +220520 2 68 1
a contact +226110 +226342 68 2 1
a contact +226110 +226342 2 68 1
a contact +231955 +232292 68 2 1
a contact +231955 +232292 2 68 1
a contact +237773 +238315 68 2 1
a contact +237773 +238315 2 68 1
a contact +243658 +244355 68 2 1
a contact +243658 +244355 2 68 1
a contact +249638 +250403 68 2 1
a contact +249638 +250403 2 68 1
a contact +255713 +256464 68 2 1
a contact +255713 +256464 2 68 1
a contact +261868 +262548 68 2 1
a contact +261868 +262548 2 68 1
a contact +268056 +268674 68 2 1
a contact +268056 +268674 2 68 1
a contact +274214 +274849 68 2 1
a contact +274214 +274849 2 68 1
a contact +280320 +281029 68 2 1
a contact +280320 +281029 2 68 1
a contact +286393 +287154 68 2 1
a contact +286393 +287154 2 68 1
a contact +292448 +293189 68 2 1
a contact +292448 +293189 2 68 1
a contact +298493 +299128 68 2 1
a contact +298493 +299128 2 68 1
a contact +304527 +304981 68 2 1
a contact +304527 +304981 2 68 1
a contact +310532 +310792 68 2 1
a contact +310532 +310792 2 68 1
a contact +316417 +316700 68 2 1
a contact +316417 +316700 2 68 1
a contact +322227 +322712 68 2 1
a contact +322227 +322712 2 68 1
a contact +328089 +328748 68 2 1
a contact +328089 +328748 2 68 1
a contact +334040 +334794 68 2 1
a contact +334040 +334794 2 68 1
a contact +340088 +340850 68 2 1
a contact +340088 +340850 2 68 1
a contact +346223 +346926 68 2 1
a contact +346223 +346926 2 68 1
a contact +352407 +353037 68 2 1
a contact +352407 +353037 2 68 1
a contact +358579 +359200 68 2 1
a contact +358579 +359200 2 68 1
a contact +364699 +365386 68 2 1
a contact +364699 +365386 2 68 1
a contact +370780 +371531 68 2 1
a contact +370780 +371531 2 68 1
a contact +376839 +377595 68 2 1
a contact +376839 +377595 2 68 1
a contact +382887 +383562 68 2 1
a contact +382887 +383562 2 68 1
a contact +388925 +389437 68 2 1
a contact +388925 +389437 2 68 1
a contact +394943 +395252 68 2 1
a contact +394943 +395252 2 68 1
a contact +400873 +401116 68 2 1
a contact +400873 +401116 2 68 1
a contact +406686 +407111 68 2 1
a contact +406686 +407111 2 68 1
a contact +412527 +413142 68 2 1
a contact +412527 +413142 2 68 1
a contact +418450 +419185 68 2 1
a contact +418450 +419185 2 68 1
a contact +424470 +425238 68 2 1
a contact +424470 +425238 2 68 1
a contact +430582 +431307 68 2 1
a contact +430582 +431307 2 68 1
a contact +436758 +437406 68 2 1
a contact +436758 +437406 2 68 1
a contact +442939 +443553 68 2 1
a contact +442939 +443553 2 68 1
a contact +449075 +449738 68 2 1
a contact +449075 +449738 2 68 1
a contact +455165 +455902 68 2 1
a contact +455165 +455902 2 68 1
a contact +461230 +461992 68 2 1
a contact +461230 +461992 2 68 1
a contact +467280 +467988 68 2 1
a contact +467280 +467988 2 68 1
a contact +473321 +473888 68 2 1
a contact +473321 +473888 2 68 1
a contact +479348 +479715 68 2 1
a contact +479348 +479715 2 68 1
a contact +485316 +485545 68 2 1
a contact +485316 +485545 2 68 1
a contact +491149 +491511 68 2 1
a contact +491149 +491511 2 68 1
a contact +496972 +497538 68 2 1
a contact +496972 +497538 2 68 1
a contact +502869 +503578 68 2 1
a contact +502869 +503578 2 68 1
a contact +508860 +509628 68 2 1
a contact +508860 +509628 2 68 1
a contact +514946 +515691 68 2 1
a contact +514946 +515691 2 68 1
a contact +521108 +521778 68 2 1
a contact +521108 +521778 2 68 1
a contact +527296 +527910 68 2 1
a contact +527296 +527910 2 68 1
a contact +533447 +534089 68 2 1
a contact +533447 +534089 2 68 1
a contact +539548 +540266 68 2 1
a contact +539548 +540266 2 68 1
a contact +545618 +546381 68 2 1
a contact +545618 +546381 2 68 1
a contact +551672 +552405 68 2 1
a contact +551672 +552405 2 68 1
a contact +557716 +558333 68 2 1
a contact +557716 +558333 2 68 1
a contact +563748 +564177 68 2 1
a contact +563748 +564177 2 68 1
a contact +569745 +569990 68 2 1
a contact +569745 +569990 2 68 1
a contact +575612 +575916 68 2 1
a contact +575612 +575916 2 68 1
a contact +581424 +581934 68 2 1
a contact +581424 +581934 2 68 1
a contact +587296 +587971 68 2 1
a contact +587296 +587971 2 68 1
a contact +593258 +594018 68 2 1
a contact +593258 +594018 2 68 1
a contact +599318 +600076 68 2 1
a contact +599318 +600076 2 68 1
a contact +2067 +2764 69 2 1
a contact +2067 +2764 2 69 1
a contact +8253 +8879 69 2 1
a contact +8253 +8879 2 69 1
a contact +14421 +15045 69 2 1
a contact +14421 +15045 2 69 1
a contact +20538 +21230 69 2 1
a contact +20538 +21230 2 69 1
a contact +26616 +27370 69 2 1
a contact +26616 +27370 2 69 1
a contact +32674 +33426 69 2 1
a contact +32674 +33426 2 69 1
a contact +38721 +39385 69 2 1
a contact +38721 +39385 2 69 1
a contact +44758 +45254 69 2 1
a contact +44758 +45254 2 69 1
a contact +50773 +51067 69 2 1
a contact +50773 +51067 2 69 1
a contact +56690 +56942 69 2 1
a contact +56690 +56942 2 69 1
a contact +62502 +62943 69 2 1
a contact +62502 +62943 2 69 1
a contact +68348 +68976 69 2 1
a contact +68348 +68976 2 69 1
a contact +74278 +75020 69 2 1
a contact +74278 +75020 2 69 1
a contact +80306 +81074 69 2 1
a contact +80306 +81074 2 69 1
a contact +86425 +87144 69 2 1
a contact +86425 +87144 2 69 1
a contact +92604 +93246 69 2 1
a contact +92604 +93246 2 69 1
a contact +98783 +99398 69 2 1
a contact +98783 +99398 2 69 1
a contact +104914 +105584 69 2 1
a contact +104914 +105584 2 69 1
a contact +111002 +111743 69 2 1
a contact +111002 +111743 2 69 1
a contact +117064 +117826 69 2 1
a contact +117064 +117826 2 69 1
a contact +123114 +123813 69 2 1
a contact +123114 +123813 2 69 1
a contact +129154 +129707 69 2 1
a contact +129154 +129707 2 69 1
a contact +135179 +135529 69 2 1
a contact +135179 +135529 2 69 1
a contact +141138 +141368 69 2 1
a contact +141138 +141368 2 69 1
a contact +146964 +147343 69 2 1
a contact +146964 +147343 2 69 1
a contact +152791 +153371 69 2 1
a contact +152791 +153371 2 69 1
a contact +158695 +159412 69 2 1
a contact +158695 +159412 2 69 1
a contact +164694 +165463 69 2 1
a contact +164694 +165463 2 69 1
a contact +170788 +171527 69 2 1
a contact +170788 +171527 2 69 1
a contact +176954 +177618 69 2 1
a contact +176954 +177618 2 69 1
a contact +183140 +183754 69 2 1
a contact +183140 +183754 2 69 1
a contact +189287 +189935 69 2 1
a contact +189287 +189935 2 69 1
a contact +195385 +196109 69 2 1
a contact +195385 +196109 2 69 1
a contact +201454 +202217 69 2 1
a contact +201454 +202217 2 69 1
a contact +207506 +208233 69 2 1
a contact +207506 +208233 2 69 1
a contact +213549 +214153 69 2 1
a contact +213549 +214153 2 69 1
a contact +219580 +219992 69 2 1
a contact +219580 +219992 2 69 1
a contact +225570 +225809 69 2 1
a contact +225570 +225809 2 69 1
a contact +231427 +231746 69 2 1
a contact +231427 +231746 2 69 1
a contact +237241 +237767 69 2 1
a contact +237241 +237767 2 69 1
a contact +243119 +243805 69 2 1
a contact +243119 +243805 2 69 1
a contact +249090 +249853 69 2 1
a contact +249090 +249853 2 69 1
a contact +255157 +255912 69 2 1
a contact +255157 +255912 2 69 1
a contact +261306 +261993 69 2 1
a contact +261306 +261993 2 69 1
a contact +267494 +268114 69 2 1
a contact +267494 +268114 2 69 1
a contact +273656 +274286 69 2 1
a contact +273656 +274286 2 69 1
a contact +279767 +280468 69 2 1
a contact +279767 +280468 2 69 1
a contact +285842 +286600 69 2 1
a contact +285842 +286600 2 69 1
a contact +291898 +292644 69 2 1
a contact +291898 +292644 2 69 1
a contact +297944 +298592 69 2 1
a contact +297944 +298592 2 69 1
a contact +303979 +304451 69 2 1
a contact +303979 +304451 2 69 1
a contact +309989 +310263 69 2 1
a contact +309989 +310263 2 69 1
a contact +315887 +316156 69 2 1
a contact +315887 +316156 2 69 1
a contact +321697 +322164 69 2 1
a contact +321697 +322164 2 69 1
a contact +327552 +328199 69 2 1
a contact +327552 +328199 2 69 1
a contact +333494 +334244 69 2 1
a contact +333494 +334244 2 69 1
a contact +339534 +340299 69 2 1
a contact +339534 +340299 2 69 1
a contact +345662 +346372 69 2 1
a contact +345662 +346372 2 69 1
a contact +351844 +352479 69 2 1
a contact +351844 +352479 2 69 1
a contact +358020 +358637 69 2 1
a contact +358020 +358637 2 69 1
a contact +364145 +364824 69 2 1
a contact +364145 +364824 2 69 1
a contact +370228 +370975 69 2 1
a contact +370228 +370975 2 69 1
a contact +376289 +377047 69 2 1
a contact +376289 +377047 2 69 1
a contact +382337 +383023 69 2 1
a contact +382337 +383023 2 69 1
a contact +388376 +388906 69 2 1
a contact +388376 +388906 2 69 1
a contact +394397 +394724 69 2 1
a contact +394397 +394724 2 69 1
a contact +400340 +400576 69 2 1
a contact +400340 +400576 2 69 1
a contact +406158 +406563 69 2 1
a contact +406158 +406563 2 69 1
a contact +411993 +412593 69 2 1
a contact +411993 +412593 2 69 1
a contact +417907 +418635 69 2 1
a contact +417907 +418635 2 69 1
a contact +423918 +424687 69 2 1
a contact +423918 +424687 2 69 1
a contact +430022 +430754 69 2 1
a contact +430022 +430754 2 69 1
a contact +436195 +436849 69 2 1
a contact +436195 +436849 2 69 1
a contact +442379 +442992 69 2 1
a contact +442379 +442992 2 69 1
a contact +448519 +449176 69 2 1
a contact +448519 +449176 2 69 1
a contact +454613 +455344 69 2 1
a contact +454613 +455344 2 69 1
a contact +460679 +461442 69 2 1
a contact +460679 +461442 2 69 1
a contact +466730 +467446 69 2 1
a contact +466730 +467446 2 69 1
a contact +472772 +473355 69 2 1
a contact +472772 +473355 2 69 1
a contact +478800 +479186 69 2 1
a contact +478800 +479186 2 69 1
a contact +484779 +485010 69 2 1
a contact +484779 +485010 2 69 1
a contact +490621 +490965 69 2 1
a contact +490621 +490965 2 69 1
a contact +496440 +496989 69 2 1
a contact +496440 +496989 2 69 1
a contact +502329 +503028 69 2 1
a contact +502329 +503028 2 69 1
a contact +508311 +509077 69 2 1
a contact +508311 +509077 2 69 1
a contact +514389 +515138 69 2 1
a contact +514389 +515138 2 69 1
a contact +520546 +521223 69 2 1
a contact +520546 +521223 2 69 1
a contact +526734 +527350 69 2 1
a contact +526734 +527350 2 69 1
a contact +532890 +533526 69 2 1
a contact +532890 +533526 2 69 1
a contact +538995 +539706 69 2 1
a contact +538995 +539706 2 69 1
a contact +545067 +545828 69 2 1
a contact +545067 +545828 2 69 1
a contact +551122 +551861 69 2 1
a contact +551122 +551861 2 69 1
a contact +557166 +557797 69 2 1
a contact +557166 +557797 2 69 1
a contact +563200 +563648 69 2 1
a contact +563200 +563648 2 69 1
a contact +569203 +569459 69 2 1
a contact +569203 +569459 2 69 1
a contact +575083 +575371 69 2 1
a contact +575083 +575371 2 69 1
a contact +580894 +581385 69 2 1
a contact +580894 +581385 2 69 1
a contact +586758 +587421 69 2 1
a contact +586758 +587421 2 69 1
a contact +592712 +593467 69 2 1
a contact +592712 +593467 2 69 1
a contact +598763 +599525 69 2 1
a contact +598763 +599525 2 69 1
a contact +1505 +2209 70 2 1
a contact +1505 +2209 2 70 1
a contact +7689 +8320 70 2 1
a contact +7689 +8320 2 70 1
a contact +13861 +14482 70 2 1
a contact +13861 +14482 2 70 1
a contact +19982 +20667 70 2 1
a contact +19982 +20667 2 70 1
a contact +26063 +26814 70 2 1
a contact +26063 +26814 2 70 1
a contact +32122 +32878 70 2 1
a contact +32122 +32878 2 70 1
a contact +38170 +38846 70 2 1
a contact +38170 +38846 2 70 1
a contact +44208 +44723 70 2 1
a contact +44208 +44723 2 70 1
a contact +50227 +50537 70 2 1
a contact +50227 +50537 2 70 1
a contact +56158 +56400 70 2 1
a contact +56158 +56400 2 70 1
a contact +61972 +62394 70 2 1
a contact +61972 +62394 2 70 1
a contact +67812 +68426 70 2 1
a contact +67812 +68426 2 70 1
a contact +73734 +74469 70 2 1
a contact +73734 +74469 2 70 1
a contact +79753 +80521 70 2 1
a contact +79753 +80521 2 70 1
a contact +85864 +86590 70 2 1
a contact +85864 +86590 2 70 1
a contact +92039 +92688 70 2 1
a contact +92039 +92688 2 70 1
a contact +98221 +98835 70 2 1
a contact +98221 +98835 2 70 1
a contact +104358 +105020 70 2 1
a contact +104358 +105020 2 70 1
a contact +110448 +111184 70 2 1
a contact +110448 +111184 2 70 1
a contact +116513 +117275 70 2 1
a contact +116513 +117275 2 70 1
a contact +122563 +123272 70 2 1
a contact +122563 +123272 2 70 1
a contact +128604 +129173 70 2 1
a contact +128604 +129173 2 70 1
a contact +134631 +135000 70 2 1
a contact +134631 +135000 2 70 1
a contact +140601 +140830 70 2 1
a contact +140601 +140830 2 70 1
a contact +146434 +146795 70 2 1
a contact +146434 +146795 2 70 1
a contact +152257 +152821 70 2 1
a contact +152257 +152821 2 70 1
a contact +158153 +158861 70 2 1
a contact +158153 +158861 2 70 1
a contact +164143 +164911 70 2 1
a contact +164143 +164911 2 70 1
a contact +170229 +170973 70 2 1
a contact +170229 +170973 2 70 1
a contact +176390 +177061 70 2 1
a contact +176390 +177061 2 70 1
a contact +182577 +183192 70 2 1
a contact +182577 +183192 2 70 1
a contact +188729 +189371 70 2 1
a contact +188729 +189371 2 70 1
a contact +194831 +195548 70 2 1
a contact +194831 +195548 2 70 1
a contact +200901 +201664 70 2 1
a contact +200901 +201664 2 70 1
a contact +206955 +207689 70 2 1
a contact +206955 +207689 2 70 1
a contact +212999 +213617 70 2 1
a contact +212999 +213617 2 70 1
a contact +219031 +219462 70 2 1
a contact +219031 +219462 2 70 1
a contact +225029 +225276 70 2 1
a contact +225029 +225276 2 70 1
a contact +230897 +231200 70 2 1
a contact +230897 +231200 2 70 1
a contact +236710 +237217 70 2 1
a contact +236710 +237217 2 70 1
a contact +242580 +243254 70 2 1
a contact +242580 +243254 2 70 1
a contact +248542 +249301 70 2 1
a contact +248542 +249301 2 70 1
a contact +254600 +255359 70 2 1
a contact +254600 +255359 2 70 1
a contact +260743 +261438 70 2 1
a contact +260743 +261438 2 70 1
a contact +266930 +267554 70 2 1
a contact +266930 +267554 2 70 1
a contact +273096 +273722 70 2 1
a contact +273096 +273722 2 70 1
a contact +279211 +279906 70 2 1
a contact +279211 +279906 2 70 1
a contact +285289 +286044 70 2 1
a contact +285289 +286044 2 70 1
a contact +291347 +292097 70 2 1
a contact +291347 +292097 2 70 1
a contact +297393 +298054 70 2 1
a contact +297393 +298054 2 70 1
a contact +303429 +303920 70 2 1
a contact +303429 +303920 2 70 1
a contact +309444 +309732 70 2 1
a contact +309444 +309732 2 70 1
a contact +315356 +315612 70 2 1
a contact +315356 +315612 2 70 1
a contact +321167 +321615 70 2 1
a contact +321167 +321615 2 70 1
a contact +327015 +327648 70 2 1
a contact +327015 +327648 2 70 1
a contact +332949 +333692 70 2 1
a contact +332949 +333692 2 70 1
a contact +338979 +339746 70 2 1
a contact +338979 +339746 2 70 1
a contact +345100 +345818 70 2 1
a contact +345100 +345818 2 70 1
a contact +351280 +351921 70 2 1
a contact +351280 +351921 2 70 1
a contact +357459 +358074 70 2 1
a contact +357459 +358074 2 70 1
a contact +363589 +364260 70 2 1
a contact +363589 +364260 2 70 1
a contact +369675 +370418 70 2 1
a contact +369675 +370418 2 70 1
a contact +375737 +376498 70 2 1
a contact +375737 +376498 2 70 1
a contact +381786 +382483 70 2 1
a contact +381786 +382483 2 70 1
a contact +387826 +388373 70 2 1
a contact +387826 +388373 2 70 1
a contact +393850 +394194 70 2 1
a contact +393850 +394194 2 70 1
a contact +399805 +400036 70 2 1
a contact +399805 +400036 2 70 1
a contact +405629 +406014 70 2 1
a contact +405629 +406014 2 70 1
a contact +411458 +412043 70 2 1
a contact +411458 +412043 2 70 1
a contact +417364 +418084 70 2 1
a contact +417364 +418084 2 70 1
a contact +423366 +424135 70 2 1
a contact +423366 +424135 2 70 1
a contact +429463 +430200 70 2 1
a contact +429463 +430200 2 70 1
a contact +435631 +436292 70 2 1
a contact +435631 +436292 2 70 1
a contact +441816 +442430 70 2 1
a contact +441816 +442430 2 70 1
a contact +447962 +448612 70 2 1
a contact +447962 +448612 2 70 1
a contact +454059 +454784 70 2 1
a contact +454059 +454784 2 70 1
a contact +460126 +460890 70 2 1
a contact +460126 +460890 2 70 1
a contact +466179 +466903 70 2 1
a contact +466179 +466903 2 70 1
a contact +472221 +472820 70 2 1
a contact +472221 +472820 2 70 1
a contact +478252 +478657 70 2 1
a contact +478252 +478657 2 70 1
a contact +484240 +484475 70 2 1
a contact +484240 +484475 2 70 1
a contact +490092 +490417 70 2 1
a contact +490092 +490417 2 70 1
a contact +495908 +496439 70 2 1
a contact +495908 +496439 2 70 1
a contact +501788 +502477 70 2 1
a contact +501788 +502477 2 70 1
a contact +507762 +508525 70 2 1
a contact +507762 +508525 2 70 1
a contact +513831 +514585 70 2 1
a contact +513831 +514585 2 70 1
a contact +519982 +520667 70 2 1
a contact +519982 +520667 2 70 1
a contact +526170 +526790 70 2 1
a contact +526170 +526790 2 70 1
a contact +532331 +532962 70 2 1
a contact +532331 +532962 2 70 1
a contact +538440 +539144 70 2 1
a contact +538440 +539144 2 70 1
a contact +544515 +545274 70 2 1
a contact +544515 +545274 2 70 1
a contact +550571 +551315 70 2 1
a contact +550571 +551315 2 70 1
a contact +556616 +557260 70 2 1
a contact +556616 +557260 2 70 1
a contact +562651 +563117 70 2 1
a contact +562651 +563117 2 70 1
a contact +568659 +568928 70 2 1
a contact +568659 +568928 2 70 1
a contact +574553 +574826 70 2 1
a contact +574553 +574826 2 70 1
a contact +580363 +580836 70 2 1
a contact +580363 +580836 2 70 1
a contact +586220 +586871 70 2 1
a contact +586220 +586871 2 70 1
a contact +592165 +592916 70 2 1
a contact +592165 +592916 2 70 1
a contact +598207 +598972 70 2 1
a contact +598207 +598972 2 70 1
a contact +604338 +604800 70 2 1
a contact +604338 +604800 2 70 1
a contact +942 +1653 71 2 1
a contact +942 +1653 2 71 1
a contact +7124 +7760 71 2 1
a contact +7124 +7760 2 71 1
a contact +13300 +13917 71 2 1
a contact +13300 +13917 2 71 1
a contact +19425 +20104 71 2 1
a contact +19425 +20104 2 71 1
a contact +25509 +26256 71 2 1
a contact +25509 +26256 2 71 1
a contact +31570 +32329 71 2 1
a contact +31570 +32329 2 71 1
a contact +37618 +38306 71 2 1
a contact +37618 +38306 2 71 1
a contact +43657 +44190 71 2 1
a contact +43657 +44190 2 71 1
a contact +49679 +50007 71 2 1
a contact +49679 +50007 2 71 1
a contact +55623 +55858 71 2 1
a contact +55623 +55858 2 71 1
a contact +61442 +61844 71 2 1
a contact +61442 +61844 2 71 1
a contact +67276 +67875 71 2 1
a contact +67276 +67875 2 71 1
a contact +73189 +73917 71 2 1
a contact +73189 +73917 2 71 1
a contact +79199 +79968 71 2 1
a contact +79199 +79968 2 71 1
a contact +85303 +86035 71 2 1
a contact +85303 +86035 2 71 1
a contact +91474 +92130 71 2 1
a contact +91474 +92130 2 71 1
a contact +97659 +98272 71 2 1
a contact +97659 +98272 2 71 1
a contact +103800 +104456 71 2 1
a contact +103800 +104456 2 71 1
a contact +109894 +110624 71 2 1
a contact +109894 +110624 2 71 1
a contact +115960 +116723 71 2 1
a contact +115960 +116723 2 71 1
a contact +122011 +122728 71 2 1
a contact +122011 +122728 2 71 1
a contact +128053 +128638 71 2 1
a contact +128053 +128638 2 71 1
a contact +134082 +134470 71 2 1
a contact +134082 +134470 2 71 1
a contact +140062 +140293 71 2 1
a contact +140062 +140293 2 71 1
a contact +145905 +146246 71 2 1
a contact +145905 +146246 2 71 1
a contact +151724 +152270 71 2 1
a contact +151724 +152270 2 71 1
a contact +157611 +158309 71 2 1
a contact +157611 +158309 2 71 1
a contact +163592 +164358 71 2 1
a contact +163592 +164358 2 71 1
a contact +169670 +170419 71 2 1
a contact +169670 +170419 2 71 1
a contact +175826 +176504 71 2 1
a contact +175826 +176504 2 71 1
a contact +182013 +182631 71 2 1
a contact +182013 +182631 2 71 1
a contact +188170 +188806 71 2 1
a contact +188170 +188806 2 71 1
a contact +194276 +194986 71 2 1
a contact +194276 +194986 2 71 1
a contact +200348 +201109 71 2 1
a contact +200348 +201109 2 71 1
a contact +206403 +207143 71 2 1
a contact +206403 +207143 2 71 1
a contact +212448 +213080 71 2 1
a contact +212448 +213080 2 71 1
a contact +218482 +218931 71 2 1
a contact +218482 +218931 2 71 1
a contact +224485 +224743 71 2 1
a contact +224485 +224743 2 71 1
a contact +230367 +230653 71 2 1
a contact +230367 +230653 2 71 1
a contact +236178 +236667 71 2 1
a contact +236178 +236667 2 71 1
a contact +242041 +242703 71 2 1
a contact +242041 +242703 2 71 1
a contact +247994 +248749 71 2 1
a contact +247994 +248749 2 71 1
a contact +254044 +254806 71 2 1
a contact +254044 +254806 2 71 1
a contact +260180 +260882 71 2 1
a contact +260180 +260882 2 71 1
a contact +266365 +266994 71 2 1
a contact +266365 +266994 2 71 1
a contact +272536 +273157 71 2 1
a contact +272536 +273157 2 71 1
a contact +278655 +279343 71 2 1
a contact +278655 +279343 2 71 1
a contact +284735 +285487 71 2 1
a contact +284735 +285487 2 71 1
a contact +290794 +291549 71 2 1
a contact +290794 +291549 2 71 1
a contact +296842 +297514 71 2 1
a contact +296842 +297514 2 71 1
a contact +302879 +303388 71 2 1
a contact +302879 +303388 2 71 1
a contact +308897 +309202 71 2 1
a contact +308897 +309202 2 71 1
a contact +314824 +315069 71 2 1
a contact +314824 +315069 2 71 1
a contact +320637 +321065 71 2 1
a contact +320637 +321065 2 71 1
a contact +326478 +327097 71 2 1
a contact +326478 +327097 2 71 1
a contact +332403 +333140 71 2 1
a contact +332403 +333140 2 71 1
a contact +338425 +339193 71 2 1
a contact +338425 +339193 2 71 1
a contact +344539 +345263 71 2 1
a contact +344539 +345263 2 71 1
a contact +350715 +351362 71 2 1
a contact +350715 +351362 2 71 1
a contact +356897 +357511 71 2 1
a contact +356897 +357511 2 71 1
a contact +363031 +363696 71 2 1
a contact +363031 +363696 2 71 1
a contact +369121 +369858 71 2 1
a contact +369121 +369858 2 71 1
a contact +375185 +375947 71 2 1
a contact +375185 +375947 2 71 1
a contact +381235 +381940 71 2 1
a contact +381235 +381940 2 71 1
a contact +387275 +387839 71 2 1
a contact +387275 +387839 2 71 1
a contact +393302 +393665 71 2 1
a contact +393302 +393665 2 71 1
a contact +399268 +399497 71 2 1
a contact +399268 +399497 2 71 1
a contact +405099 +405465 71 2 1
a contact +405099 +405465 2 71 1
a contact +410923 +411492 71 2 1
a contact +410923 +411492 2 71 1
a contact +416821 +417533 71 2 1
a contact +416821 +417533 2 71 1
a contact +422815 +423583 71 2 1
a contact +422815 +423583 2 71 1
a contact +428903 +429646 71 2 1
a contact +428903 +429646 2 71 1
a contact +435066 +435734 71 2 1
a contact +435066 +435734 2 71 1
a contact +441253 +441868 71 2 1
a contact +441253 +441868 2 71 1
a contact +447403 +448047 71 2 1
a contact +447403 +448047 2 71 1
a contact +453504 +454223 71 2 1
a contact +453504 +454223 2 71 1
a contact +459574 +460336 71 2 1
a contact +459574 +460336 2 71 1
a contact +465627 +466358 71 2 1
a contact +465627 +466358 2 71 1
a contact +471670 +472284 71 2 1
a contact +471670 +472284 2 71 1
a contact +477702 +478127 71 2 1
a contact +477702 +478127 2 71 1
a contact +483698 +483941 71 2 1
a contact +483698 +483941 2 71 1
a contact +489562 +489870 71 2 1
a contact +489562 +489870 2 71 1
a contact +495375 +495888 71 2 1
a contact +495375 +495888 2 71 1
a contact +501248 +501926 71 2 1
a contact +501248 +501926 2 71 1
a contact +507212 +507973 71 2 1
a contact +507212 +507973 2 71 1
a contact +513274 +514031 71 2 1
a contact +513274 +514031 2 71 1
a contact +519419 +520111 71 2 1
a contact +519419 +520111 2 71 1
a contact +525606 +526229 71 2 1
a contact +525606 +526229 2 71 1
a contact +531771 +532398 71 2 1
a contact +531771 +532398 2 71 1
a contact +537885 +538582 71 2 1
a contact +537885 +538582 2 71 1
a contact +543961 +544718 71 2 1
a contact +543961 +544718 2 71 1
a contact +550018 +550768 71 2 1
a contact +550018 +550768 2 71 1
a contact +556065 +556721 71 2 1
a contact +556065 +556721 2 71 1
a contact +562101 +562586 71 2 1
a contact +562101 +562586 2 71 1
a contact +568113 +568397 71 2 1
a contact +568113 +568397 2 71 1
a contact +574022 +574281 71 2 1
a contact +574022 +574281 2 71 1
a contact +579832 +580286 71 2 1
a contact +579832 +580286 2 71 1
a contact +585682 +586320 71 2 1
a contact +585682 +586320 2 71 1
a contact +591619 +592364 71 2 1
a contact +591619 +592364 2 71 1
a contact +597652 +598419 71 2 1
a contact +597652 +598419 2 71 1
a contact +603775 +604490 71 2 1
a contact +603775 +604490 2 71 1
a contact +380 +1098 72 2 1
a contact +380 +1098 2 72 1
a contact +6559 +7201 72 2 1
a contact +6559 +7201 2 72 1
a contact +12738 +13353 72 2 1
a contact +12738 +13353 2 72 1
a contact +18869 +19540 72 2 1
a contact +18869 +19540 2 72 1
a contact +24955 +25697 72 2 1
a contact +24955 +25697 2 72 1
a contact +31018 +31778 72 2 1
a contact +31018 +31778 2 72 1
a contact +37067 +37764 72 2 1
a contact +37067 +37764 2 72 1
a contact +43107 +43656 72 2 1
a contact +43107 +43656 2 72 1
a contact +49131 +49478 72 2 1
a contact +49131 +49478 2 72 1
a contact +55088 +55318 72 2 1
a contact +55088 +55318 2 72 1
a contact +60912 +61295 72 2 1
a contact +60912 +61295 2 72 1
a contact +66741 +67324 72 2 1
a contact +66741 +67324 2 72 1
a contact +72646 +73365 72 2 1
a contact +72646 +73365 2 72 1
a contact +78647 +79416 72 2 1
a contact +78647 +79416 2 72 1
a contact +84742 +85481 72 2 1
a contact +84742 +85481 2 72 1
a contact +90910 +91572 72 2 1
a contact +90910 +91572 2 72 1
a contact +97096 +97709 72 2 1
a contact +97096 +97709 2 72 1
a contact +103242 +103891 72 2 1
a contact +103242 +103891 2 72 1
a contact +109339 +110064 72 2 1
a contact +109339 +110064 2 72 1
a contact +115407 +116170 72 2 1
a contact +115407 +116170 2 72 1
a contact +121459 +122184 72 2 1
a contact +121459 +122184 2 72 1
a contact +127502 +128103 72 2 1
a contact +127502 +128103 2 72 1
a contact +133533 +133940 72 2 1
a contact +133533 +133940 2 72 1
a contact +139521 +139758 72 2 1
a contact +139521 +139758 2 72 1
a contact +145375 +145699 72 2 1
a contact +145375 +145699 2 72 1
a contact +151190 +151719 72 2 1
a contact +151190 +151719 2 72 1
a contact +157070 +157758 72 2 1
a contact +157070 +157758 2 72 1
a contact +163042 +163806 72 2 1
a contact +163042 +163806 2 72 1
a contact +169111 +169866 72 2 1
a contact +169111 +169866 2 72 1
a contact +175262 +175947 72 2 1
a contact +175262 +175947 2 72 1
a contact +181449 +182069 72 2 1
a contact +181449 +182069 2 72 1
a contact +187611 +188241 72 2 1
a contact +187611 +188241 2 72 1
a contact +193720 +194424 72 2 1
a contact +193720 +194424 2 72 1
a contact +199795 +200554 72 2 1
a contact +199795 +200554 2 72 1
a contact +205851 +206596 72 2 1
a contact +205851 +206596 2 72 1
a contact +211896 +212542 72 2 1
a contact +211896 +212542 2 72 1
a contact +217932 +218400 72 2 1
a contact +217932 +218400 2 72 1
a contact +223940 +224211 72 2 1
a contact +223940 +224211 2 72 1
a contact +229836 +230108 72 2 1
a contact +229836 +230108 2 72 1
a contact +235646 +236117 72 2 1
a contact +235646 +236117 2 72 1
a contact +241502 +242152 72 2 1
a contact +241502 +242152 2 72 1
a contact +247446 +248197 72 2 1
a contact +247446 +248197 2 72 1
a contact +253488 +254252 72 2 1
a contact +253488 +254252 2 72 1
a contact +259617 +260326 72 2 1
a contact +259617 +260326 2 72 1
a contact +265800 +266434 72 2 1
a contact +265800 +266434 2 72 1
a contact +271975 +272593 72 2 1
a contact +271975 +272593 2 72 1
a contact +278099 +278779 72 2 1
a contact +278099 +278779 2 72 1
a contact +284182 +284930 72 2 1
a contact +284182 +284930 2 72 1
a contact +290242 +291000 72 2 1
a contact +290242 +291000 2 72 1
a contact +296290 +296974 72 2 1
a contact +296290 +296974 2 72 1
a contact +302329 +302855 72 2 1
a contact +302329 +302855 2 72 1
a contact +308350 +308672 72 2 1
a contact +308350 +308672 2 72 1
a contact +314290 +314527 72 2 1
a contact +314290 +314527 2 72 1
a contact +320106 +320515 72 2 1
a contact +320106 +320515 2 72 1
a contact +325942 +326546 72 2 1
a contact +325942 +326546 2 72 1
a contact +331859 +332588 72 2 1
a contact +331859 +332588 2 72 1
a contact +337872 +338641 72 2 1
a contact +337872 +338641 2 72 1
a contact +343977 +344708 72 2 1
a contact +343977 +344708 2 72 1
a contact +350150 +350804 72 2 1
a contact +350150 +350804 2 72 1
a contact +356334 +356947 72 2 1
a contact +356334 +356947 2 72 1
a contact +362474 +363132 72 2 1
a contact +362474 +363132 2 72 1
a contact +368566 +369299 72 2 1
a contact +368566 +369299 2 72 1
a contact +374632 +375395 72 2 1
a contact +374632 +375395 2 72 1
a contact +380683 +381397 72 2 1
a contact +380683 +381397 2 72 1
a contact +386724 +387305 72 2 1
a contact +386724 +387305 2 72 1
a contact +392753 +393135 72 2 1
a contact +392753 +393135 2 72 1
a contact +398730 +398960 72 2 1
a contact +398730 +398960 2 72 1
a contact +404569 +404917 72 2 1
a contact +404569 +404917 2 72 1
a contact +410389 +410941 72 2 1
a contact +410389 +410941 2 72 1
a contact +416279 +416981 72 2 1
a contact +416279 +416981 2 72 1
a contact +422264 +423030 72 2 1
a contact +422264 +423030 2 72 1
a contact +428344 +429092 72 2 1
a contact +428344 +429092 2 72 1
a contact +434502 +435177 72 2 1
a contact +434502 +435177 2 72 1
a contact +440689 +441306 72 2 1
a contact +440689 +441306 2 72 1
a contact +446844 +447482 72 2 1
a contact +446844 +447482 2 72 1
a contact +452949 +453661 72 2 1
a contact +452949 +453661 2 72 1
a contact +459021 +459782 72 2 1
a contact +459021 +459782 2 72 1
a contact +465075 +465813 72 2 1
a contact +465075 +465813 2 72 1
a contact +471119 +471747 72 2 1
a contact +471119 +471747 2 72 1
a contact +477153 +477596 72 2 1
a contact +477153 +477596 2 72 1
a contact +483154 +483408 72 2 1
a contact +483154 +483408 2 72 1
a contact +489032 +489323 72 2 1
a contact +489032 +489323 2 72 1
a contact +494843 +495338 72 2 1
a contact +494843 +495338 2 72 1
a contact +500708 +501374 72 2 1
a contact +500708 +501374 2 72 1
a contact +506664 +507421 72 2 1
a contact +506664 +507421 2 72 1
a contact +512717 +513478 72 2 1
a contact +512717 +513478 2 72 1
a contact +518855 +519555 72 2 1
a contact +518855 +519555 2 72 1
a contact +525041 +525668 72 2 1
a contact +525041 +525668 2 72 1
a contact +531210 +531833 72 2 1
a contact +531210 +531833 2 72 1
a contact +537328 +538018 72 2 1
a contact +537328 +538018 2 72 1
a contact +543408 +544161 72 2 1
a contact +543408 +544161 2 72 1
a contact +549466 +550220 72 2 1
a contact +549466 +550220 2 72 1
a contact +555513 +556182 72 2 1
a contact +555513 +556182 2 72 1
a contact +561550 +562054 72 2 1
a contact +561550 +562054 2 72 1
a contact +567567 +567867 72 2 1
a contact +567567 +567867 2 72 1
a contact +573489 +573738 72 2 1
a contact +573489 +573738 2 72 1
a contact +579301 +579736 72 2 1
a contact +579301 +579736 2 72 1
a contact +585145 +585769 72 2 1
a contact +585145 +585769 2 72 1
a contact +591073 +591812 72 2 1
a contact +591073 +591812 2 72 1
a contact +597098 +597866 72 2 1
a contact +597098 +597866 2 72 1
a contact +603213 +603935 72 2 1
a contact +603213 +603935 2 72 1
a contact +0 +544 73 2 1
a contact +0 +544 2 73 1
a contact +5995 +6643 73 2 1
a contact +5995 +6643 2 73 1
a contact +12177 +12791 73 2 1
a contact +12177 +12791 2 73 1
a contact +18312 +18976 73 2 1
a contact +18312 +18976 2 73 1
a contact +24402 +25139 73 2 1
a contact +24402 +25139 2 73 1
a contact +30466 +31228 73 2 1
a contact +30466 +31228 2 73 1
a contact +36516 +37223 73 2 1
a contact +36516 +37223 2 73 1
a contact +42557 +43123 73 2 1
a contact +42557 +43123 2 73 1
a contact +48583 +48948 73 2 1
a contact +48583 +48948 2 73 1
a contact +54551 +54780 73 2 1
a contact +54551 +54780 2 73 1
a contact +60383 +60747 73 2 1
a contact +60383 +60747 2 73 1
a contact +66207 +66774 73 2 1
a contact +66207 +66774 2 73 1
a contact +72104 +72814 73 2 1
a contact +72104 +72814 2 73 1
a contact +78096 +78864 73 2 1
a contact +78096 +78864 2 73 1
a contact +84183 +84927 73 2 1
a contact +84183 +84927 2 73 1
a contact +90346 +91015 73 2 1
a contact +90346 +91015 2 73 1
a contact +96533 +97148 73 2 1
a contact +96533 +97148 2 73 1
a contact +102684 +103327 73 2 1
a contact +102684 +103327 2 73 1
a contact +108785 +109503 73 2 1
a contact +108785 +109503 2 73 1
a contact +114855 +115617 73 2 1
a contact +114855 +115617 2 73 1
a contact +120908 +121640 73 2 1
a contact +120908 +121640 2 73 1
a contact +126952 +127567 73 2 1
a contact +126952 +127567 2 73 1
a contact +132984 +133410 73 2 1
a contact +132984 +133410 2 73 1
a contact +138980 +139225 73 2 1
a contact +138980 +139225 2 73 1
a contact +144846 +145152 73 2 1
a contact +144846 +145152 2 73 1
a contact +150658 +151170 73 2 1
a contact +150658 +151170 2 73 1
a contact +156530 +157207 73 2 1
a contact +156530 +157207 2 73 1
a contact +162494 +163254 73 2 1
a contact +162494 +163254 2 73 1
a contact +168554 +169313 73 2 1
a contact +168554 +169313 2 73 1
a contact +174699 +175392 73 2 1
a contact +174699 +175392 2 73 1
a contact +180886 +181509 73 2 1
a contact +180886 +181509 2 73 1
a contact +187051 +187678 73 2 1
a contact +187051 +187678 2 73 1
a contact +193165 +193862 73 2 1
a contact +193165 +193862 2 73 1
a contact +199242 +199998 73 2 1
a contact +199242 +199998 2 73 1
a contact +205300 +206050 73 2 1
a contact +205300 +206050 2 73 1
a contact +211346 +212004 73 2 1
a contact +211346 +212004 2 73 1
a contact +217382 +217869 73 2 1
a contact +217382 +217869 2 73 1
a contact +223395 +223681 73 2 1
a contact +223395 +223681 2 73 1
a contact +229305 +229564 73 2 1
a contact +229305 +229564 2 73 1
a contact +235116 +235567 73 2 1
a contact +235116 +235567 2 73 1
a contact +240965 +241601 73 2 1
a contact +240965 +241601 2 73 1
a contact +246901 +247645 73 2 1
a contact +246901 +247645 2 73 1
a contact +252933 +253700 73 2 1
a contact +252933 +253700 2 73 1
a contact +259055 +259771 73 2 1
a contact +259055 +259771 2 73 1
a contact +265236 +265875 73 2 1
a contact +265236 +265875 2 73 1
a contact +271414 +272030 73 2 1
a contact +271414 +272030 2 73 1
a contact +277543 +278216 73 2 1
a contact +277543 +278216 2 73 1
a contact +283628 +284372 73 2 1
a contact +283628 +284372 2 73 1
a contact +289690 +290450 73 2 1
a contact +289690 +290450 2 73 1
a contact +295739 +296433 73 2 1
a contact +295739 +296433 2 73 1
a contact +301779 +302323 73 2 1
a contact +301779 +302323 2 73 1
a contact +307802 +308143 73 2 1
a contact +307802 +308143 2 73 1
a contact +313755 +313987 73 2 1
a contact +313755 +313987 2 73 1
a contact +319577 +319967 73 2 1
a contact +319577 +319967 2 73 1
a contact +325407 +325996 73 2 1
a contact +325407 +325996 2 73 1
a contact +331315 +332037 73 2 1
a contact +331315 +332037 2 73 1
a contact +337319 +338088 73 2 1
a contact +337319 +338088 2 73 1
a contact +343417 +344154 73 2 1
a contact +343417 +344154 2 73 1
a contact +349586 +350246 73 2 1
a contact +349586 +350246 2 73 1
a contact +355772 +356385 73 2 1
a contact +355772 +356385 2 73 1
a contact +361916 +362568 73 2 1
a contact +361916 +362568 2 73 1
a contact +368012 +368739 73 2 1
a contact +368012 +368739 2 73 1
a contact +374080 +374843 73 2 1
a contact +374080 +374843 2 73 1
a contact +380132 +380854 73 2 1
a contact +380132 +380854 2 73 1
a contact +386174 +386770 73 2 1
a contact +386174 +386770 2 73 1
a contact +392204 +392606 73 2 1
a contact +392204 +392606 2 73 1
a contact +398190 +398425 73 2 1
a contact +398190 +398425 2 73 1
a contact +404040 +404370 73 2 1
a contact +404040 +404370 2 73 1
a contact +409857 +410391 73 2 1
a contact +409857 +410391 2 73 1
a contact +415739 +416430 73 2 1
a contact +415739 +416430 2 73 1
a contact +421714 +422478 73 2 1
a contact +421714 +422478 2 73 1
a contact +427786 +428539 73 2 1
a contact +427786 +428539 2 73 1
a contact +433938 +434621 73 2 1
a contact +433938 +434621 2 73 1
a contact +440126 +440745 73 2 1
a contact +440126 +440745 2 73 1
a contact +446286 +446918 73 2 1
a contact +446286 +446918 2 73 1
a contact +452394 +453100 73 2 1
a contact +452394 +453100 2 73 1
a contact +458468 +459227 73 2 1
a contact +458468 +459227 2 73 1
a contact +464524 +465267 73 2 1
a contact +464524 +465267 2 73 1
a contact +470569 +471210 73 2 1
a contact +470569 +471210 2 73 1
a contact +476603 +477066 73 2 1
a contact +476603 +477066 2 73 1
a contact +482611 +482877 73 2 1
a contact +482611 +482877 2 73 1
a contact +488502 +488778 73 2 1
a contact +488502 +488778 2 73 1
a contact +494312 +494788 73 2 1
a contact +494312 +494788 2 73 1
a contact +500170 +500824 73 2 1
a contact +500170 +500824 2 73 1
a contact +506117 +506869 73 2 1
a contact +506117 +506869 2 73 1
a contact +512161 +512925 73 2 1
a contact +512161 +512925 2 73 1
a contact +518293 +519000 73 2 1
a contact +518293 +519000 2 73 1
a contact +524477 +525109 73 2 1
a contact +524477 +525109 2 73 1
a contact +530650 +531270 73 2 1
a contact +530650 +531270 2 73 1
a contact +536773 +537456 73 2 1
a contact +536773 +537456 2 73 1
a contact +542855 +543604 73 2 1
a contact +542855 +543604 2 73 1
a contact +548915 +549671 73 2 1
a contact +548915 +549671 2 73 1
a contact +554962 +555643 73 2 1
a contact +554962 +555643 2 73 1
a contact +561001 +561522 73 2 1
a contact +561001 +561522 2 73 1
a contact +567021 +567337 73 2 1
a contact +567021 +567337 2 73 1
a contact +572956 +573196 73 2 1
a contact +572956 +573196 2 73 1
a contact +578772 +579187 73 2 1
a contact +578772 +579187 2 73 1
a contact +584609 +585218 73 2 1
a contact +584609 +585218 2 73 1
a contact +590529 +591261 73 2 1
a contact +590529 +591261 2 73 1
a contact +596544 +597313 73 2 1
a contact +596544 +597313 2 73 1
a contact +602653 +603381 73 2 1
a contact +602653 +603381 2 73 1
a contact +5432 +6086 74 2 1
a contact +5432 +6086 2 74 1
a contact +11616 +12229 74 2 1
a contact +11616 +12229 2 74 1
a contact +17756 +18413 74 2 1
a contact +17756 +18413 2 74 1
a contact +23849 +24581 74 2 1
a contact +23849 +24581 2 74 1
a contact +29915 +30678 74 2 1
a contact +29915 +30678 2 74 1
a contact +35966 +36681 74 2 1
a contact +35966 +36681 2 74 1
a contact +42008 +42590 74 2 1
a contact +42008 +42590 2 74 1
a contact +48036 +48420 74 2 1
a contact +48036 +48420 2 74 1
a contact +54014 +54245 74 2 1
a contact +54014 +54245 2 74 1
a contact +59855 +60200 74 2 1
a contact +59855 +60200 2 74 1
a contact +65674 +66225 74 2 1
a contact +65674 +66225 2 74 1
a contact +71564 +72264 74 2 1
a contact +71564 +72264 2 74 1
a contact +77547 +78313 74 2 1
a contact +77547 +78313 2 74 1
a contact +83626 +84375 74 2 1
a contact +83626 +84375 2 74 1
a contact +89783 +90460 74 2 1
a contact +89783 +90460 2 74 1
a contact +95971 +96588 74 2 1
a contact +95971 +96588 2 74 1
a contact +102127 +102764 74 2 1
a contact +102127 +102764 2 74 1
a contact +108231 +108943 74 2 1
a contact +108231 +108943 2 74 1
a contact +114303 +115065 74 2 1
a contact +114303 +115065 2 74 1
a contact +120358 +121097 74 2 1
a contact +120358 +121097 2 74 1
a contact +126402 +127032 74 2 1
a contact +126402 +127032 2 74 1
a contact +132436 +132882 74 2 1
a contact +132436 +132882 2 74 1
a contact +138438 +138694 74 2 1
a contact +138438 +138694 2 74 1
a contact +144317 +144607 74 2 1
a contact +144317 +144607 2 74 1
a contact +150128 +150621 74 2 1
a contact +150128 +150621 2 74 1
a contact +155993 +156658 74 2 1
a contact +155993 +156658 2 74 1
a contact +161948 +162704 74 2 1
a contact +161948 +162704 2 74 1
a contact +167999 +168761 74 2 1
a contact +167999 +168761 2 74 1
a contact +174137 +174837 74 2 1
a contact +174137 +174837 2 74 1
a contact +180323 +180951 74 2 1
a contact +180323 +180951 2 74 1
a contact +186493 +187115 74 2 1
a contact +186493 +187115 2 74 1
a contact +192611 +193300 74 2 1
a contact +192611 +193300 2 74 1
a contact +198691 +199443 74 2 1
a contact +198691 +199443 2 74 1
a contact +204749 +205503 74 2 1
a contact +204749 +205503 2 74 1
a contact +210796 +211466 74 2 1
a contact +210796 +211466 2 74 1
a contact +216834 +217339 74 2 1
a contact +216834 +217339 2 74 1
a contact +222851 +223152 74 2 1
a contact +222851 +223152 2 74 1
a contact +228774 +229022 74 2 1
a contact +228774 +229022 2 74 1
a contact +234587 +235019 74 2 1
a contact +234587 +235019 2 74 1
a contact +240430 +241052 74 2 1
a contact +240430 +241052 2 74 1
a contact +246357 +247095 74 2 1
a contact +246357 +247095 2 74 1
a contact +252380 +253149 74 2 1
a contact +252380 +253149 2 74 1
a contact +258495 +259218 74 2 1
a contact +258495 +259218 2 74 1
a contact +264673 +265318 74 2 1
a contact +264673 +265318 2 74 1
a contact +270854 +271468 74 2 1
a contact +270854 +271468 2 74 1
a contact +276987 +277654 74 2 1
a contact +276987 +277654 2 74 1
a contact +283076 +283815 74 2 1
a contact +283076 +283815 2 74 1
a contact +289140 +289901 74 2 1
a contact +289140 +289901 2 74 1
a contact +295189 +295893 74 2 1
a contact +295189 +295893 2 74 1
a contact +301230 +301790 74 2 1
a contact +301230 +301790 2 74 1
a contact +307256 +307615 74 2 1
a contact +307256 +307615 2 74 1
a contact +313220 +313449 74 2 1
a contact +313220 +313449 2 74 1
a contact +319049 +319420 74 2 1
a contact +319049 +319420 2 74 1
a contact +324874 +325447 74 2 1
a contact +324874 +325447 2 74 1
a contact +330774 +331487 74 2 1
a contact +330774 +331487 2 74 1
a contact +336769 +337538 74 2 1
a contact +336769 +337538 2 74 1
a contact +342859 +343601 74 2 1
a contact +342859 +343601 2 74 1
a contact +349023 +349690 74 2 1
a contact +349023 +349690 2 74 1
a contact +355210 +355825 74 2 1
a contact +355210 +355825 2 74 1
a contact +361360 +362005 74 2 1
a contact +361360 +362005 2 74 1
a contact +367459 +368180 74 2 1
a contact +367459 +368180 2 74 1
a contact +373529 +374291 74 2 1
a contact +373529 +374291 2 74 1
a contact +379582 +380312 74 2 1
a contact +379582 +380312 2 74 1
a contact +385625 +386236 74 2 1
a contact +385625 +386236 2 74 1
a contact +391657 +392077 74 2 1
a contact +391657 +392077 2 74 1
a contact +397650 +397892 74 2 1
a contact +397650 +397892 2 74 1
a contact +403512 +403824 74 2 1
a contact +403512 +403824 2 74 1
a contact +409326 +409843 74 2 1
a contact +409326 +409843 2 74 1
a contact +415200 +415881 74 2 1
a contact +415200 +415881 2 74 1
a contact +421167 +421928 74 2 1
a contact +421167 +421928 2 74 1
a contact +427230 +427987 74 2 1
a contact +427230 +427987 2 74 1
a contact +433376 +434067 74 2 1
a contact +433376 +434067 2 74 1
a contact +439563 +440186 74 2 1
a contact +439563 +440186 2 74 1
a contact +445728 +446355 74 2 1
a contact +445728 +446355 2 74 1
a contact +451840 +452539 74 2 1
a contact +451840 +452539 2 74 1
a contact +457916 +458673 74 2 1
a contact +457916 +458673 2 74 1
a contact +463973 +464722 74 2 1
a contact +463973 +464722 2 74 1
a contact +470019 +470673 74 2 1
a contact +470019 +470673 2 74 1
a contact +476055 +476536 74 2 1
a contact +476055 +476536 2 74 1
a contact +482067 +482348 74 2 1
a contact +482067 +482348 2 74 1
a contact +487972 +488235 74 2 1
a contact +487972 +488235 2 74 1
a contact +493782 +494240 74 2 1
a contact +493782 +494240 2 74 1
a contact +499634 +500274 74 2 1
a contact +499634 +500274 2 74 1
a contact +505572 +506319 74 2 1
a contact +505572 +506319 2 74 1
a contact +511608 +512374 74 2 1
a contact +511608 +512374 2 74 1
a contact +517732 +518446 74 2 1
a contact +517732 +518446 2 74 1
a contact +523914 +524551 74 2 1
a contact +523914 +524551 2 74 1
a contact +530091 +530707 74 2 1
a contact +530091 +530707 2 74 1
a contact +536218 +536894 74 2 1
a contact +536218 +536894 2 74 1
a contact +542303 +543048 74 2 1
a contact +542303 +543048 2 74 1
a contact +548364 +549123 74 2 1
a contact +548364 +549123 2 74 1
a contact +554413 +555104 74 2 1
a contact +554413 +555104 2 74 1
a contact +560452 +560990 74 2 1
a contact +560452 +560990 2 74 1
a contact +566475 +566809 74 2 1
a contact +566475 +566809 2 74 1
a contact +572423 +572656 74 2 1
a contact +572423 +572656 2 74 1
a contact +578243 +578639 74 2 1
a contact +578243 +578639 2 74 1
a contact +584076 +584669 74 2 1
a contact +584076 +584669 2 74 1
a contact +589986 +590711 74 2 1
a contact +589986 +590711 2 74 1
a contact +595993 +596762 74 2 1
a contact +595993 +596762 2 74 1
a contact +602094 +602828 74 2 1
a contact +602094 +602828 2 74 1
a contact +4870 +5531 75 2 1
a contact +4870 +5531 2 75 1
a contact +11056 +11669 75 2 1
a contact +11056 +11669 2 75 1
a contact +17201 +17852 75 2 1
a contact +17201 +17852 2 75 1
a contact +23298 +24023 75 2 1
a contact +23298 +24023 2 75 1
a contact +29365 +30128 75 2 1
a contact +29365 +30128 2 75 1
a contact +35417 +36141 75 2 1
a contact +35417 +36141 2 75 1
a contact +41460 +42057 75 2 1
a contact +41460 +42057 2 75 1
a contact +47490 +47893 75 2 1
a contact +47490 +47893 2 75 1
a contact +53477 +53712 75 2 1
a contact +53477 +53712 2 75 1
a contact +59328 +59655 75 2 1
a contact +59328 +59655 2 75 1
a contact +65144 +65677 75 2 1
a contact +65144 +65677 2 75 1
a contact +71025 +71716 75 2 1
a contact +71025 +71716 2 75 1
a contact +77000 +77764 75 2 1
a contact +77000 +77764 2 75 1
a contact +83071 +83824 75 2 1
a contact +83071 +83824 2 75 1
a contact +89222 +89906 75 2 1
a contact +89222 +89906 2 75 1
a contact +95410 +96029 75 2 1
a contact +95410 +96029 2 75 1
a contact +101570 +102202 75 2 1
a contact +101570 +102202 2 75 1
a contact +107679 +108384 75 2 1
a contact +107679 +108384 2 75 1
a contact +113753 +114512 75 2 1
a contact +113753 +114512 2 75 1
a contact +119809 +120553 75 2 1
a contact +119809 +120553 2 75 1
a contact +125854 +126497 75 2 1
a contact +125854 +126497 2 75 1
a contact +131889 +132353 75 2 1
a contact +131889 +132353 2 75 1
a contact +137897 +138165 75 2 1
a contact +137897 +138165 2 75 1
a contact +143789 +144064 75 2 1
a contact +143789 +144064 2 75 1
a contact +149599 +150074 75 2 1
a contact +149599 +150074 2 75 1
a contact +155457 +156109 75 2 1
a contact +155457 +156109 2 75 1
a contact +161403 +162154 75 2 1
a contact +161403 +162154 2 75 1
a contact +167446 +168210 75 2 1
a contact +167446 +168210 2 75 1
a contact +173577 +174285 75 2 1
a contact +173577 +174285 2 75 1
a contact +179761 +180394 75 2 1
a contact +179761 +180394 2 75 1
a contact +185935 +186554 75 2 1
a contact +185935 +186554 2 75 1
a contact +192058 +192740 75 2 1
a contact +192058 +192740 2 75 1
a contact +198140 +198889 75 2 1
a contact +198140 +198889 2 75 1
a contact +204200 +204957 75 2 1
a contact +204200 +204957 2 75 1
a contact +210248 +210929 75 2 1
a contact +210248 +210929 2 75 1
a contact +216286 +216809 75 2 1
a contact +216286 +216809 2 75 1
a contact +222306 +222625 75 2 1
a contact +222306 +222625 2 75 1
a contact +228244 +228482 75 2 1
a contact +228244 +228482 2 75 1
a contact +234059 +234473 75 2 1
a contact +234059 +234473 2 75 1
a contact +239897 +240504 75 2 1
a contact +239897 +240504 2 75 1
a contact +245815 +246546 75 2 1
a contact +245815 +246546 2 75 1
a contact +251830 +252599 75 2 1
a contact +251830 +252599 2 75 1
a contact +257937 +258666 75 2 1
a contact +257937 +258666 2 75 1
a contact +264111 +264763 75 2 1
a contact +264111 +264763 2 75 1
a contact +270294 +270908 75 2 1
a contact +270294 +270908 2 75 1
a contact +276433 +277092 75 2 1
a contact +276433 +277092 2 75 1
a contact +282525 +283258 75 2 1
a contact +282525 +283258 2 75 1
a contact +288590 +289353 75 2 1
a contact +288590 +289353 2 75 1
a contact +294641 +295353 75 2 1
a contact +294641 +295353 2 75 1
a contact +300682 +301259 75 2 1
a contact +300682 +301259 2 75 1
a contact +306710 +307088 75 2 1
a contact +306710 +307088 2 75 1
a contact +312685 +312914 75 2 1
a contact +312685 +312914 2 75 1
a contact +318522 +318874 75 2 1
a contact +318522 +318874 2 75 1
a contact +324343 +324899 75 2 1
a contact +324343 +324899 2 75 1
a contact +330235 +330939 75 2 1
a contact +330235 +330939 2 75 1
a contact +336221 +336988 75 2 1
a contact +336221 +336988 2 75 1
a contact +342303 +343050 75 2 1
a contact +342303 +343050 2 75 1
a contact +348462 +349136 75 2 1
a contact +348462 +349136 2 75 1
a contact +354650 +355266 75 2 1
a contact +354650 +355266 2 75 1
a contact +360804 +361443 75 2 1
a contact +360804 +361443 2 75 1
a contact +366907 +367621 75 2 1
a contact +366907 +367621 2 75 1
a contact +372979 +373740 75 2 1
a contact +372979 +373740 2 75 1
a contact +379033 +379769 75 2 1
a contact +379033 +379769 2 75 1
a contact +385077 +385702 75 2 1
a contact +385077 +385702 2 75 1
a contact +391110 +391549 75 2 1
a contact +391110 +391549 2 75 1
a contact +397110 +397362 75 2 1
a contact +397110 +397362 2 75 1
a contact +402985 +403280 75 2 1
a contact +402985 +403280 2 75 1
a contact +408796 +409295 75 2 1
a contact +408796 +409295 2 75 1
a contact +414663 +415332 75 2 1
a contact +414663 +415332 2 75 1
a contact +420621 +421378 75 2 1
a contact +420621 +421378 2 75 1
a contact +426676 +427436 75 2 1
a contact +426676 +427436 2 75 1
a contact +432816 +433513 75 2 1
a contact +432816 +433513 2 75 1
a contact +439002 +439628 75 2 1
a contact +439002 +439628 2 75 1
a contact +445170 +445794 75 2 1
a contact +445170 +445794 2 75 1
a contact +451287 +451979 75 2 1
a contact +451287 +451979 2 75 1
a contact +457366 +458120 75 2 1
a contact +457366 +458120 2 75 1
a contact +463424 +464177 75 2 1
a contact +463424 +464177 2 75 1
a contact +469471 +470137 75 2 1
a contact +469471 +470137 2 75 1
a contact +475508 +476007 75 2 1
a contact +475508 +476007 2 75 1
a contact +481524 +481820 75 2 1
a contact +481524 +481820 2 75 1
a contact +487443 +487694 75 2 1
a contact +487443 +487694 2 75 1
a contact +493255 +493693 75 2 1
a contact +493255 +493693 2 75 1
a contact +499100 +499726 75 2 1
a contact +499100 +499726 2 75 1
a contact +505029 +505770 75 2 1
a contact +505029 +505770 2 75 1
a contact +511056 +511824 75 2 1
a contact +511056 +511824 2 75 1
a contact +517173 +517894 75 2 1
a contact +517173 +517894 2 75 1
a contact +523352 +523995 75 2 1
a contact +523352 +523995 2 75 1
a contact +529532 +530147 75 2 1
a contact +529532 +530147 2 75 1
a contact +535664 +536332 75 2 1
a contact +535664 +536332 2 75 1
a contact +541752 +542492 75 2 1
a contact +541752 +542492 2 75 1
a contact +547815 +548576 75 2 1
a contact +547815 +548576 2 75 1
a contact +553864 +554565 75 2 1
a contact +553864 +554565 2 75 1
a contact +559904 +560459 75 2 1
a contact +559904 +560459 2 75 1
a contact +565929 +566282 75 2 1
a contact +565929 +566282 2 75 1
a contact +571890 +572120 75 2 1
a contact +571890 +572120 2 75 1
a contact +577717 +578093 75 2 1
a contact +577717 +578093 2 75 1
a contact +583543 +584121 75 2 1
a contact +583543 +584121 2 75 1
a contact +589446 +590162 75 2 1
a contact +589446 +590162 2 75 1
a contact +595444 +596213 75 2 1
a contact +595444 +596213 2 75 1
a contact +601537 +602277 75 2 1
a contact +601537 +602277 2 75 1
a contact +4310 +4977 76 2 1
a contact +4310 +4977 2 76 1
a contact +10497 +11111 76 2 1
a contact +10497 +11111 2 76 1
a contact +16646 +17291 76 2 1
a contact +16646 +17291 2 76 1
a contact +22747 +23466 76 2 1
a contact +22747 +23466 2 76 1
a contact +28816 +29579 76 2 1
a contact +28816 +29579 2 76 1
a contact +34869 +35600 76 2 1
a contact +34869 +35600 2 76 1
a contact +40913 +41525 76 2 1
a contact +40913 +41525 2 76 1
a contact +46944 +47367 76 2 1
a contact +46944 +47367 2 76 1
a contact +52939 +53182 76 2 1
a contact +52939 +53182 2 76 1
a contact +58802 +59112 76 2 1
a contact +58802 +59112 2 76 1
a contact +64615 +65130 76 2 1
a contact +64615 +65130 2 76 1
a contact +70489 +71168 76 2 1
a contact +70489 +71168 2 76 1
a contact +76454 +77215 76 2 1
a contact +76454 +77215 2 76 1
a contact +82517 +83274 76 2 1
a contact +82517 +83274 2 76 1
a contact +88662 +89354 76 2 1
a contact +88662 +89354 2 76 1
a contact +94849 +95472 76 2 1
a contact +94849 +95472 2 76 1
a contact +101014 +101641 76 2 1
a contact +101014 +101641 2 76 1
a contact +107127 +107825 76 2 1
a contact +107127 +107825 2 76 1
a contact +113204 +113960 76 2 1
a contact +113204 +113960 2 76 1
a contact +119261 +120010 76 2 1
a contact +119261 +120010 2 76 1
a contact +125307 +125962 76 2 1
a contact +125307 +125962 2 76 1
a contact +131343 +131826 76 2 1
a contact +131343 +131826 2 76 1
a contact +137355 +137637 76 2 1
a contact +137355 +137637 2 76 1
a contact +143262 +143523 76 2 1
a contact +143262 +143523 2 76 1
a contact +149072 +149528 76 2 1
a contact +149072 +149528 2 76 1
a contact +154923 +155562 76 2 1
a contact +154923 +155562 2 76 1
a contact +160860 +161606 76 2 1
a contact +160860 +161606 2 76 1
a contact +166895 +167661 76 2 1
a contact +166895 +167661 2 76 1
a contact +173019 +173733 76 2 1
a contact +173019 +173733 2 76 1
a contact +179200 +179838 76 2 1
a contact +179200 +179838 2 76 1
a contact +185377 +185994 76 2 1
a contact +185377 +185994 2 76 1
a contact +191505 +192180 76 2 1
a contact +191505 +192180 2 76 1
a contact +197590 +198335 76 2 1
a contact +197590 +198335 2 76 1
a contact +203651 +204411 76 2 1
a contact +203651 +204411 2 76 1
a contact +209700 +210392 76 2 1
a contact +209700 +210392 2 76 1
a contact +215740 +216280 76 2 1
a contact +215740 +216280 2 76 1
a contact +221763 +222099 76 2 1
a contact +221763 +222099 2 76 1
a contact +227712 +227945 76 2 1
a contact +227712 +227945 2 76 1
a contact +233533 +233927 76 2 1
a contact +233533 +233927 2 76 1
a contact +239365 +239957 76 2 1
a contact +239365 +239957 2 76 1
a contact +245275 +245998 76 2 1
a contact +245275 +245998 2 76 1
a contact +251281 +252050 76 2 1
a contact +251281 +252050 2 76 1
a contact +257380 +258116 76 2 1
a contact +257380 +258116 2 76 1
a contact +263550 +264209 76 2 1
a contact +263550 +264209 2 76 1
a contact +269735 +270349 76 2 1
a contact +269735 +270349 2 76 1
a contact +275879 +276532 76 2 1
a contact +275879 +276532 2 76 1
a contact +281974 +282702 76 2 1
a contact +281974 +282702 2 76 1
a contact +288041 +288804 76 2 1
a contact +288041 +288804 2 76 1
a contact +294093 +294814 76 2 1
a contact +294093 +294814 2 76 1
a contact +300135 +300727 76 2 1
a contact +300135 +300727 2 76 1
a contact +306165 +306562 76 2 1
a contact +306165 +306562 2 76 1
a contact +312149 +312382 76 2 1
a contact +312149 +312382 2 76 1
a contact +317996 +318330 76 2 1
a contact +317996 +318330 2 76 1
a contact +323813 +324352 76 2 1
a contact +323813 +324352 2 76 1
a contact +329697 +330391 76 2 1
a contact +329697 +330391 2 76 1
a contact +335675 +336439 76 2 1
a contact +335675 +336439 2 76 1
a contact +341748 +342500 76 2 1
a contact +341748 +342500 2 76 1
a contact +347902 +348583 76 2 1
a contact +347902 +348583 2 76 1
a contact +354090 +354708 76 2 1
a contact +354090 +354708 2 76 1
a contact +360248 +360882 76 2 1
a contact +360248 +360882 2 76 1
a contact +366356 +367063 76 2 1
a contact +366356 +367063 2 76 1
a contact +372429 +373189 76 2 1
a contact +372429 +373189 2 76 1
a contact +378485 +379227 76 2 1
a contact +378485 +379227 2 76 1
a contact +384530 +385168 76 2 1
a contact +384530 +385168 2 76 1
a contact +390564 +391022 76 2 1
a contact +390564 +391022 2 76 1
a contact +396570 +396834 76 2 1
a contact +396570 +396834 2 76 1
a contact +402458 +402738 76 2 1
a contact +402458 +402738 2 76 1
a contact +408268 +408749 76 2 1
a contact +408268 +408749 2 76 1
a contact +414128 +414785 76 2 1
a contact +414128 +414785 2 76 1
a contact +420077 +420830 76 2 1
a contact +420077 +420830 2 76 1
a contact +426123 +426887 76 2 1
a contact +426123 +426887 2 76 1
a contact +432257 +432962 76 2 1
a contact +432257 +432962 2 76 1
a contact +438441 +439072 76 2 1
a contact +438441 +439072 2 76 1
a contact +444613 +445233 76 2 1
a contact +444613 +445233 2 76 1
a contact +450735 +451419 76 2 1
a contact +450735 +451419 2 76 1
a contact +456816 +457567 76 2 1
a contact +456816 +457567 2 76 1
a contact +462876 +463632 76 2 1
a contact +462876 +463632 2 76 1
a contact +468923 +469601 76 2 1
a contact +468923 +469601 2 76 1
a contact +474961 +475478 76 2 1
a contact +474961 +475478 2 76 1
a contact +480981 +481293 76 2 1
a contact +480981 +481293 2 76 1
a contact +486913 +487155 76 2 1
a contact +486913 +487155 2 76 1
a contact +492728 +493148 76 2 1
a contact +492728 +493148 2 76 1
a contact +498567 +499179 76 2 1
a contact +498567 +499179 2 76 1
a contact +504488 +505222 76 2 1
a contact +504488 +505222 2 76 1
a contact +510506 +511275 76 2 1
a contact +510506 +511275 2 76 1
a contact +516616 +517343 76 2 1
a contact +516616 +517343 2 76 1
a contact +522791 +523441 76 2 1
a contact +522791 +523441 2 76 1
a contact +528973 +529587 76 2 1
a contact +528973 +529587 2 76 1
a contact +535110 +535772 76 2 1
a contact +535110 +535772 2 76 1
a contact +541201 +541937 76 2 1
a contact +541201 +541937 2 76 1
a contact +547266 +548028 76 2 1
a contact +547266 +548028 2 76 1
a contact +553316 +554026 76 2 1
a contact +553316 +554026 2 76 1
a contact +559357 +559929 76 2 1
a contact +559357 +559929 2 76 1
a contact +565385 +565756 76 2 1
a contact +565385 +565756 2 76 1
a contact +571356 +571585 76 2 1
a contact +571356 +571585 2 76 1
a contact +577191 +577549 76 2 1
a contact +577191 +577549 2 76 1
a contact +583013 +583574 76 2 1
a contact +583013 +583574 2 76 1
a contact +588907 +589614 76 2 1
a contact +588907 +589614 2 76 1
a contact +594897 +595664 76 2 1
a contact +594897 +595664 2 76 1
a contact +600981 +601727 76 2 1
a contact +600981 +601727 2 76 1
