a contact +0 +604800 3 2 1
a contact +0 +604800 2 3 1
a contact +0 +604800 2 1 1
a contact +0 +604800 1 2 1
a contact +0 +604800 44 45 1
a contact +0 +604800 45 44 1
a contact +0 +604800 44 55 1
a contact +0 +604800 55 44 1
a contact +0 +604800 45 46 1
a contact +0 +604800 46 45 1
a contact +0 +604800 45 56 1
a contact +0 +604800 56 45 1
a contact +0 +604800 46 47 1
a contact +0 +604800 47 46 1
a contact +0 +604800 46 57 1
a contact +0 +604800 57 46 1
a contact +0 +604800 47 48 1
a contact +0 +604800 48 47 1
a contact +0 +604800 47 58 1
a contact +0 +604800 58 47 1
a contact +0 +604800 48 49 1
a contact +0 +604800 49 48 1
a contact +0 +604800 48 59 1
a contact +0 +604800 59 48 1
a contact +0 +604800 49 50 1
a contact +0 +604800 50 49 1
a contact +0 +604800 49 60 1
a contact +0 +604800 60 49 1
a contact +0 +604800 50 51 1
a contact +0 +604800 51 50 1
a contact +0 +604800 50 61 1
a contact +0 +604800 61 50 1
a contact +0 +604800 51 52 1
a contact +0 +604800 52 51 1
a contact +0 +604800 51 62 1
a contact +0 +604800 62 51 1
a contact +0 +604800 52 53 1
a contact +0 +604800 53 52 1
a contact +0 +604800 52 63 1
a contact +0 +604800 63 52 1
a contact +0 +604800 53 54 1
a contact +0 +604800 54 53 1
a contact +0 +604800 53 64 1
a contact +0 +604800 64 53 1
a contact +0 +604800 54 65 1
a contact +0 +604800 65 54 1
a contact +0 +604800 55 56 1
a contact +0 +604800 56 55 1
a contact +0 +604800 56 57 1
a contact +0 +604800 57 56 1
a contact +0 +604800 56 66 1
a contact +0 +604800 66 56 1
a contact +0 +604800 57 58 1
a contact +0 +604800 58 57 1
a contact +0 +604800 57 67 1
a contact +0 +604800 67 57 1
a contact +0 +604800 58 59 1
a contact +0 +604800 59 58 1
a contact +0 +604800 58 68 1
a contact +0 +604800 68 58 1
a contact +0 +604800 59 60 1
a contact +0 +604800 60 59 1
a contact +0 +604800 59 69 1
a contact +0 +604800 69 59 1
a contact +0 +604800 60 61 1
a contact +0 +604800 61 60 1
a contact +0 +604800 60 70 1
a contact +0 +604800 70 60 1
a contact +0 +604800 61 62 1
a contact +0 +604800 62 61 1
a contact +0 +604800 61 71 1
a contact +0 +604800 71 61 1
a contact +0 +604800 62 63 1
a contact +0 +604800 63 62 1
a contact +0 +604800 62 72 1
a contact +0 +604800 72 62 1
a contact +0 +604800 63 64 1
a contact +0 +604800 64 63 1
a contact +0 +604800 63 73 1
a contact +0 +604800 73 63 1
a contact +0 +604800 64 65 1
a contact +0 +604800 65 64 1
a contact +0 +604800 64 74 1
a contact +0 +604800 74 64 1
a contact +0 +604800 65 75 1
a contact +0 +604800 75 65 1
a contact +0 +604800 66 67 1
a contact +0 +604800 67 66 1
a contact +0 +604800 67 68 1
a contact +0 +604800 68 67 1
a contact +0 +604800 68 69 1
a contact +0 +604800 69 68 1
a contact +0 +604800 69 70 1
a contact +0 +604800 70 69 1
a contact +0 +604800 70 71 1
a contact +0 +604800 71 70 1
a contact +0 +604800 71 72 1
a contact +0 +604800 72 71 1
a contact +0 +604800 72 73 1
a contact +0 +604800 73 72 1
a contact +0 +604800 73 74 1
a contact +0 +604800 74 73 1
a contact +0 +604800 74 75 1
a contact +0 +604800 75 74 1
a contact +0 +604800 75 76 1
a contact +0 +604800 76 75 1
a contact +3985 +4815 44 3 1
a contact +3985 +4815 3 44 1
a contact +10082 +10969 44 3 1
a contact +10082 +10969 3 44 1
a contact +16149 +17053 44 3 1
a contact +16149 +17053 3 44 1
a contact +22195 +23051 44 3 1
a contact +22195 +23051 3 44 1
a contact +28220 +28964 44 3 1
a contact +28220 +28964 3 44 1
a contact +34213 +34823 44 3 1
a contact +34213 +34823 3 44 1
a contact +40145 +40689 44 3 1
a contact +40145 +40689 3 44 1
a contact +46010 +46624 44 3 1
a contact +46010 +46624 3 44 1
a contact +51867 +52619 44 3 1
a contact +51867 +52619 3 44 1
a contact +57781 +58644 44 3 1
a contact +57781 +58644 3 44 1
a contact +63779 +64690 44 3 1
a contact +63779 +64690 3 44 1
a contact +69865 +70757 44 3 1
a contact +69865 +70757 3 44 1
a contact +76021 +76853 44 3 1
a contact +76021 +76853 3 44 1
a contact +82201 +82993 44 3 1
a contact +82201 +82993 3 44 1
a contact +88355 +89169 44 3 1
a contact +88355 +89169 3 44 1
a contact +94464 +95336 44 3 1
a contact +94464 +95336 3 44 1
a contact +100538 +101443 44 3 1
a contact +100538 +101443 3 44 1
a contact +106589 +107467 44 3 1
a contact +106589 +107467 3 44 1
a contact +112621 +113403 44 3 1
a contact +112621 +113403 3 44 1
a contact +118625 +119273 44 3 1
a contact +118625 +119273 3 44 1
a contact +124579 +125129 44 3 1
a contact +124579 +125129 3 44 1
a contact +130460 +131042 44 3 1
a contact +130460 +131042 3 44 1
a contact +136311 +137022 44 3 1
a contact +136311 +137022 3 44 1
a contact +142204 +143041 44 3 1
a contact +142204 +143041 3 44 1
a contact +148177 +149081 44 3 1
a contact +148177 +149081 3 44 1
a contact +154238 +155141 44 3 1
a contact +154238 +155141 3 44 1
a contact +160376 +161227 44 3 1
a contact +160376 +161227 3 44 1
a contact +166555 +167353 44 3 1
a contact +166555 +167353 3 44 1
a contact +172720 +173522 44 3 1
a contact +172720 +173522 3 44 1
a contact +178842 +179697 44 3 1
a contact +178842 +179697 3 44 1
a contact +184925 +185826 44 3 1
a contact +184925 +185826 3 44 1
a contact +190982 +191875 44 3 1
a contact +190982 +191875 3 44 1
a contact +197020 +197836 44 3 1
a contact +197020 +197836 3 44 1
a contact +203034 +203722 44 3 1
a contact +203034 +203722 3 44 1
a contact +209006 +209574 44 3 1
a contact +209006 +209574 3 44 1
a contact +214907 +215465 44 3 1
a contact +214907 +215465 3 44 1
a contact +220759 +221429 44 3 1
a contact +220759 +221429 3 44 1
a contact +226634 +227439 44 3 1
a contact +226634 +227439 3 44 1
a contact +232581 +233473 44 3 1
a contact +232581 +233473 3 44 1
a contact +238617 +239527 44 3 1
a contact +238617 +239527 3 44 1
a contact +244735 +245604 44 3 1
a contact +244735 +245604 3 44 1
a contact +250908 +251718 44 3 1
a contact +250908 +251718 3 44 1
a contact +257082 +257875 44 3 1
a contact +257082 +257875 3 44 1
a contact +263217 +264054 44 3 1
a contact +263217 +264054 3 44 1
a contact +269310 +270201 44 3 1
a contact +269310 +270201 3 44 1
a contact +275373 +276276 44 3 1
a contact +275373 +276276 3 44 1
a contact +281417 +282262 44 3 1
a contact +281417 +282262 3 44 1
a contact +287439 +288167 44 3 1
a contact +287439 +288167 3 44 1
a contact +293426 +294022 44 3 1
a contact +293426 +294022 3 44 1
a contact +299350 +299895 44 3 1
a contact +299350 +299895 3 44 1
a contact +305209 +305839 44 3 1
a contact +305209 +305839 3 44 1
a contact +311071 +311839 44 3 1
a contact +311071 +311839 3 44 1
a contact +316994 +317867 44 3 1
a contact +316994 +317867 3 44 1
a contact +323003 +323915 44 3 1
a contact +323003 +323915 3 44 1
a contact +329099 +329984 44 3 1
a contact +329099 +329984 3 44 1
a contact +335260 +336086 44 3 1
a contact +335260 +336086 3 44 1
a contact +341440 +342231 44 3 1
a contact +341440 +342231 3 44 1
a contact +347588 +348408 44 3 1
a contact +347588 +348408 3 44 1
a contact +353692 +354570 44 3 1
a contact +353692 +354570 3 44 1
a contact +359763 +360669 44 3 1
a contact +359763 +360669 3 44 1
a contact +365812 +366681 44 3 1
a contact +365812 +366681 3 44 1
a contact +371841 +372608 44 3 1
a contact +371841 +372608 3 44 1
a contact +377841 +378472 44 3 1
a contact +377841 +378472 3 44 1
a contact +383786 +384332 44 3 1
a contact +383786 +384332 3 44 1
a contact +389659 +390254 44 3 1
a contact +389659 +390254 3 44 1
a contact +395513 +396241 44 3 1
a contact +395513 +396241 3 44 1
a contact +401414 +402262 44 3 1
a contact +401414 +402262 3 44 1
a contact +407397 +408305 44 3 1
a contact +407397 +408305 3 44 1
a contact +413469 +414367 44 3 1
a contact +413469 +414367 3 44 1
a contact +419614 +420458 44 3 1
a contact +419614 +420458 3 44 1
a contact +425795 +426590 44 3 1
a contact +425795 +426590 3 44 1
a contact +431955 +432761 44 3 1
a contact +431955 +432761 3 44 1
a contact +438072 +438934 44 3 1
a contact +438072 +438934 3 44 1
a contact +444151 +445054 44 3 1
a contact +444151 +445054 3 44 1
a contact +450206 +451093 44 3 1
a contact +450206 +451093 3 44 1
a contact +456241 +457044 44 3 1
a contact +456241 +457044 3 44 1
a contact +462251 +462922 44 3 1
a contact +462251 +462922 3 44 1
a contact +468216 +468775 44 3 1
a contact +468216 +468775 3 44 1
a contact +474108 +474675 44 3 1
a contact +474108 +474675 3 44 1
a contact +479959 +480646 44 3 1
a contact +479959 +480646 3 44 1
a contact +485841 +486660 44 3 1
a contact +485841 +486660 3 44 1
a contact +491799 +492696 44 3 1
a contact +491799 +492696 3 44 1
a contact +497845 +498752 44 3 1
a contact +497845 +498752 3 44 1
a contact +503972 +504834 44 3 1
a contact +503972 +504834 3 44 1
a contact +510148 +510952 44 3 1
a contact +510148 +510952 3 44 1
a contact +516319 +517115 44 3 1
a contact +516319 +517115 3 44 1
a contact +522448 +523293 44 3 1
a contact +522448 +523293 3 44 1
a contact +528537 +529432 44 3 1
a contact +528537 +529432 3 44 1
a contact +534598 +535497 44 3 1
a contact +534598 +535497 3 44 1
a contact +540638 +541473 44 3 1
a contact +540638 +541473 3 44 1
a contact +546657 +547369 44 3 1
a contact +546657 +547369 3 44 1
a contact +552639 +553222 44 3 1
a contact +552639 +553222 3 44 1
a contact +558553 +559102 44 3 1
a contact +558553 +559102 3 44 1
a contact +564408 +565055 44 3 1
a contact +564408 +565055 3 44 1
a contact +570275 +571059 44 3 1
a contact +570275 +571059 3 44 1
a contact +576208 +577090 44 3 1
a contact +576208 +577090 3 44 1
a contact +582228 +583140 44 3 1
a contact +582228 +583140 3 44 1
a contact +588334 +589213 44 3 1
a contact +588334 +589213 3 44 1
a contact +594500 +595319 44 3 1
a contact +594500 +595319 3 44 1
a contact +600678 +601469 44 3 1
a contact +600678 +601469 3 44 1
a contact +3431 +4256 45 3 1
a contact +3431 +4256 3 45 1
a contact +9531 +10414 45 3 1
a contact +9531 +10414 3 45 1
a contact +15600 +16505 45 3 1
a contact +15600 +16505 3 45 1
a contact +21648 +22511 45 3 1
a contact +21648 +22511 3 45 1
a contact +27675 +28431 45 3 1
a contact +27675 +28431 3 45 1
a contact +33672 +34293 45 3 1
a contact +33672 +34293 3 45 1
a contact +39611 +40155 45 3 1
a contact +39611 +40155 3 45 1
a contact +45480 +46084 45 3 1
a contact +45480 +46084 3 45 1
a contact +51335 +52074 45 3 1
a contact +51335 +52074 3 45 1
a contact +57242 +58098 45 3 1
a contact +57242 +58098 3 45 1
a contact +63232 +64141 45 3 1
a contact +63232 +64141 3 45 1
a contact +69311 +70206 45 3 1
a contact +69311 +70206 3 45 1
a contact +75461 +76299 45 3 1
a contact +75461 +76299 3 45 1
a contact +81642 +82435 45 3 1
a contact +81642 +82435 3 45 1
a contact +87799 +88609 45 3 1
a contact +87799 +88609 3 45 1
a contact +93912 +94779 45 3 1
a contact +93912 +94779 3 45 1
a contact +99989 +100893 45 3 1
a contact +99989 +100893 3 45 1
a contact +106042 +106924 45 3 1
a contact +106042 +106924 3 45 1
a contact +112075 +112869 45 3 1
a contact +112075 +112869 3 45 1
a contact +118083 +118743 45 3 1
a contact +118083 +118743 3 45 1
a contact +124043 +124597 45 3 1
a contact +124043 +124597 3 45 1
a contact +129929 +130503 45 3 1
a contact +129929 +130503 3 45 1
a contact +135780 +136479 45 3 1
a contact +135780 +136479 3 45 1
a contact +141667 +142494 45 3 1
a contact +141667 +142494 3 45 1
a contact +147632 +148533 45 3 1
a contact +147632 +148533 3 45 1
a contact +153685 +154591 45 3 1
a contact +153685 +154591 3 45 1
a contact +159817 +160674 45 3 1
a contact +159817 +160674 3 45 1
a contact +165995 +166796 45 3 1
a contact +165995 +166796 3 45 1
a contact +172163 +172962 45 3 1
a contact +172163 +172962 3 45 1
a contact +178289 +179139 45 3 1
a contact +178289 +179139 3 45 1
a contact +184375 +185273 45 3 1
a contact +184375 +185273 3 45 1
a contact +190434 +191330 45 3 1
a contact +190434 +191330 3 45 1
a contact +196473 +197299 45 3 1
a contact +196473 +197299 3 45 1
a contact +202490 +203191 45 3 1
a contact +202490 +203191 3 45 1
a contact +208467 +209043 45 3 1
a contact +208467 +209043 3 45 1
a contact +214375 +214928 45 3 1
a contact +214375 +214928 3 45 1
a contact +220229 +220886 45 3 1
a contact +220229 +220886 3 45 1
a contact +226099 +226893 45 3 1
a contact +226099 +226893 3 45 1
a contact +232039 +232925 45 3 1
a contact +232039 +232925 3 45 1
a contact +238066 +238977 45 3 1
a contact +238066 +238977 3 45 1
a contact +244178 +245052 45 3 1
a contact +244178 +245052 3 45 1
a contact +250347 +251162 45 3 1
a contact +250347 +251162 3 45 1
a contact +256524 +257316 45 3 1
a contact +256524 +257316 3 45 1
a contact +262663 +263495 45 3 1
a contact +262663 +263495 3 45 1
a contact +268759 +269647 45 3 1
a contact +268759 +269647 3 45 1
a contact +274825 +275729 45 3 1
a contact +274825 +275729 3 45 1
a contact +280870 +281723 45 3 1
a contact +280870 +281723 3 45 1
a contact +286894 +287635 45 3 1
a contact +286894 +287635 3 45 1
a contact +292886 +293492 45 3 1
a contact +292886 +293492 3 45 1
a contact +298816 +299360 45 3 1
a contact +298816 +299360 3 45 1
a contact +304679 +305298 45 3 1
a contact +304679 +305298 3 45 1
a contact +310538 +311294 45 3 1
a contact +310538 +311294 3 45 1
a contact +316454 +317320 45 3 1
a contact +316454 +317320 3 45 1
a contact +322455 +323366 45 3 1
a contact +322455 +323366 3 45 1
a contact +328543 +329433 45 3 1
a contact +328543 +329433 3 45 1
a contact +334700 +335531 45 3 1
a contact +334700 +335531 3 45 1
a contact +340881 +341672 45 3 1
a contact +340881 +341672 3 45 1
a contact +347033 +347849 45 3 1
a contact +347033 +347849 3 45 1
a contact +353141 +354014 45 3 1
a contact +353141 +354014 3 45 1
a contact +359214 +360119 45 3 1
a contact +359214 +360119 3 45 1
a contact +365265 +366140 45 3 1
a contact +365265 +366140 3 45 1
a contact +371296 +372074 45 3 1
a contact +371296 +372074 3 45 1
a contact +377299 +377942 45 3 1
a contact +377299 +377942 3 45 1
a contact +383251 +383799 45 3 1
a contact +383251 +383799 3 45 1
a contact +389129 +389715 45 3 1
a contact +389129 +389715 3 45 1
a contact +394981 +395697 45 3 1
a contact +394981 +395697 3 45 1
a contact +400876 +401716 45 3 1
a contact +400876 +401716 3 45 1
a contact +406851 +407756 45 3 1
a contact +406851 +407756 3 45 1
a contact +412915 +413817 45 3 1
a contact +412915 +413817 3 45 1
a contact +419055 +419904 45 3 1
a contact +419055 +419904 3 45 1
a contact +425235 +426032 45 3 1
a contact +425235 +426032 3 45 1
a contact +431399 +432201 45 3 1
a contact +431399 +432201 3 45 1
a contact +437519 +438376 45 3 1
a contact +437519 +438376 3 45 1
a contact +443601 +444503 45 3 1
a contact +443601 +444503 3 45 1
a contact +449658 +450549 45 3 1
a contact +449658 +450549 3 45 1
a contact +455695 +456508 45 3 1
a contact +455695 +456508 3 45 1
a contact +461708 +462391 45 3 1
a contact +461708 +462391 3 45 1
a contact +467678 +468244 45 3 1
a contact +467678 +468244 3 45 1
a contact +473577 +474137 45 3 1
a contact +473577 +474137 3 45 1
a contact +479429 +480103 45 3 1
a contact +479429 +480103 3 45 1
a contact +485306 +486114 45 3 1
a contact +485306 +486114 3 45 1
a contact +491255 +492149 45 3 1
a contact +491255 +492149 3 45 1
a contact +497293 +498203 45 3 1
a contact +497293 +498203 3 45 1
a contact +503414 +504281 45 3 1
a contact +503414 +504281 3 45 1
a contact +509587 +510396 45 3 1
a contact +509587 +510396 3 45 1
a contact +515761 +516555 45 3 1
a contact +515761 +516555 3 45 1
a contact +521895 +522734 45 3 1
a contact +521895 +522734 3 45 1
a contact +527986 +528879 45 3 1
a contact +527986 +528879 3 45 1
a contact +534049 +534951 45 3 1
a contact +534049 +534951 3 45 1
a contact +540092 +540935 45 3 1
a contact +540092 +540935 3 45 1
a contact +546113 +546837 45 3 1
a contact +546113 +546837 3 45 1
a contact +552099 +552692 45 3 1
a contact +552099 +552692 3 45 1
a contact +558020 +558567 45 3 1
a contact +558020 +558567 3 45 1
a contact +563879 +564513 45 3 1
a contact +563879 +564513 3 45 1
a contact +569741 +570513 45 3 1
a contact +569741 +570513 3 45 1
a contact +575667 +576542 45 3 1
a contact +575667 +576542 3 45 1
a contact +581679 +582591 45 3 1
a contact +581679 +582591 3 45 1
a contact +587777 +588661 45 3 1
a contact +587777 +588661 3 45 1
a contact +593940 +594764 45 3 1
a contact +593940 +594764 3 45 1
a contact +600119 +600910 45 3 1
a contact +600119 +600910 3 45 1
a contact +2875 +3695 46 3 1
a contact +2875 +3695 3 46 1
a contact +8979 +9857 46 3 1
a contact +8979 +9857 3 46 1
a contact +15050 +15956 46 3 1
a contact +15050 +15956 3 46 1
a contact +21099 +21969 46 3 1
a contact +21099 +21969 3 46 1
a contact +27129 +27897 46 3 1
a contact +27129 +27897 3 46 1
a contact +33129 +33762 46 3 1
a contact +33129 +33762 3 46 1
a contact +39075 +39621 46 3 1
a contact +39075 +39621 3 46 1
a contact +44949 +45543 46 3 1
a contact +44949 +45543 3 46 1
a contact +50802 +51529 46 3 1
a contact +50802 +51529 3 46 1
a contact +56703 +57550 46 3 1
a contact +56703 +57550 3 46 1
a contact +62685 +63592 46 3 1
a contact +62685 +63592 3 46 1
a contact +68756 +69654 46 3 1
a contact +68756 +69654 3 46 1
a contact +74901 +75745 46 3 1
a contact +74901 +75745 3 46 1
a contact +81081 +81876 46 3 1
a contact +81081 +81876 3 46 1
a contact +87242 +88048 46 3 1
a contact +87242 +88048 3 46 1
a contact +93359 +94220 46 3 1
a contact +93359 +94220 3 46 1
a contact +99438 +100341 46 3 1
a contact +99438 +100341 3 46 1
a contact +105493 +106381 46 3 1
a contact +105493 +106381 3 46 1
a contact +111528 +112332 46 3 1
a contact +111528 +112332 3 46 1
a contact +117539 +118211 46 3 1
a contact +117539 +118211 3 46 1
a contact +123505 +124064 46 3 1
a contact +123505 +124064 3 46 1
a contact +129398 +129964 46 3 1
a contact +129398 +129964 3 46 1
a contact +135248 +135934 46 3 1
a contact +135248 +135934 3 46 1
a contact +141130 +141947 46 3 1
a contact +141130 +141947 3 46 1
a contact +147087 +147984 46 3 1
a contact +147087 +147984 3 46 1
a contact +153132 +154040 46 3 1
a contact +153132 +154040 3 46 1
a contact +159258 +160121 46 3 1
a contact +159258 +160121 3 46 1
a contact +165434 +166239 46 3 1
a contact +165434 +166239 3 46 1
a contact +171605 +172401 46 3 1
a contact +171605 +172401 3 46 1
a contact +177735 +178579 46 3 1
a contact +177735 +178579 3 46 1
a contact +183824 +184719 46 3 1
a contact +183824 +184719 3 46 1
a contact +189885 +190784 46 3 1
a contact +189885 +190784 3 46 1
a contact +195926 +196761 46 3 1
a contact +195926 +196761 3 46 1
a contact +201945 +202658 46 3 1
a contact +201945 +202658 3 46 1
a contact +207927 +208512 46 3 1
a contact +207927 +208512 3 46 1
a contact +213842 +214391 46 3 1
a contact +213842 +214391 3 46 1
a contact +219698 +220343 46 3 1
a contact +219698 +220343 3 46 1
a contact +225564 +226346 46 3 1
a contact +225564 +226346 3 46 1
a contact +231496 +232377 46 3 1
a contact +231496 +232377 3 46 1
a contact +237516 +238427 46 3 1
a contact +237516 +238427 3 46 1
a contact +243620 +244500 46 3 1
a contact +243620 +244500 3 46 1
a contact +249786 +250605 46 3 1
a contact +249786 +250605 3 46 1
a contact +255964 +256756 46 3 1
a contact +255964 +256756 3 46 1
a contact +262108 +262934 46 3 1
a contact +262108 +262934 3 46 1
a contact +268207 +269091 46 3 1
a contact +268207 +269091 3 46 1
a contact +274275 +275180 46 3 1
a contact +274275 +275180 3 46 1
a contact +280322 +281183 46 3 1
a contact +280322 +281183 3 46 1
a contact +286348 +287101 46 3 1
a contact +286348 +287101 3 46 1
a contact +292344 +292961 46 3 1
a contact +292344 +292961 3 46 1
a contact +298281 +298825 46 3 1
a contact +298281 +298825 3 46 1
a contact +304148 +304756 46 3 1
a contact +304148 +304756 3 46 1
a contact +310004 +310748 46 3 1
a contact +310004 +310748 3 46 1
a contact +315914 +316772 46 3 1
a contact +315914 +316772 3 46 1
a contact +321907 +322816 46 3 1
a contact +321907 +322816 3 46 1
a contact +327988 +328882 46 3 1
a contact +327988 +328882 3 46 1
a contact +334140 +334976 46 3 1
a contact +334140 +334976 3 46 1
a contact +340320 +341113 46 3 1
a contact +340320 +341113 3 46 1
a contact +346477 +347288 46 3 1
a contact +346477 +347288 3 46 1
a contact +352588 +353456 46 3 1
a contact +352588 +353456 3 46 1
a contact +358664 +359569 46 3 1
a contact +358664 +359569 3 46 1
a contact +364716 +365597 46 3 1
a contact +364716 +365597 3 46 1
a contact +370749 +371539 46 3 1
a contact +370749 +371539 3 46 1
a contact +376756 +377411 46 3 1
a contact +376756 +377411 3 46 1
a contact +382714 +383266 46 3 1
a contact +382714 +383266 3 46 1
a contact +388598 +389174 46 3 1
a contact +388598 +389174 3 46 1
a contact +394449 +395152 46 3 1
a contact +394449 +395152 3 46 1
a contact +400338 +401169 46 3 1
a contact +400338 +401169 3 46 1
a contact +406305 +407207 46 3 1
a contact +406305 +407207 3 46 1
a contact +412361 +413266 46 3 1
a contact +412361 +413266 3 46 1
a contact +418496 +419351 46 3 1
a contact +418496 +419351 3 46 1
a contact +424674 +425474 46 3 1
a contact +424674 +425474 3 46 1
a contact +430841 +431640 46 3 1
a contact +430841 +431640 3 46 1
a contact +436966 +437817 46 3 1
a contact +436966 +437817 3 46 1
a contact +443050 +443950 46 3 1
a contact +443050 +443950 3 46 1
a contact +449109 +450004 46 3 1
a contact +449109 +450004 3 46 1
a contact +455148 +455971 46 3 1
a contact +455148 +455971 3 46 1
a contact +461163 +461860 46 3 1
a contact +461163 +461860 3 46 1
a contact +467139 +467712 46 3 1
a contact +467139 +467712 3 46 1
a contact +473045 +473599 46 3 1
a contact +473045 +473599 3 46 1
a contact +478897 +479559 46 3 1
a contact +478897 +479559 3 46 1
a contact +484770 +485567 46 3 1
a contact +484770 +485567 3 46 1
a contact +490712 +491600 46 3 1
a contact +490712 +491600 3 46 1
a contact +496742 +497652 46 3 1
a contact +496742 +497652 3 46 1
a contact +502856 +503728 46 3 1
a contact +502856 +503728 3 46 1
a contact +509026 +509839 46 3 1
a contact +509026 +509839 3 46 1
a contact +515202 +515994 46 3 1
a contact +515202 +515994 3 46 1
a contact +521340 +522173 46 3 1
a contact +521340 +522173 3 46 1
a contact +527435 +528324 46 3 1
a contact +527435 +528324 3 46 1
a contact +533500 +534403 46 3 1
a contact +533500 +534403 3 46 1
a contact +539544 +540395 46 3 1
a contact +539544 +540395 3 46 1
a contact +545568 +546304 46 3 1
a contact +545568 +546304 3 46 1
a contact +551558 +552161 46 3 1
a contact +551558 +552161 3 46 1
a contact +557486 +558031 46 3 1
a contact +557486 +558031 3 46 1
a contact +563348 +563970 46 3 1
a contact +563348 +563970 3 46 1
a contact +569207 +569967 46 3 1
a contact +569207 +569967 3 46 1
a contact +575126 +575994 46 3 1
a contact +575126 +575994 3 46 1
a contact +581130 +582041 46 3 1
a contact +581130 +582041 3 46 1
a contact +587221 +588109 46 3 1
a contact +587221 +588109 3 46 1
a contact +593379 +594208 46 3 1
a contact +593379 +594208 3 46 1
a contact +599559 +600351 46 3 1
a contact +599559 +600351 3 46 1
a contact +2318 +3133 47 3 1
a contact +2318 +3133 3 47 1
a contact +8426 +9299 47 3 1
a contact +8426 +9299 3 47 1
a contact +14499 +15405 47 3 1
a contact +14499 +15405 3 47 1
a contact +20550 +21426 47 3 1
a contact +20550 +21426 3 47 1
a contact +26581 +27361 47 3 1
a contact +26581 +27361 3 47 1
a contact +32585 +33230 47 3 1
a contact +32585 +33230 3 47 1
a contact +38537 +39086 47 3 1
a contact +38537 +39086 3 47 1
a contact +44417 +45001 47 3 1
a contact +44417 +45001 3 47 1
a contact +50268 +50983 47 3 1
a contact +50268 +50983 3 47 1
a contact +56163 +57001 47 3 1
a contact +56163 +57001 3 47 1
a contact +62137 +63042 47 3 1
a contact +62137 +63042 3 47 1
a contact +68200 +69102 47 3 1
a contact +68200 +69102 3 47 1
a contact +74340 +75189 47 3 1
a contact +74340 +75189 3 47 1
a contact +80519 +81317 47 3 1
a contact +80519 +81317 3 47 1
a contact +86683 +87485 47 3 1
a contact +86683 +87485 3 47 1
a contact +92804 +93660 47 3 1
a contact +92804 +93660 3 47 1
a contact +98886 +99788 47 3 1
a contact +98886 +99788 3 47 1
a contact +104943 +105835 47 3 1
a contact +104943 +105835 3 47 1
a contact +110980 +111794 47 3 1
a contact +110980 +111794 3 47 1
a contact +116994 +117679 47 3 1
a contact +116994 +117679 3 47 1
a contact +122965 +123531 47 3 1
a contact +122965 +123531 3 47 1
a contact +128864 +129424 47 3 1
a contact +128864 +129424 3 47 1
a contact +134716 +135389 47 3 1
a contact +134716 +135389 3 47 1
a contact +140592 +141399 47 3 1
a contact +140592 +141399 3 47 1
a contact +146541 +147434 47 3 1
a contact +146541 +147434 3 47 1
a contact +152579 +153488 47 3 1
a contact +152579 +153488 3 47 1
a contact +158698 +159566 47 3 1
a contact +158698 +159566 3 47 1
a contact +164871 +165680 47 3 1
a contact +164871 +165680 3 47 1
a contact +171045 +171839 47 3 1
a contact +171045 +171839 3 47 1
a contact +177179 +178018 47 3 1
a contact +177179 +178018 3 47 1
a contact +183271 +184164 47 3 1
a contact +183271 +184164 3 47 1
a contact +189335 +190236 47 3 1
a contact +189335 +190236 3 47 1
a contact +195377 +196221 47 3 1
a contact +195377 +196221 3 47 1
a contact +201399 +202125 47 3 1
a contact +201399 +202125 3 47 1
a contact +207386 +207979 47 3 1
a contact +207386 +207979 3 47 1
a contact +213307 +213853 47 3 1
a contact +213307 +213853 3 47 1
a contact +219166 +219799 47 3 1
a contact +219166 +219799 3 47 1
a contact +225028 +225799 47 3 1
a contact +225028 +225799 3 47 1
a contact +230953 +231828 47 3 1
a contact +230953 +231828 3 47 1
a contact +236964 +237876 47 3 1
a contact +236964 +237876 3 47 1
a contact +243062 +243946 47 3 1
a contact +243062 +243946 3 47 1
a contact +249224 +250048 47 3 1
a contact +249224 +250048 3 47 1
a contact +255403 +256194 47 3 1
a contact +255403 +256194 3 47 1
a contact +261551 +262372 47 3 1
a contact +261551 +262372 3 47 1
a contact +267654 +268533 47 3 1
a contact +267654 +268533 3 47 1
a contact +273724 +274630 47 3 1
a contact +273724 +274630 3 47 1
a contact +279773 +280641 47 3 1
a contact +279773 +280641 3 47 1
a contact +285801 +286566 47 3 1
a contact +285801 +286566 3 47 1
a contact +291801 +292429 47 3 1
a contact +291801 +292429 3 47 1
a contact +297744 +298290 47 3 1
a contact +297744 +298290 3 47 1
a contact +303616 +304214 47 3 1
a contact +303616 +304214 3 47 1
a contact +309470 +310201 47 3 1
a contact +309470 +310201 3 47 1
a contact +315373 +316223 47 3 1
a contact +315373 +316223 3 47 1
a contact +321358 +322266 47 3 1
a contact +321358 +322266 3 47 1
a contact +327431 +328329 47 3 1
a contact +327431 +328329 3 47 1
a contact +333578 +334420 47 3 1
a contact +333578 +334420 3 47 1
a contact +339758 +340553 47 3 1
a contact +339758 +340553 3 47 1
a contact +345918 +346725 47 3 1
a contact +345918 +346725 3 47 1
a contact +352034 +352897 47 3 1
a contact +352034 +352897 3 47 1
a contact +358112 +359016 47 3 1
a contact +358112 +359016 3 47 1
a contact +364167 +365053 47 3 1
a contact +364167 +365053 3 47 1
a contact +370201 +371002 47 3 1
a contact +370201 +371002 3 47 1
a contact +376211 +376879 47 3 1
a contact +376211 +376879 3 47 1
a contact +382175 +382732 47 3 1
a contact +382175 +382732 3 47 1
a contact +388065 +388634 47 3 1
a contact +388065 +388634 3 47 1
a contact +393916 +394606 47 3 1
a contact +393916 +394606 3 47 1
a contact +399800 +400620 47 3 1
a contact +399800 +400620 3 47 1
a contact +405759 +406657 47 3 1
a contact +405759 +406657 3 47 1
a contact +411807 +412714 47 3 1
a contact +411807 +412714 3 47 1
a contact +417935 +418796 47 3 1
a contact +417935 +418796 3 47 1
a contact +424111 +424915 47 3 1
a contact +424111 +424915 3 47 1
a contact +430282 +431078 47 3 1
a contact +430282 +431078 3 47 1
a contact +436410 +437256 47 3 1
a contact +436410 +437256 3 47 1
a contact +442498 +443395 47 3 1
a contact +442498 +443395 3 47 1
a contact +448559 +449457 47 3 1
a contact +448559 +449457 3 47 1
a contact +454599 +455431 47 3 1
a contact +454599 +455431 3 47 1
a contact +460618 +461326 47 3 1
a contact +460618 +461326 3 47 1
a contact +466598 +467179 47 3 1
a contact +466598 +467179 3 47 1
a contact +472511 +473061 47 3 1
a contact +472511 +473061 3 47 1
a contact +478365 +479015 47 3 1
a contact +478365 +479015 3 47 1
a contact +484233 +485019 47 3 1
a contact +484233 +485019 3 47 1
a contact +490168 +491050 47 3 1
a contact +490168 +491050 3 47 1
a contact +496190 +497101 47 3 1
a contact +496190 +497101 3 47 1
a contact +502297 +503174 47 3 1
a contact +502297 +503174 3 47 1
a contact +508464 +509281 47 3 1
a contact +508464 +509281 3 47 1
a contact +514641 +515433 47 3 1
a contact +514641 +515433 3 47 1
a contact +520783 +521612 47 3 1
a contact +520783 +521612 3 47 1
a contact +526882 +527767 47 3 1
a contact +526882 +527767 3 47 1
a contact +532949 +533854 47 3 1
a contact +532949 +533854 3 47 1
a contact +538995 +539854 47 3 1
a contact +538995 +539854 3 47 1
a contact +545021 +545770 47 3 1
a contact +545021 +545770 3 47 1
a contact +551015 +551629 47 3 1
a contact +551015 +551629 3 47 1
a contact +556950 +557494 47 3 1
a contact +556950 +557494 3 47 1
a contact +562816 +563427 47 3 1
a contact +562816 +563427 3 47 1
a contact +568672 +569420 47 3 1
a contact +568672 +569420 3 47 1
a contact +574584 +575445 47 3 1
a contact +574584 +575445 3 47 1
a contact +580580 +581490 47 3 1
a contact +580580 +581490 3 47 1
a contact +586663 +587556 47 3 1
a contact +586663 +587556 3 47 1
a contact +592817 +593652 47 3 1
a contact +592817 +593652 3 47 1
a contact +598998 +599790 47 3 1
a contact +598998 +599790 3 47 1
a contact +1759 +2569 48 3 1
a contact +1759 +2569 3 48 1
a contact +7870 +8738 48 3 1
a contact +7870 +8738 3 48 1
a contact +13947 +14851 48 3 1
a contact +13947 +14851 3 48 1
a contact +19999 +20881 48 3 1
a contact +19999 +20881 3 48 1
a contact +26032 +26823 48 3 1
a contact +26032 +26823 3 48 1
a contact +32040 +32696 48 3 1
a contact +32040 +32696 3 48 1
a contact +37998 +38551 48 3 1
a contact +37998 +38551 3 48 1
a contact +43883 +44459 48 3 1
a contact +43883 +44459 3 48 1
a contact +49734 +50435 48 3 1
a contact +49734 +50435 3 48 1
a contact +55622 +56452 48 3 1
a contact +55622 +56452 3 48 1
a contact +61589 +62490 48 3 1
a contact +61589 +62490 3 48 1
a contact +67644 +68549 48 3 1
a contact +67644 +68549 3 48 1
a contact +73778 +74633 48 3 1
a contact +73778 +74633 3 48 1
a contact +79955 +80756 48 3 1
a contact +79955 +80756 3 48 1
a contact +86123 +86922 48 3 1
a contact +86123 +86922 3 48 1
a contact +92248 +93099 48 3 1
a contact +92248 +93099 3 48 1
a contact +98333 +99232 48 3 1
a contact +98333 +99232 3 48 1
a contact +104392 +105288 48 3 1
a contact +104392 +105288 3 48 1
a contact +110431 +111255 48 3 1
a contact +110431 +111255 3 48 1
a contact +116447 +117145 48 3 1
a contact +116447 +117145 3 48 1
a contact +122423 +122997 48 3 1
a contact +122423 +122997 3 48 1
a contact +128330 +128883 48 3 1
a contact +128330 +128883 3 48 1
a contact +134182 +134843 48 3 1
a contact +134182 +134843 3 48 1
a contact +140054 +140850 48 3 1
a contact +140054 +140850 3 48 1
a contact +145996 +146883 48 3 1
a contact +145996 +146883 3 48 1
a contact +152025 +152935 48 3 1
a contact +152025 +152935 3 48 1
a contact +158138 +159011 48 3 1
a contact +158138 +159011 3 48 1
a contact +164308 +165121 48 3 1
a contact +164308 +165121 3 48 1
a contact +170484 +171276 48 3 1
a contact +170484 +171276 3 48 1
a contact +176622 +177455 48 3 1
a contact +176622 +177455 3 48 1
a contact +182717 +183606 48 3 1
a contact +182717 +183606 3 48 1
a contact +188783 +189686 48 3 1
a contact +188783 +189686 3 48 1
a contact +194827 +195679 48 3 1
a contact +194827 +195679 3 48 1
a contact +200851 +201589 48 3 1
a contact +200851 +201589 3 48 1
a contact +206842 +207446 48 3 1
a contact +206842 +207446 3 48 1
a contact +212771 +213315 48 3 1
a contact +212771 +213315 3 48 1
a contact +218633 +219254 48 3 1
a contact +218633 +219254 3 48 1
a contact +224492 +225251 48 3 1
a contact +224492 +225251 3 48 1
a contact +230410 +231277 48 3 1
a contact +230410 +231277 3 48 1
a contact +236413 +237324 48 3 1
a contact +236413 +237324 3 48 1
a contact +242503 +243392 48 3 1
a contact +242503 +243392 3 48 1
a contact +248661 +249490 48 3 1
a contact +248661 +249490 3 48 1
a contact +254841 +255632 48 3 1
a contact +254841 +255632 3 48 1
a contact +260992 +261809 48 3 1
a contact +260992 +261809 3 48 1
a contact +267099 +267974 48 3 1
a contact +267099 +267974 3 48 1
a contact +273172 +274078 48 3 1
a contact +273172 +274078 3 48 1
a contact +279222 +280096 48 3 1
a contact +279222 +280096 3 48 1
a contact +285253 +286029 48 3 1
a contact +285253 +286029 3 48 1
a contact +291256 +291896 48 3 1
a contact +291256 +291896 3 48 1
a contact +297206 +297754 48 3 1
a contact +297206 +297754 3 48 1
a contact +303083 +303670 48 3 1
a contact +303083 +303670 3 48 1
a contact +308935 +309654 48 3 1
a contact +308935 +309654 3 48 1
a contact +314832 +315673 48 3 1
a contact +314832 +315673 3 48 1
a contact +320809 +321714 48 3 1
a contact +320809 +321714 3 48 1
a contact +326874 +327775 48 3 1
a contact +326874 +327775 3 48 1
a contact +333016 +333863 48 3 1
a contact +333016 +333863 3 48 1
a contact +339195 +339992 48 3 1
a contact +339195 +339992 3 48 1
a contact +345359 +346162 48 3 1
a contact +345359 +346162 3 48 1
a contact +351478 +352336 48 3 1
a contact +351478 +352336 3 48 1
a contact +357559 +358461 48 3 1
a contact +357559 +358461 3 48 1
a contact +363616 +364506 48 3 1
a contact +363616 +364506 3 48 1
a contact +369652 +370463 48 3 1
a contact +369652 +370463 3 48 1
a contact +375665 +376345 48 3 1
a contact +375665 +376345 3 48 1
a contact +381634 +382198 48 3 1
a contact +381634 +382198 3 48 1
a contact +387531 +388093 48 3 1
a contact +387531 +388093 3 48 1
a contact +393382 +394060 48 3 1
a contact +393382 +394060 3 48 1
a contact +399261 +400071 48 3 1
a contact +399261 +400071 3 48 1
a contact +405212 +406106 48 3 1
a contact +405212 +406106 3 48 1
a contact +411252 +412161 48 3 1
a contact +411252 +412161 3 48 1
a contact +417374 +418240 48 3 1
a contact +417374 +418240 3 48 1
a contact +423548 +424356 48 3 1
a contact +423548 +424356 3 48 1
a contact +429721 +430515 48 3 1
a contact +429721 +430515 3 48 1
a contact +435854 +436694 48 3 1
a contact +435854 +436694 3 48 1
a contact +441945 +442838 48 3 1
a contact +441945 +442838 3 48 1
a contact +448007 +448908 48 3 1
a contact +448007 +448908 3 48 1
a contact +454049 +454890 48 3 1
a contact +454049 +454890 3 48 1
a contact +460070 +460792 48 3 1
a contact +460070 +460792 3 48 1
a contact +466055 +466646 48 3 1
a contact +466055 +466646 3 48 1
a contact +471975 +472522 48 3 1
a contact +471975 +472522 3 48 1
a contact +477832 +478469 48 3 1
a contact +477832 +478469 3 48 1
a contact +483696 +484471 48 3 1
a contact +483696 +484471 3 48 1
a contact +489623 +490500 48 3 1
a contact +489623 +490500 3 48 1
a contact +495637 +496549 48 3 1
a contact +495637 +496549 3 48 1
a contact +501737 +502620 48 3 1
a contact +501737 +502620 3 48 1
a contact +507900 +508723 48 3 1
a contact +507900 +508723 3 48 1
a contact +514079 +514870 48 3 1
a contact +514079 +514870 3 48 1
a contact +520226 +521049 48 3 1
a contact +520226 +521049 3 48 1
a contact +526327 +527208 48 3 1
a contact +526327 +527208 3 48 1
a contact +532397 +533302 48 3 1
a contact +532397 +533302 3 48 1
a contact +538445 +539311 48 3 1
a contact +538445 +539311 3 48 1
a contact +544473 +545234 48 3 1
a contact +544473 +545234 3 48 1
a contact +550471 +551096 48 3 1
a contact +550471 +551096 3 48 1
a contact +556413 +556957 48 3 1
a contact +556413 +556957 3 48 1
a contact +562283 +562883 48 3 1
a contact +562283 +562883 3 48 1
a contact +568137 +568872 48 3 1
a contact +568137 +568872 3 48 1
a contact +574042 +574895 48 3 1
a contact +574042 +574895 3 48 1
a contact +580030 +580938 48 3 1
a contact +580030 +580938 3 48 1
a contact +586106 +587002 48 3 1
a contact +586106 +587002 3 48 1
a contact +592254 +593095 48 3 1
a contact +592254 +593095 3 48 1
a contact +598435 +599229 48 3 1
a contact +598435 +599229 3 48 1
a contact +604594 +604800 48 3 1
a contact +604594 +604800 3 48 1
a contact +1199 +2005 49 3 1
a contact +1199 +2005 3 49 1
a contact +7314 +8177 49 3 1
a contact +7314 +8177 3 49 1
a contact +13393 +14297 49 3 1
a contact +13393 +14297 3 49 1
a contact +19448 +20335 49 3 1
a contact +19448 +20335 3 49 1
a contact +25483 +26285 49 3 1
a contact +25483 +26285 3 49 1
a contact +31493 +32162 49 3 1
a contact +31493 +32162 3 49 1
a contact +37457 +38015 49 3 1
a contact +37457 +38015 3 49 1
a contact +43349 +43916 49 3 1
a contact +43349 +43916 3 49 1
a contact +49199 +49888 49 3 1
a contact +49199 +49888 3 49 1
a contact +55082 +55902 49 3 1
a contact +55082 +55902 3 49 1
a contact +61041 +61939 49 3 1
a contact +61041 +61939 3 49 1
a contact +67088 +67995 49 3 1
a contact +67088 +67995 3 49 1
a contact +73215 +74076 49 3 1
a contact +73215 +74076 3 49 1
a contact +79391 +80196 49 3 1
a contact +79391 +80196 3 49 1
a contact +85562 +86358 49 3 1
a contact +85562 +86358 3 49 1
a contact +91691 +92536 49 3 1
a contact +91691 +92536 3 49 1
a contact +97779 +98675 49 3 1
a contact +97779 +98675 3 49 1
a contact +103840 +104739 49 3 1
a contact +103840 +104739 3 49 1
a contact +109881 +110714 49 3 1
a contact +109881 +110714 3 49 1
a contact +115899 +116610 49 3 1
a contact +115899 +116610 3 49 1
a contact +121880 +122463 49 3 1
a contact +121880 +122463 3 49 1
a contact +127794 +128343 49 3 1
a contact +127794 +128343 3 49 1
a contact +133649 +134296 49 3 1
a contact +133649 +134296 3 49 1
a contact +139516 +140301 49 3 1
a contact +139516 +140301 3 49 1
a contact +145450 +146332 49 3 1
a contact +145450 +146332 3 49 1
a contact +151471 +152382 49 3 1
a contact +151471 +152382 3 49 1
a contact +157577 +158455 49 3 1
a contact +157577 +158455 3 49 1
a contact +163744 +164562 49 3 1
a contact +163744 +164562 3 49 1
a contact +169922 +170713 49 3 1
a contact +169922 +170713 3 49 1
a contact +176064 +176892 49 3 1
a contact +176064 +176892 3 49 1
a contact +182163 +183047 49 3 1
a contact +182163 +183047 3 49 1
a contact +188230 +189135 49 3 1
a contact +188230 +189135 3 49 1
a contact +194277 +195136 49 3 1
a contact +194277 +195136 3 49 1
a contact +200303 +201053 49 3 1
a contact +200303 +201053 3 49 1
a contact +206297 +206912 49 3 1
a contact +206297 +206912 3 49 1
a contact +212233 +212777 49 3 1
a contact +212233 +212777 3 49 1
a contact +218099 +218709 49 3 1
a contact +218099 +218709 3 49 1
a contact +223956 +224702 49 3 1
a contact +223956 +224702 3 49 1
a contact +229867 +230727 49 3 1
a contact +229867 +230727 3 49 1
a contact +235861 +236771 49 3 1
a contact +235861 +236771 3 49 1
a contact +241944 +242837 49 3 1
a contact +241944 +242837 3 49 1
a contact +248097 +248932 49 3 1
a contact +248097 +248932 3 49 1
a contact +254278 +255070 49 3 1
a contact +254278 +255070 3 49 1
a contact +260433 +261245 49 3 1
a contact +260433 +261245 3 49 1
a contact +266544 +267413 49 3 1
a contact +266544 +267413 3 49 1
a contact +272619 +273524 49 3 1
a contact +272619 +273524 3 49 1
a contact +278671 +279551 49 3 1
a contact +278671 +279551 3 49 1
a contact +284703 +285491 49 3 1
a contact +284703 +285491 3 49 1
a contact +290710 +291362 49 3 1
a contact +290710 +291362 3 49 1
a contact +296666 +297217 49 3 1
a contact +296666 +297217 3 49 1
a contact +302549 +303127 49 3 1
a contact +302549 +303127 3 49 1
a contact +308400 +309106 49 3 1
a contact +308400 +309106 3 49 1
a contact +314291 +315123 49 3 1
a contact +314291 +315123 3 49 1
a contact +320260 +321162 49 3 1
a contact +320260 +321162 3 49 1
a contact +326317 +327221 49 3 1
a contact +326317 +327221 3 49 1
a contact +332453 +333306 49 3 1
a contact +332453 +333306 3 49 1
a contact +338631 +339431 49 3 1
a contact +338631 +339431 3 49 1
a contact +344798 +345598 49 3 1
a contact +344798 +345598 3 49 1
a contact +350921 +351774 49 3 1
a contact +350921 +351774 3 49 1
a contact +357006 +357905 49 3 1
a contact +357006 +357905 3 49 1
a contact +363064 +363958 49 3 1
a contact +363064 +363958 3 49 1
a contact +369102 +369923 49 3 1
a contact +369102 +369923 3 49 1
a contact +375117 +375811 49 3 1
a contact +375117 +375811 3 49 1
a contact +381092 +381663 49 3 1
a contact +381092 +381663 3 49 1
a contact +386996 +387552 49 3 1
a contact +386996 +387552 3 49 1
a contact +392848 +393513 49 3 1
a contact +392848 +393513 3 49 1
a contact +398722 +399521 49 3 1
a contact +398722 +399521 3 49 1
a contact +404665 +405555 49 3 1
a contact +404665 +405555 3 49 1
a contact +410697 +411608 49 3 1
a contact +410697 +411608 3 49 1
a contact +416812 +417684 49 3 1
a contact +416812 +417684 3 49 1
a contact +422984 +423796 49 3 1
a contact +422984 +423796 3 49 1
a contact +429159 +429952 49 3 1
a contact +429159 +429952 3 49 1
a contact +435296 +436131 49 3 1
a contact +435296 +436131 3 49 1
a contact +441390 +442280 49 3 1
a contact +441390 +442280 3 49 1
a contact +447455 +448358 49 3 1
a contact +447455 +448358 3 49 1
a contact +453499 +454348 49 3 1
a contact +453499 +454348 3 49 1
a contact +459522 +460256 49 3 1
a contact +459522 +460256 3 49 1
a contact +465511 +466112 49 3 1
a contact +465511 +466112 3 49 1
a contact +471438 +471983 49 3 1
a contact +471438 +471983 3 49 1
a contact +477299 +477924 49 3 1
a contact +477299 +477924 3 49 1
a contact +483159 +483922 49 3 1
a contact +483159 +483922 3 49 1
a contact +489079 +489949 49 3 1
a contact +489079 +489949 3 49 1
a contact +495085 +495996 49 3 1
a contact +495085 +495996 3 49 1
a contact +501177 +502065 49 3 1
a contact +501177 +502065 3 49 1
a contact +507336 +508164 49 3 1
a contact +507336 +508164 3 49 1
a contact +513516 +514308 49 3 1
a contact +513516 +514308 3 49 1
a contact +519667 +520485 49 3 1
a contact +519667 +520485 3 49 1
a contact +525772 +526648 49 3 1
a contact +525772 +526648 3 49 1
a contact +531844 +532750 49 3 1
a contact +531844 +532750 3 49 1
a contact +537894 +538766 49 3 1
a contact +537894 +538766 3 49 1
a contact +543924 +544696 49 3 1
a contact +543924 +544696 3 49 1
a contact +549925 +550562 49 3 1
a contact +549925 +550562 3 49 1
a contact +555874 +556420 49 3 1
a contact +555874 +556420 3 49 1
a contact +561749 +562340 49 3 1
a contact +561749 +562340 3 49 1
a contact +567602 +568324 49 3 1
a contact +567602 +568324 3 49 1
a contact +573500 +574345 49 3 1
a contact +573500 +574345 3 49 1
a contact +579480 +580386 49 3 1
a contact +579480 +580386 3 49 1
a contact +585548 +586448 49 3 1
a contact +585548 +586448 3 49 1
a contact +591691 +592537 49 3 1
a contact +591691 +592537 3 49 1
a contact +597871 +598667 49 3 1
a contact +597871 +598667 3 49 1
a contact +604033 +604800 49 3 1
a contact +604033 +604800 3 49 1
a contact +638 +1441 50 3 1
a contact +638 +1441 3 50 1
a contact +6758 +7615 50 3 1
a contact +6758 +7615 3 50 1
a contact +12840 +13742 50 3 1
a contact +12840 +13742 3 50 1
a contact +18896 +19787 50 3 1
a contact +18896 +19787 3 50 1
a contact +24933 +25745 50 3 1
a contact +24933 +25745 3 50 1
a contact +30946 +31628 50 3 1
a contact +30946 +31628 3 50 1
a contact +36916 +37480 50 3 1
a contact +36916 +37480 3 50 1
a contact +42814 +43375 50 3 1
a contact +42814 +43375 3 50 1
a contact +48665 +49341 50 3 1
a contact +48665 +49341 3 50 1
a contact +54543 +55352 50 3 1
a contact +54543 +55352 3 50 1
a contact +60493 +61387 50 3 1
a contact +60493 +61387 3 50 1
a contact +66532 +67441 50 3 1
a contact +66532 +67441 3 50 1
a contact +72653 +73520 50 3 1
a contact +72653 +73520 3 50 1
a contact +78827 +79635 50 3 1
a contact +78827 +79635 3 50 1
a contact +85000 +85795 50 3 1
a contact +85000 +85795 3 50 1
a contact +91134 +91973 50 3 1
a contact +91134 +91973 3 50 1
a contact +97225 +98118 50 3 1
a contact +97225 +98118 3 50 1
a contact +103288 +104189 50 3 1
a contact +103288 +104189 3 50 1
a contact +109330 +110172 50 3 1
a contact +109330 +110172 3 50 1
a contact +115351 +116074 50 3 1
a contact +115351 +116074 3 50 1
a contact +121337 +121928 50 3 1
a contact +121337 +121928 3 50 1
a contact +127257 +127804 50 3 1
a contact +127257 +127804 3 50 1
a contact +133115 +133751 50 3 1
a contact +133115 +133751 3 50 1
a contact +138978 +139751 50 3 1
a contact +138978 +139751 3 50 1
a contact +144905 +145781 50 3 1
a contact +144905 +145781 3 50 1
a contact +150918 +151829 50 3 1
a contact +150918 +151829 3 50 1
a contact +157017 +157900 50 3 1
a contact +157017 +157900 3 50 1
a contact +163180 +164003 50 3 1
a contact +163180 +164003 3 50 1
a contact +169359 +170150 50 3 1
a contact +169359 +170150 3 50 1
a contact +175505 +176328 50 3 1
a contact +175505 +176328 3 50 1
a contact +181608 +182488 50 3 1
a contact +181608 +182488 3 50 1
a contact +187678 +188583 50 3 1
a contact +187678 +188583 3 50 1
a contact +193726 +194592 50 3 1
a contact +193726 +194592 3 50 1
a contact +199754 +200516 50 3 1
a contact +199754 +200516 3 50 1
a contact +205752 +206379 50 3 1
a contact +205752 +206379 3 50 1
a contact +211695 +212240 50 3 1
a contact +211695 +212240 3 50 1
a contact +217566 +218165 50 3 1
a contact +217566 +218165 3 50 1
a contact +223420 +224153 50 3 1
a contact +223420 +224153 3 50 1
a contact +229324 +230176 50 3 1
a contact +229324 +230176 3 50 1
a contact +235311 +236219 50 3 1
a contact +235311 +236219 3 50 1
a contact +241385 +242282 50 3 1
a contact +241385 +242282 3 50 1
a contact +247534 +248374 50 3 1
a contact +247534 +248374 3 50 1
a contact +253714 +254508 50 3 1
a contact +253714 +254508 3 50 1
a contact +259873 +260681 50 3 1
a contact +259873 +260681 3 50 1
a contact +265988 +266852 50 3 1
a contact +265988 +266852 3 50 1
a contact +272066 +272970 50 3 1
a contact +272066 +272970 3 50 1
a contact +278120 +279005 50 3 1
a contact +278120 +279005 3 50 1
a contact +284154 +284952 50 3 1
a contact +284154 +284952 3 50 1
a contact +290163 +290828 50 3 1
a contact +290163 +290828 3 50 1
a contact +296125 +296682 50 3 1
a contact +296125 +296682 3 50 1
a contact +302015 +302585 50 3 1
a contact +302015 +302585 3 50 1
a contact +307865 +308558 50 3 1
a contact +307865 +308558 3 50 1
a contact +313750 +314573 50 3 1
a contact +313750 +314573 3 50 1
a contact +319711 +320610 50 3 1
a contact +319711 +320610 3 50 1
a contact +325761 +326667 50 3 1
a contact +325761 +326667 3 50 1
a contact +331890 +332750 50 3 1
a contact +331890 +332750 3 50 1
a contact +338067 +338870 50 3 1
a contact +338067 +338870 3 50 1
a contact +344237 +345034 50 3 1
a contact +344237 +345034 3 50 1
a contact +350364 +351211 50 3 1
a contact +350364 +351211 3 50 1
a contact +356452 +357349 50 3 1
a contact +356452 +357349 3 50 1
a contact +362512 +363410 50 3 1
a contact +362512 +363410 3 50 1
a contact +368552 +369382 50 3 1
a contact +368552 +369382 3 50 1
a contact +374570 +375276 50 3 1
a contact +374570 +375276 3 50 1
a contact +380549 +381129 50 3 1
a contact +380549 +381129 3 50 1
a contact +386460 +387011 50 3 1
a contact +386460 +387011 3 50 1
a contact +392315 +392966 50 3 1
a contact +392315 +392966 3 50 1
a contact +398183 +398972 50 3 1
a contact +398183 +398972 3 50 1
a contact +404120 +405003 50 3 1
a contact +404120 +405003 3 50 1
a contact +410143 +411054 50 3 1
a contact +410143 +411054 3 50 1
a contact +416251 +417128 50 3 1
a contact +416251 +417128 3 50 1
a contact +422419 +423236 50 3 1
a contact +422419 +423236 3 50 1
a contact +428597 +429388 50 3 1
a contact +428597 +429388 3 50 1
a contact +434738 +435567 50 3 1
a contact +434738 +435567 3 50 1
a contact +440835 +441721 50 3 1
a contact +440835 +441721 3 50 1
a contact +446902 +447807 50 3 1
a contact +446902 +447807 3 50 1
a contact +452948 +453805 50 3 1
a contact +452948 +453805 3 50 1
a contact +458973 +459720 50 3 1
a contact +458973 +459720 3 50 1
a contact +464967 +465578 50 3 1
a contact +464967 +465578 3 50 1
a contact +470900 +471444 50 3 1
a contact +470900 +471444 3 50 1
a contact +476765 +477379 50 3 1
a contact +476765 +477379 3 50 1
a contact +482622 +483373 50 3 1
a contact +482622 +483373 3 50 1
a contact +488535 +489398 50 3 1
a contact +488535 +489398 3 50 1
a contact +494533 +495443 50 3 1
a contact +494533 +495443 3 50 1
a contact +500618 +501510 50 3 1
a contact +500618 +501510 3 50 1
a contact +506773 +507606 50 3 1
a contact +506773 +507606 3 50 1
a contact +512953 +513745 50 3 1
a contact +512953 +513745 3 50 1
a contact +519107 +519921 50 3 1
a contact +519107 +519921 3 50 1
a contact +525217 +526088 50 3 1
a contact +525217 +526088 3 50 1
a contact +531291 +532196 50 3 1
a contact +531291 +532196 3 50 1
a contact +537343 +538221 50 3 1
a contact +537343 +538221 3 50 1
a contact +543374 +544158 50 3 1
a contact +543374 +544158 3 50 1
a contact +549379 +550028 50 3 1
a contact +549379 +550028 3 50 1
a contact +555334 +555884 50 3 1
a contact +555334 +555884 3 50 1
a contact +561215 +561796 50 3 1
a contact +561215 +561796 3 50 1
a contact +567066 +567776 50 3 1
a contact +567066 +567776 3 50 1
a contact +572959 +573794 50 3 1
a contact +572959 +573794 3 50 1
a contact +578930 +579834 50 3 1
a contact +578930 +579834 3 50 1
a contact +584990 +585894 50 3 1
a contact +584990 +585894 3 50 1
a contact +591128 +591980 50 3 1
a contact +591128 +591980 3 50 1
a contact +597307 +598106 50 3 1
a contact +597307 +598106 3 50 1
a contact +603473 +604274 50 3 1
a contact +603473 +604274 3 50 1
a contact +78 +878 51 3 1
a contact +78 +878 3 51 1
a contact +6202 +7054 51 3 1
a contact +6202 +7054 3 51 1
a contact +12287 +13186 51 3 1
a contact +12287 +13186 3 51 1
a contact +18345 +19240 51 3 1
a contact +18345 +19240 3 51 1
a contact +24383 +25205 51 3 1
a contact +24383 +25205 3 51 1
a contact +30399 +31094 51 3 1
a contact +30399 +31094 3 51 1
a contact +36374 +36946 51 3 1
a contact +36374 +36946 3 51 1
a contact +42279 +42834 51 3 1
a contact +42279 +42834 3 51 1
a contact +48132 +48795 51 3 1
a contact +48132 +48795 3 51 1
a contact +54004 +54803 51 3 1
a contact +54004 +54803 3 51 1
a contact +59947 +60836 51 3 1
a contact +59947 +60836 3 51 1
a contact +65978 +66889 51 3 1
a contact +65978 +66889 3 51 1
a contact +72093 +72965 51 3 1
a contact +72093 +72965 3 51 1
a contact +78264 +79076 51 3 1
a contact +78264 +79076 3 51 1
a contact +84439 +85232 51 3 1
a contact +84439 +85232 3 51 1
a contact +90576 +91411 51 3 1
a contact +90576 +91411 3 51 1
a contact +96671 +97561 51 3 1
a contact +96671 +97561 3 51 1
a contact +102736 +103639 51 3 1
a contact +102736 +103639 3 51 1
a contact +108780 +109630 51 3 1
a contact +108780 +109630 3 51 1
a contact +114804 +115539 51 3 1
a contact +114804 +115539 3 51 1
a contact +120794 +121395 51 3 1
a contact +120794 +121395 3 51 1
a contact +126721 +127265 51 3 1
a contact +126721 +127265 3 51 1
a contact +132582 +133206 51 3 1
a contact +132582 +133206 3 51 1
a contact +138442 +139203 51 3 1
a contact +138442 +139203 3 51 1
a contact +144361 +145230 51 3 1
a contact +144361 +145230 3 51 1
a contact +150366 +151277 51 3 1
a contact +150366 +151277 3 51 1
a contact +156458 +157345 51 3 1
a contact +156458 +157345 3 51 1
a contact +162616 +163445 51 3 1
a contact +162616 +163445 3 51 1
a contact +168796 +169588 51 3 1
a contact +168796 +169588 3 51 1
a contact +174947 +175765 51 3 1
a contact +174947 +175765 3 51 1
a contact +181053 +181929 51 3 1
a contact +181053 +181929 3 51 1
a contact +187125 +188031 51 3 1
a contact +187125 +188031 3 51 1
a contact +193175 +194048 51 3 1
a contact +193175 +194048 3 51 1
a contact +199205 +199979 51 3 1
a contact +199205 +199979 3 51 1
a contact +205207 +205845 51 3 1
a contact +205207 +205845 3 51 1
a contact +211156 +211703 51 3 1
a contact +211156 +211703 3 51 1
a contact +217032 +217622 51 3 1
a contact +217032 +217622 3 51 1
a contact +222885 +223606 51 3 1
a contact +222885 +223606 3 51 1
a contact +228783 +229626 51 3 1
a contact +228783 +229626 3 51 1
a contact +234761 +235667 51 3 1
a contact +234761 +235667 3 51 1
a contact +240828 +241729 51 3 1
a contact +240828 +241729 3 51 1
a contact +246971 +247818 51 3 1
a contact +246971 +247818 3 51 1
a contact +253151 +253947 51 3 1
a contact +253151 +253947 3 51 1
a contact +259314 +260118 51 3 1
a contact +259314 +260118 3 51 1
a contact +265432 +266291 51 3 1
a contact +265432 +266291 3 51 1
a contact +271513 +272415 51 3 1
a contact +271513 +272415 3 51 1
a contact +277569 +278458 51 3 1
a contact +277569 +278458 3 51 1
a contact +283605 +284413 51 3 1
a contact +283605 +284413 3 51 1
a contact +289617 +290295 51 3 1
a contact +289617 +290295 3 51 1
a contact +295585 +296147 51 3 1
a contact +295585 +296147 3 51 1
a contact +301481 +302044 51 3 1
a contact +301481 +302044 3 51 1
a contact +307332 +308012 51 3 1
a contact +307332 +308012 3 51 1
a contact +313211 +314024 51 3 1
a contact +313211 +314024 3 51 1
a contact +319164 +320059 51 3 1
a contact +319164 +320059 3 51 1
a contact +325206 +326114 51 3 1
a contact +325206 +326114 3 51 1
a contact +331329 +332194 51 3 1
a contact +331329 +332194 3 51 1
a contact +337504 +338310 51 3 1
a contact +337504 +338310 3 51 1
a contact +343676 +344471 51 3 1
a contact +343676 +344471 3 51 1
a contact +349808 +350649 51 3 1
a contact +349808 +350649 3 51 1
a contact +355898 +356792 51 3 1
a contact +355898 +356792 3 51 1
a contact +361960 +362861 51 3 1
a contact +361960 +362861 3 51 1
a contact +368002 +368841 51 3 1
a contact +368002 +368841 3 51 1
a contact +374022 +374741 51 3 1
a contact +374022 +374741 3 51 1
a contact +380007 +380595 51 3 1
a contact +380007 +380595 3 51 1
a contact +385925 +386472 51 3 1
a contact +385925 +386472 3 51 1
a contact +391782 +392421 51 3 1
a contact +391782 +392421 3 51 1
a contact +397646 +398423 51 3 1
a contact +397646 +398423 3 51 1
a contact +403575 +404453 51 3 1
a contact +403575 +404453 3 51 1
a contact +409590 +410502 51 3 1
a contact +409590 +410502 3 51 1
a contact +415692 +416573 51 3 1
a contact +415692 +416573 3 51 1
a contact +421856 +422678 51 3 1
a contact +421856 +422678 3 51 1
a contact +428035 +428826 51 3 1
a contact +428035 +428826 3 51 1
a contact +434180 +435004 51 3 1
a contact +434180 +435004 3 51 1
a contact +440281 +441163 51 3 1
a contact +440281 +441163 3 51 1
a contact +446350 +447256 51 3 1
a contact +446350 +447256 3 51 1
a contact +452398 +453262 51 3 1
a contact +452398 +453262 3 51 1
a contact +458425 +459184 51 3 1
a contact +458425 +459184 3 51 1
a contact +464423 +465045 51 3 1
a contact +464423 +465045 3 51 1
a contact +470363 +470907 51 3 1
a contact +470363 +470907 3 51 1
a contact +476232 +476835 51 3 1
a contact +476232 +476835 3 51 1
a contact +482087 +482825 51 3 1
a contact +482087 +482825 3 51 1
a contact +487993 +488848 51 3 1
a contact +487993 +488848 3 51 1
a contact +493983 +494892 51 3 1
a contact +493983 +494892 3 51 1
a contact +500060 +500956 51 3 1
a contact +500060 +500956 3 51 1
a contact +506210 +507049 51 3 1
a contact +506210 +507049 3 51 1
a contact +512390 +513184 51 3 1
a contact +512390 +513184 3 51 1
a contact +518548 +519357 51 3 1
a contact +518548 +519357 3 51 1
a contact +524661 +525528 51 3 1
a contact +524661 +525528 3 51 1
a contact +530739 +531643 51 3 1
a contact +530739 +531643 3 51 1
a contact +536792 +537675 51 3 1
a contact +536792 +537675 3 51 1
a contact +542826 +543620 51 3 1
a contact +542826 +543620 3 51 1
a contact +548834 +549495 51 3 1
a contact +548834 +549495 3 51 1
a contact +554794 +555349 51 3 1
a contact +554794 +555349 3 51 1
a contact +560682 +561254 51 3 1
a contact +560682 +561254 3 51 1
a contact +566532 +567229 51 3 1
a contact +566532 +567229 3 51 1
a contact +572419 +573245 51 3 1
a contact +572419 +573245 3 51 1
a contact +578382 +579283 51 3 1
a contact +578382 +579283 3 51 1
a contact +584435 +585340 51 3 1
a contact +584435 +585340 3 51 1
a contact +590566 +591424 51 3 1
a contact +590566 +591424 3 51 1
a contact +596744 +597545 51 3 1
a contact +596744 +597545 3 51 1
a contact +602912 +603710 51 3 1
a contact +602912 +603710 3 51 1
a contact +0 +316 52 3 1
a contact +0 +316 3 52 1
a contact +5647 +6493 52 3 1
a contact +5647 +6493 3 52 1
a contact +11735 +12631 52 3 1
a contact +11735 +12631 3 52 1
a contact +17795 +18693 52 3 1
a contact +17795 +18693 3 52 1
a contact +23835 +24666 52 3 1
a contact +23835 +24666 3 52 1
a contact +29853 +30561 52 3 1
a contact +29853 +30561 3 52 1
a contact +35833 +36414 52 3 1
a contact +35833 +36414 3 52 1
a contact +41745 +42295 52 3 1
a contact +41745 +42295 3 52 1
a contact +47600 +48250 52 3 1
a contact +47600 +48250 3 52 1
a contact +53468 +54255 52 3 1
a contact +53468 +54255 3 52 1
a contact +59403 +60286 52 3 1
a contact +59403 +60286 3 52 1
a contact +65426 +66337 52 3 1
a contact +65426 +66337 3 52 1
a contact +71534 +72411 52 3 1
a contact +71534 +72411 3 52 1
a contact +77701 +78518 52 3 1
a contact +77701 +78518 3 52 1
a contact +83879 +84670 52 3 1
a contact +83879 +84670 3 52 1
a contact +90020 +90849 52 3 1
a contact +90020 +90849 3 52 1
a contact +96118 +97004 52 3 1
a contact +96118 +97004 3 52 1
a contact +102185 +103090 52 3 1
a contact +102185 +103090 3 52 1
a contact +108231 +109089 52 3 1
a contact +108231 +109089 3 52 1
a contact +114257 +115004 52 3 1
a contact +114257 +115004 3 52 1
a contact +120251 +120863 52 3 1
a contact +120251 +120863 3 52 1
a contact +126185 +126729 52 3 1
a contact +126185 +126729 3 52 1
a contact +132050 +132663 52 3 1
a contact +132050 +132663 3 52 1
a contact +137907 +138656 52 3 1
a contact +137907 +138656 3 52 1
a contact +143819 +144681 52 3 1
a contact +143819 +144681 3 52 1
a contact +149816 +150726 52 3 1
a contact +149816 +150726 3 52 1
a contact +155900 +156792 52 3 1
a contact +155900 +156792 3 52 1
a contact +162054 +162888 52 3 1
a contact +162054 +162888 3 52 1
a contact +168235 +169027 52 3 1
a contact +168235 +169027 3 52 1
a contact +174390 +175202 52 3 1
a contact +174390 +175202 3 52 1
a contact +180499 +181370 52 3 1
a contact +180499 +181370 3 52 1
a contact +186574 +187479 52 3 1
a contact +186574 +187479 3 52 1
a contact +192626 +193504 52 3 1
a contact +192626 +193504 3 52 1
a contact +198658 +199443 52 3 1
a contact +198658 +199443 3 52 1
a contact +204663 +205313 52 3 1
a contact +204663 +205313 3 52 1
a contact +210618 +211169 52 3 1
a contact +210618 +211169 3 52 1
a contact +216500 +217080 52 3 1
a contact +216500 +217080 3 52 1
a contact +222351 +223060 52 3 1
a contact +222351 +223060 3 52 1
a contact +228243 +229077 52 3 1
a contact +228243 +229077 3 52 1
a contact +234214 +235117 52 3 1
a contact +234214 +235117 3 52 1
a contact +240273 +241176 52 3 1
a contact +240273 +241176 3 52 1
a contact +246410 +247262 52 3 1
a contact +246410 +247262 3 52 1
a contact +252589 +253388 52 3 1
a contact +252589 +253388 3 52 1
a contact +258755 +259555 52 3 1
a contact +258755 +259555 3 52 1
a contact +264877 +265731 52 3 1
a contact +264877 +265731 3 52 1
a contact +270961 +271861 52 3 1
a contact +270961 +271861 3 52 1
a contact +277019 +277912 52 3 1
a contact +277019 +277912 3 52 1
a contact +283056 +283875 52 3 1
a contact +283056 +283875 3 52 1
a contact +289071 +289762 52 3 1
a contact +289071 +289762 3 52 1
a contact +295045 +295614 52 3 1
a contact +295045 +295614 3 52 1
a contact +300947 +301504 52 3 1
a contact +300947 +301504 3 52 1
a contact +306799 +307467 52 3 1
a contact +306799 +307467 3 52 1
a contact +312674 +313476 52 3 1
a contact +312674 +313476 3 52 1
a contact +318619 +319510 52 3 1
a contact +318619 +319510 3 52 1
a contact +324653 +325563 52 3 1
a contact +324653 +325563 3 52 1
a contact +330769 +331640 52 3 1
a contact +330769 +331640 3 52 1
a contact +336941 +337752 52 3 1
a contact +336941 +337752 3 52 1
a contact +343116 +343909 52 3 1
a contact +343116 +343909 3 52 1
a contact +349252 +350088 52 3 1
a contact +349252 +350088 3 52 1
a contact +355346 +356236 52 3 1
a contact +355346 +356236 3 52 1
a contact +361410 +362312 52 3 1
a contact +361410 +362312 3 52 1
a contact +367453 +368301 52 3 1
a contact +367453 +368301 3 52 1
a contact +373476 +374207 52 3 1
a contact +373476 +374207 3 52 1
a contact +379465 +380063 52 3 1
a contact +379465 +380063 3 52 1
a contact +385390 +385935 52 3 1
a contact +385390 +385935 3 52 1
a contact +391250 +391877 52 3 1
a contact +391250 +391877 3 52 1
a contact +397110 +397876 52 3 1
a contact +397110 +397876 3 52 1
a contact +403032 +403904 52 3 1
a contact +403032 +403904 3 52 1
a contact +409040 +409951 52 3 1
a contact +409040 +409951 3 52 1
a contact +415134 +416020 52 3 1
a contact +415134 +416020 3 52 1
a contact +421294 +422121 52 3 1
a contact +421294 +422121 3 52 1
a contact +427474 +428265 52 3 1
a contact +427474 +428265 3 52 1
a contact +433623 +434442 52 3 1
a contact +433623 +434442 3 52 1
a contact +439728 +440605 52 3 1
a contact +439728 +440605 3 52 1
a contact +445799 +446705 52 3 1
a contact +445799 +446705 3 52 1
a contact +451849 +452719 52 3 1
a contact +451849 +452719 3 52 1
a contact +457878 +458648 52 3 1
a contact +457878 +458648 3 52 1
a contact +463879 +464513 52 3 1
a contact +463879 +464513 3 52 1
a contact +469826 +470372 52 3 1
a contact +469826 +470372 3 52 1
a contact +475700 +476293 52 3 1
a contact +475700 +476293 3 52 1
a contact +481553 +482278 52 3 1
a contact +481553 +482278 3 52 1
a contact +487453 +488299 52 3 1
a contact +487453 +488299 3 52 1
a contact +493434 +494341 52 3 1
a contact +493434 +494341 3 52 1
a contact +499504 +500403 52 3 1
a contact +499504 +500403 3 52 1
a contact +505648 +506493 52 3 1
a contact +505648 +506493 3 52 1
a contact +511828 +512624 52 3 1
a contact +511828 +512624 3 52 1
a contact +517990 +518795 52 3 1
a contact +517990 +518795 3 52 1
a contact +524107 +524968 52 3 1
a contact +524107 +524968 3 52 1
a contact +530187 +531090 52 3 1
a contact +530187 +531090 3 52 1
a contact +536242 +537130 52 3 1
a contact +536242 +537130 3 52 1
a contact +542278 +543083 52 3 1
a contact +542278 +543083 3 52 1
a contact +548289 +548963 52 3 1
a contact +548289 +548963 3 52 1
a contact +554255 +554815 52 3 1
a contact +554255 +554815 3 52 1
a contact +560149 +560714 52 3 1
a contact +560149 +560714 3 52 1
a contact +566000 +566684 52 3 1
a contact +566000 +566684 3 52 1
a contact +571881 +572696 52 3 1
a contact +571881 +572696 3 52 1
a contact +577836 +578733 52 3 1
a contact +577836 +578733 3 52 1
a contact +583881 +584789 52 3 1
a contact +583881 +584789 3 52 1
a contact +590006 +590869 52 3 1
a contact +590006 +590869 3 52 1
a contact +596181 +596987 52 3 1
a contact +596181 +596987 3 52 1
a contact +602353 +603148 52 3 1
a contact +602353 +603148 3 52 1
a contact +5093 +5933 53 3 1
a contact +5093 +5933 3 53 1
a contact +11183 +12077 53 3 1
a contact +11183 +12077 3 53 1
a contact +17246 +18146 53 3 1
a contact +17246 +18146 3 53 1
a contact +23288 +24128 53 3 1
a contact +23288 +24128 3 53 1
a contact +29308 +30028 53 3 1
a contact +29308 +30028 3 53 1
a contact +35293 +35882 53 3 1
a contact +35293 +35882 3 53 1
a contact +41212 +41759 53 3 1
a contact +41212 +41759 3 53 1
a contact +47069 +47707 53 3 1
a contact +47069 +47707 3 53 1
a contact +52933 +53709 53 3 1
a contact +52933 +53709 3 53 1
a contact +58861 +59738 53 3 1
a contact +58861 +59738 3 53 1
a contact +64876 +65787 53 3 1
a contact +64876 +65787 3 53 1
a contact +70976 +71858 53 3 1
a contact +70976 +71858 3 53 1
a contact +77140 +77962 53 3 1
a contact +77140 +77962 3 53 1
a contact +83319 +84110 53 3 1
a contact +83319 +84110 3 53 1
a contact +89465 +90288 53 3 1
a contact +89465 +90288 3 53 1
a contact +95566 +96447 53 3 1
a contact +95566 +96447 3 53 1
a contact +101636 +102541 53 3 1
a contact +101636 +102541 3 53 1
a contact +107683 +108548 53 3 1
a contact +107683 +108548 3 53 1
a contact +113711 +114470 53 3 1
a contact +113711 +114470 3 53 1
a contact +119709 +120332 53 3 1
a contact +119709 +120332 3 53 1
a contact +125650 +126194 53 3 1
a contact +125650 +126194 3 53 1
a contact +131519 +132121 53 3 1
a contact +131519 +132121 3 53 1
a contact +137374 +138111 53 3 1
a contact +137374 +138111 3 53 1
a contact +143280 +144133 53 3 1
a contact +143280 +144133 3 53 1
a contact +149268 +150177 53 3 1
a contact +149268 +150177 3 53 1
a contact +155345 +156241 53 3 1
a contact +155345 +156241 3 53 1
a contact +161494 +162334 53 3 1
a contact +161494 +162334 3 53 1
a contact +167674 +168468 53 3 1
a contact +167674 +168468 3 53 1
a contact +173833 +174641 53 3 1
a contact +173833 +174641 3 53 1
a contact +179946 +180812 53 3 1
a contact +179946 +180812 3 53 1
a contact +186024 +186928 53 3 1
a contact +186024 +186928 3 53 1
a contact +192077 +192961 53 3 1
a contact +192077 +192961 3 53 1
a contact +198111 +198907 53 3 1
a contact +198111 +198907 3 53 1
a contact +204120 +204782 53 3 1
a contact +204120 +204782 3 53 1
a contact +210081 +210636 53 3 1
a contact +210081 +210636 3 53 1
a contact +215969 +216541 53 3 1
a contact +215969 +216541 3 53 1
a contact +221819 +222515 53 3 1
a contact +221819 +222515 3 53 1
a contact +227705 +228530 53 3 1
a contact +227705 +228530 3 53 1
a contact +233668 +234568 53 3 1
a contact +233668 +234568 3 53 1
a contact +239720 +240626 53 3 1
a contact +239720 +240626 3 53 1
a contact +245851 +246709 53 3 1
a contact +245851 +246709 3 53 1
a contact +252028 +252830 53 3 1
a contact +252028 +252830 3 53 1
a contact +258197 +258994 53 3 1
a contact +258197 +258994 3 53 1
a contact +264323 +265172 53 3 1
a contact +264323 +265172 3 53 1
a contact +270410 +271308 53 3 1
a contact +270410 +271308 3 53 1
a contact +276470 +277367 53 3 1
a contact +276470 +277367 3 53 1
a contact +282509 +283338 53 3 1
a contact +282509 +283338 3 53 1
a contact +288527 +289230 53 3 1
a contact +288527 +289230 3 53 1
a contact +294505 +295083 53 3 1
a contact +294505 +295083 3 53 1
a contact +300415 +300966 53 3 1
a contact +300415 +300966 3 53 1
a contact +306268 +306923 53 3 1
a contact +306268 +306923 3 53 1
a contact +312138 +312929 53 3 1
a contact +312138 +312929 3 53 1
a contact +318076 +318961 53 3 1
a contact +318076 +318961 3 53 1
a contact +324101 +325013 53 3 1
a contact +324101 +325013 3 53 1
a contact +330211 +331087 53 3 1
a contact +330211 +331087 3 53 1
a contact +336380 +337196 53 3 1
a contact +336380 +337196 3 53 1
a contact +342557 +343349 53 3 1
a contact +342557 +343349 3 53 1
a contact +348697 +349528 53 3 1
a contact +348697 +349528 3 53 1
a contact +354794 +355681 53 3 1
a contact +354794 +355681 3 53 1
a contact +360860 +361764 53 3 1
a contact +360860 +361764 3 53 1
a contact +366906 +367761 53 3 1
a contact +366906 +367761 3 53 1
a contact +372930 +373674 53 3 1
a contact +372930 +373674 3 53 1
a contact +378923 +379532 53 3 1
a contact +378923 +379532 3 53 1
a contact +384855 +385399 53 3 1
a contact +384855 +385399 3 53 1
a contact +390719 +391335 53 3 1
a contact +390719 +391335 3 53 1
a contact +396577 +397330 53 3 1
a contact +396577 +397330 3 53 1
a contact +402491 +403356 53 3 1
a contact +402491 +403356 3 53 1
a contact +408491 +409401 53 3 1
a contact +408491 +409401 3 53 1
a contact +414577 +415468 53 3 1
a contact +414577 +415468 3 53 1
a contact +420733 +421565 53 3 1
a contact +420733 +421565 3 53 1
a contact +426913 +427705 53 3 1
a contact +426913 +427705 3 53 1
a contact +433067 +433881 53 3 1
a contact +433067 +433881 3 53 1
a contact +439175 +440048 53 3 1
a contact +439175 +440048 3 53 1
a contact +445249 +446155 53 3 1
a contact +445249 +446155 3 53 1
a contact +451300 +452177 53 3 1
a contact +451300 +452177 3 53 1
a contact +457332 +458113 53 3 1
a contact +457332 +458113 3 53 1
a contact +463336 +463982 53 3 1
a contact +463336 +463982 3 53 1
a contact +469289 +469838 53 3 1
a contact +469289 +469838 3 53 1
a contact +475169 +475752 53 3 1
a contact +475169 +475752 3 53 1
a contact +481020 +481733 53 3 1
a contact +481020 +481733 3 53 1
a contact +486914 +487752 53 3 1
a contact +486914 +487752 3 53 1
a contact +492888 +493792 53 3 1
a contact +492888 +493792 3 53 1
a contact +498949 +499852 53 3 1
a contact +498949 +499852 3 53 1
a contact +505088 +505939 53 3 1
a contact +505088 +505939 3 53 1
a contact +511267 +512066 53 3 1
a contact +511267 +512066 3 53 1
a contact +517433 +518234 53 3 1
a contact +517433 +518234 3 53 1
a contact +523554 +524409 53 3 1
a contact +523554 +524409 3 53 1
a contact +529636 +530537 53 3 1
a contact +529636 +530537 3 53 1
a contact +535693 +536586 53 3 1
a contact +535693 +536586 3 53 1
a contact +541731 +542546 53 3 1
a contact +541731 +542546 3 53 1
a contact +547745 +548431 53 3 1
a contact +547745 +548431 3 53 1
a contact +553716 +554283 53 3 1
a contact +553716 +554283 3 53 1
a contact +559617 +560175 53 3 1
a contact +559617 +560175 3 53 1
a contact +565468 +566140 53 3 1
a contact +565468 +566140 3 53 1
a contact +571344 +572150 53 3 1
a contact +571344 +572150 3 53 1
a contact +577292 +578184 53 3 1
a contact +577292 +578184 3 53 1
a contact +583328 +584238 53 3 1
a contact +583328 +584238 3 53 1
a contact +589447 +590316 53 3 1
a contact +589447 +590316 3 53 1
a contact +595620 +596430 53 3 1
a contact +595620 +596430 3 53 1
a contact +601794 +602588 53 3 1
a contact +601794 +602588 3 53 1
a contact +4539 +5374 54 3 1
a contact +4539 +5374 3 54 1
a contact +10633 +11523 54 3 1
a contact +10633 +11523 3 54 1
a contact +16697 +17600 54 3 1
a contact +16697 +17600 3 54 1
a contact +22741 +23589 54 3 1
a contact +22741 +23589 3 54 1
a contact +28764 +29496 54 3 1
a contact +28764 +29496 3 54 1
a contact +34753 +35352 54 3 1
a contact +34753 +35352 3 54 1
a contact +40679 +41223 54 3 1
a contact +40679 +41223 3 54 1
a contact +46539 +47165 54 3 1
a contact +46539 +47165 3 54 1
a contact +52399 +53164 54 3 1
a contact +52399 +53164 3 54 1
a contact +58321 +59191 54 3 1
a contact +58321 +59191 3 54 1
a contact +64327 +65238 54 3 1
a contact +64327 +65238 3 54 1
a contact +70420 +71307 54 3 1
a contact +70420 +71307 3 54 1
a contact +76580 +77407 54 3 1
a contact +76580 +77407 3 54 1
a contact +82760 +83551 54 3 1
a contact +82760 +83551 3 54 1
a contact +88910 +89728 54 3 1
a contact +88910 +89728 3 54 1
a contact +95015 +95892 54 3 1
a contact +95015 +95892 3 54 1
a contact +101087 +101992 54 3 1
a contact +101087 +101992 3 54 1
a contact +107136 +108008 54 3 1
a contact +107136 +108008 3 54 1
a contact +113166 +113937 54 3 1
a contact +113166 +113937 3 54 1
a contact +119167 +119802 54 3 1
a contact +119167 +119802 3 54 1
a contact +125115 +125661 54 3 1
a contact +125115 +125661 3 54 1
a contact +130989 +131581 54 3 1
a contact +130989 +131581 3 54 1
a contact +136842 +137566 54 3 1
a contact +136842 +137566 3 54 1
a contact +142741 +143587 54 3 1
a contact +142741 +143587 3 54 1
a contact +148722 +149629 54 3 1
a contact +148722 +149629 3 54 1
a contact +154791 +155690 54 3 1
a contact +154791 +155690 3 54 1
a contact +160935 +161780 54 3 1
a contact +160935 +161780 3 54 1
a contact +167115 +167910 54 3 1
a contact +167115 +167910 3 54 1
a contact +173277 +174081 54 3 1
a contact +173277 +174081 3 54 1
a contact +179394 +180254 54 3 1
a contact +179394 +180254 3 54 1
a contact +185474 +186377 54 3 1
a contact +185474 +186377 3 54 1
a contact +191530 +192418 54 3 1
a contact +191530 +192418 3 54 1
a contact +197565 +198372 54 3 1
a contact +197565 +198372 3 54 1
a contact +203577 +204252 54 3 1
a contact +203577 +204252 3 54 1
a contact +209544 +210104 54 3 1
a contact +209544 +210104 3 54 1
a contact +215438 +216002 54 3 1
a contact +215438 +216002 3 54 1
a contact +221289 +221972 54 3 1
a contact +221289 +221972 3 54 1
a contact +227169 +227984 54 3 1
a contact +227169 +227984 3 54 1
a contact +233124 +234020 54 3 1
a contact +233124 +234020 3 54 1
a contact +239168 +240076 54 3 1
a contact +239168 +240076 3 54 1
a contact +245292 +246156 54 3 1
a contact +245292 +246156 3 54 1
a contact +251467 +252273 54 3 1
a contact +251467 +252273 3 54 1
a contact +257639 +258435 54 3 1
a contact +257639 +258435 3 54 1
a contact +263770 +264613 54 3 1
a contact +263770 +264613 3 54 1
a contact +269860 +270755 54 3 1
a contact +269860 +270755 3 54 1
a contact +275921 +276821 54 3 1
a contact +275921 +276821 3 54 1
a contact +281963 +282800 54 3 1
a contact +281963 +282800 3 54 1
a contact +287983 +288699 54 3 1
a contact +287983 +288699 3 54 1
a contact +293966 +294552 54 3 1
a contact +293966 +294552 3 54 1
a contact +299882 +300430 54 3 1
a contact +299882 +300430 3 54 1
a contact +305738 +306381 54 3 1
a contact +305738 +306381 3 54 1
a contact +311604 +312384 54 3 1
a contact +311604 +312384 3 54 1
a contact +317534 +318414 54 3 1
a contact +317534 +318414 3 54 1
a contact +323552 +324463 54 3 1
a contact +323552 +324463 3 54 1
a contact +329655 +330535 54 3 1
a contact +329655 +330535 3 54 1
a contact +335820 +336640 54 3 1
a contact +335820 +336640 3 54 1
a contact +341998 +342789 54 3 1
a contact +341998 +342789 3 54 1
a contact +348143 +348968 54 3 1
a contact +348143 +348968 3 54 1
a contact +354243 +355126 54 3 1
a contact +354243 +355126 3 54 1
a contact +360312 +361217 54 3 1
a contact +360312 +361217 3 54 1
a contact +366359 +367221 54 3 1
a contact +366359 +367221 3 54 1
a contact +372386 +373141 54 3 1
a contact +372386 +373141 3 54 1
a contact +378382 +379002 54 3 1
a contact +378382 +379002 3 54 1
a contact +384321 +384865 54 3 1
a contact +384321 +384865 3 54 1
a contact +390189 +390794 54 3 1
a contact +390189 +390794 3 54 1
a contact +396044 +396785 54 3 1
a contact +396044 +396785 3 54 1
a contact +401952 +402809 54 3 1
a contact +401952 +402809 3 54 1
a contact +407943 +408853 54 3 1
a contact +407943 +408853 3 54 1
a contact +414022 +414917 54 3 1
a contact +414022 +414917 3 54 1
a contact +420173 +421011 54 3 1
a contact +420173 +421011 3 54 1
a contact +426354 +427147 54 3 1
a contact +426354 +427147 3 54 1
a contact +432511 +433321 54 3 1
a contact +432511 +433321 3 54 1
a contact +438623 +439491 54 3 1
a contact +438623 +439491 3 54 1
a contact +444700 +445605 54 3 1
a contact +444700 +445605 3 54 1
a contact +450753 +451635 54 3 1
a contact +450753 +451635 3 54 1
a contact +456786 +457579 54 3 1
a contact +456786 +457579 3 54 1
a contact +462794 +463452 54 3 1
a contact +462794 +463452 3 54 1
a contact +468753 +469306 54 3 1
a contact +468753 +469306 3 54 1
a contact +474639 +475213 54 3 1
a contact +474639 +475213 3 54 1
a contact +480489 +481189 54 3 1
a contact +480489 +481189 3 54 1
a contact +486377 +487205 54 3 1
a contact +486377 +487205 3 54 1
a contact +492343 +493244 54 3 1
a contact +492343 +493244 3 54 1
a contact +498397 +499302 54 3 1
a contact +498397 +499302 3 54 1
a contact +504530 +505386 54 3 1
a contact +504530 +505386 3 54 1
a contact +510707 +511508 54 3 1
a contact +510707 +511508 3 54 1
a contact +516876 +517674 54 3 1
a contact +516876 +517674 3 54 1
a contact +523001 +523851 54 3 1
a contact +523001 +523851 3 54 1
a contact +529086 +529985 54 3 1
a contact +529086 +529985 3 54 1
a contact +535145 +536041 54 3 1
a contact +535145 +536041 3 54 1
a contact +541184 +542010 54 3 1
a contact +541184 +542010 3 54 1
a contact +547201 +547900 54 3 1
a contact +547201 +547900 3 54 1
a contact +553178 +553752 54 3 1
a contact +553178 +553752 3 54 1
a contact +559085 +559638 54 3 1
a contact +559085 +559638 3 54 1
a contact +564938 +565597 54 3 1
a contact +564938 +565597 3 54 1
a contact +570809 +571604 54 3 1
a contact +570809 +571604 3 54 1
a contact +576750 +577637 54 3 1
a contact +576750 +577637 3 54 1
a contact +582778 +583689 54 3 1
a contact +582778 +583689 3 54 1
a contact +588890 +589764 54 3 1
a contact +588890 +589764 3 54 1
a contact +595060 +595874 54 3 1
a contact +595060 +595874 3 54 1
a contact +601236 +602028 54 3 1
a contact +601236 +602028 3 54 1
a contact +4125 +4918 55 3 1
a contact +4125 +4918 3 55 1
a contact +10273 +11096 55 3 1
a contact +10273 +11096 3 55 1
a contact +16376 +17256 55 3 1
a contact +16376 +17256 3 55 1
a contact +22446 +23352 55 3 1
a contact +22446 +23352 3 55 1
a contact +28495 +29362 55 3 1
a contact +28495 +29362 3 55 1
a contact +34524 +35287 55 3 1
a contact +34524 +35287 3 55 1
a contact +40523 +41149 55 3 1
a contact +40523 +41149 3 55 1
a contact +46467 +47009 55 3 1
a contact +46467 +47009 3 55 1
a contact +52339 +52934 55 3 1
a contact +52339 +52934 3 55 1
a contact +58192 +58922 55 3 1
a contact +58192 +58922 3 55 1
a contact +64095 +64945 55 3 1
a contact +64095 +64945 3 55 1
a contact +70080 +70988 55 3 1
a contact +70080 +70988 3 55 1
a contact +76153 +77051 55 3 1
a contact +76153 +77051 3 55 1
a contact +82300 +83143 55 3 1
a contact +82300 +83143 3 55 1
a contact +88481 +89276 55 3 1
a contact +88481 +89276 3 55 1
a contact +94640 +95449 55 3 1
a contact +94640 +95449 3 55 1
a contact +100756 +101620 55 3 1
a contact +100756 +101620 3 55 1
a contact +106834 +107738 55 3 1
a contact +106834 +107738 3 55 1
a contact +112889 +113774 55 3 1
a contact +112889 +113774 3 55 1
a contact +118924 +119723 55 3 1
a contact +118924 +119723 3 55 1
a contact +124934 +125599 55 3 1
a contact +124934 +125599 3 55 1
a contact +130897 +131452 55 3 1
a contact +130897 +131452 3 55 1
a contact +136788 +137354 55 3 1
a contact +136788 +137354 3 55 1
a contact +142638 +143327 55 3 1
a contact +142638 +143327 3 55 1
a contact +148521 +149342 55 3 1
a contact +148521 +149342 3 55 1
a contact +154481 +155379 55 3 1
a contact +154481 +155379 3 55 1
a contact +160529 +161436 55 3 1
a contact +160529 +161436 3 55 1
a contact +166658 +167518 55 3 1
a contact +166658 +167518 3 55 1
a contact +172834 +173638 55 3 1
a contact +172834 +173638 3 55 1
a contact +179004 +179802 55 3 1
a contact +179004 +179802 3 55 1
a contact +185132 +185979 55 3 1
a contact +185132 +185979 3 55 1
a contact +191220 +192117 55 3 1
a contact +191220 +192117 3 55 1
a contact +197281 +198179 55 3 1
a contact +197281 +198179 3 55 1
a contact +203322 +204152 55 3 1
a contact +203322 +204152 3 55 1
a contact +209340 +210047 55 3 1
a contact +209340 +210047 3 55 1
a contact +215321 +215899 55 3 1
a contact +215321 +215899 3 55 1
a contact +221233 +221781 55 3 1
a contact +221233 +221781 3 55 1
a contact +227087 +227735 55 3 1
a contact +227087 +227735 3 55 1
a contact +232955 +233741 55 3 1
a contact +232955 +233741 3 55 1
a contact +238890 +239772 55 3 1
a contact +238890 +239772 3 55 1
a contact +244912 +245823 55 3 1
a contact +244912 +245823 3 55 1
a contact +251019 +251897 55 3 1
a contact +251019 +251897 3 55 1
a contact +257186 +258005 55 3 1
a contact +257186 +258005 3 55 1
a contact +263364 +264156 55 3 1
a contact +263364 +264156 3 55 1
a contact +269505 +270335 55 3 1
a contact +269505 +270335 3 55 1
a contact +275604 +276490 55 3 1
a contact +275604 +276490 3 55 1
a contact +281671 +282576 55 3 1
a contact +281671 +282576 3 55 1
a contact +287718 +288575 55 3 1
a contact +287718 +288575 3 55 1
a contact +293744 +294490 55 3 1
a contact +293744 +294490 3 55 1
a contact +299738 +300349 55 3 1
a contact +299738 +300349 3 55 1
a contact +305673 +306214 55 3 1
a contact +305673 +306214 3 55 1
a contact +311538 +312148 55 3 1
a contact +311538 +312148 3 55 1
a contact +317394 +318142 55 3 1
a contact +317394 +318142 3 55 1
a contact +323306 +324167 55 3 1
a contact +323306 +324167 3 55 1
a contact +329302 +330212 55 3 1
a contact +329302 +330212 3 55 1
a contact +335386 +336279 55 3 1
a contact +335386 +336279 3 55 1
a contact +341539 +342375 55 3 1
a contact +341539 +342375 3 55 1
a contact +347720 +348513 55 3 1
a contact +347720 +348513 3 55 1
a contact +353875 +354688 55 3 1
a contact +353875 +354688 3 55 1
a contact +359985 +360856 55 3 1
a contact +359985 +360856 3 55 1
a contact +366060 +366965 55 3 1
a contact +366060 +366965 3 55 1
a contact +372112 +372991 55 3 1
a contact +372112 +372991 3 55 1
a contact +378144 +378929 55 3 1
a contact +378144 +378929 3 55 1
a contact +384150 +384799 55 3 1
a contact +384150 +384799 3 55 1
a contact +390106 +390654 55 3 1
a contact +390106 +390654 3 55 1
a contact +395988 +396565 55 3 1
a contact +395988 +396565 3 55 1
a contact +401839 +402545 55 3 1
a contact +401839 +402545 3 55 1
a contact +407730 +408563 55 3 1
a contact +407730 +408563 3 55 1
a contact +413700 +414603 55 3 1
a contact +413700 +414603 3 55 1
a contact +419759 +420663 55 3 1
a contact +419759 +420663 3 55 1
a contact +425895 +426749 55 3 1
a contact +425895 +426749 3 55 1
a contact +432074 +432874 55 3 1
a contact +432074 +432874 3 55 1
a contact +438240 +439041 55 3 1
a contact +438240 +439041 3 55 1
a contact +444363 +445217 55 3 1
a contact +444363 +445217 3 55 1
a contact +450447 +451347 55 3 1
a contact +450447 +451347 3 55 1
a contact +456505 +457398 55 3 1
a contact +456505 +457398 3 55 1
a contact +462543 +463361 55 3 1
a contact +462543 +463361 3 55 1
a contact +468558 +469248 55 3 1
a contact +468558 +469248 3 55 1
a contact +474532 +475100 55 3 1
a contact +474532 +475100 3 55 1
a contact +480435 +480989 55 3 1
a contact +480435 +480989 3 55 1
a contact +486287 +486952 55 3 1
a contact +486287 +486952 3 55 1
a contact +492161 +492961 55 3 1
a contact +492161 +492961 3 55 1
a contact +498106 +498995 55 3 1
a contact +498106 +498995 3 55 1
a contact +504138 +505049 55 3 1
a contact +504138 +505049 3 55 1
a contact +510255 +511126 55 3 1
a contact +510255 +511126 3 55 1
a contact +516426 +517238 55 3 1
a contact +516426 +517238 3 55 1
a contact +522601 +523395 55 3 1
a contact +522601 +523395 3 55 1
a contact +528737 +529574 55 3 1
a contact +528737 +529574 3 55 1
a contact +534831 +535722 55 3 1
a contact +534831 +535722 3 55 1
a contact +540896 +541798 55 3 1
a contact +540896 +541798 3 55 1
a contact +546940 +547787 55 3 1
a contact +546940 +547787 3 55 1
a contact +552963 +553693 55 3 1
a contact +552963 +553693 3 55 1
a contact +558952 +559549 55 3 1
a contact +558952 +559549 3 55 1
a contact +564878 +565420 55 3 1
a contact +564878 +565420 3 55 1
a contact +570737 +571362 55 3 1
a contact +570737 +571362 3 55 1
a contact +576598 +577361 55 3 1
a contact +576598 +577361 3 55 1
a contact +582519 +583389 55 3 1
a contact +582519 +583389 3 55 1
a contact +588526 +589437 55 3 1
a contact +588526 +589437 3 55 1
a contact +594619 +595506 55 3 1
a contact +594619 +595506 3 55 1
a contact +600779 +601607 55 3 1
a contact +600779 +601607 3 55 1
a contact +3567 +4359 56 3 1
a contact +3567 +4359 3 56 1
a contact +9718 +10536 56 3 1
a contact +9718 +10536 3 56 1
a contact +15825 +16700 56 3 1
a contact +15825 +16700 3 56 1
a contact +21898 +22803 56 3 1
a contact +21898 +22803 3 56 1
a contact +27948 +28821 56 3 1
a contact +27948 +28821 3 56 1
a contact +33979 +34753 56 3 1
a contact +33979 +34753 3 56 1
a contact +39982 +40620 56 3 1
a contact +39982 +40620 3 56 1
a contact +45932 +46477 56 3 1
a contact +45932 +46477 3 56 1
a contact +51809 +52394 56 3 1
a contact +51809 +52394 3 56 1
a contact +57660 +58378 56 3 1
a contact +57660 +58378 3 56 1
a contact +63557 +64398 56 3 1
a contact +63557 +64398 3 56 1
a contact +69534 +70440 56 3 1
a contact +69534 +70440 3 56 1
a contact +75600 +76501 56 3 1
a contact +75600 +76501 3 56 1
a contact +81742 +82590 56 3 1
a contact +81742 +82590 3 56 1
a contact +87921 +88719 56 3 1
a contact +87921 +88719 3 56 1
a contact +94084 +94889 56 3 1
a contact +94084 +94889 3 56 1
a contact +100203 +101063 56 3 1
a contact +100203 +101063 3 56 1
a contact +106285 +107187 56 3 1
a contact +106285 +107187 3 56 1
a contact +112341 +113231 56 3 1
a contact +112341 +113231 3 56 1
a contact +118378 +119187 56 3 1
a contact +118378 +119187 3 56 1
a contact +124391 +125069 56 3 1
a contact +124391 +125069 3 56 1
a contact +130360 +130921 56 3 1
a contact +130360 +130921 3 56 1
a contact +136257 +136816 56 3 1
a contact +136257 +136816 3 56 1
a contact +142108 +142784 56 3 1
a contact +142108 +142784 3 56 1
a contact +147986 +148796 56 3 1
a contact +147986 +148796 3 56 1
a contact +153938 +154832 56 3 1
a contact +153938 +154832 3 56 1
a contact +159978 +160887 56 3 1
a contact +159978 +160887 3 56 1
a contact +166100 +166966 56 3 1
a contact +166100 +166966 3 56 1
a contact +172274 +173082 56 3 1
a contact +172274 +173082 3 56 1
a contact +178447 +179242 56 3 1
a contact +178447 +179242 3 56 1
a contact +184579 +185421 56 3 1
a contact +184579 +185421 3 56 1
a contact +190670 +191564 56 3 1
a contact +190670 +191564 3 56 1
a contact +196733 +197634 56 3 1
a contact +196733 +197634 3 56 1
a contact +202775 +203615 56 3 1
a contact +202775 +203615 3 56 1
a contact +208796 +209516 56 3 1
a contact +208796 +209516 3 56 1
a contact +214782 +215369 56 3 1
a contact +214782 +215369 3 56 1
a contact +220701 +221245 56 3 1
a contact +220701 +221245 3 56 1
a contact +226558 +227193 56 3 1
a contact +226558 +227193 3 56 1
a contact +232421 +233195 56 3 1
a contact +232421 +233195 3 56 1
a contact +238349 +239225 56 3 1
a contact +238349 +239225 3 56 1
a contact +244363 +245275 56 3 1
a contact +244363 +245275 3 56 1
a contact +250463 +251346 56 3 1
a contact +250463 +251346 3 56 1
a contact +256626 +257450 56 3 1
a contact +256626 +257450 3 56 1
a contact +262805 +263597 56 3 1
a contact +262805 +263597 3 56 1
a contact +268951 +269775 56 3 1
a contact +268951 +269775 3 56 1
a contact +275053 +275935 56 3 1
a contact +275053 +275935 3 56 1
a contact +281123 +282028 56 3 1
a contact +281123 +282028 3 56 1
a contact +287171 +288035 56 3 1
a contact +287171 +288035 3 56 1
a contact +293199 +293958 56 3 1
a contact +293199 +293958 3 56 1
a contact +299197 +299819 56 3 1
a contact +299197 +299819 3 56 1
a contact +305139 +305681 56 3 1
a contact +305139 +305681 3 56 1
a contact +311008 +311607 56 3 1
a contact +311008 +311607 3 56 1
a contact +316862 +317597 56 3 1
a contact +316862 +317597 3 56 1
a contact +322767 +323620 56 3 1
a contact +322767 +323620 3 56 1
a contact +328755 +329664 56 3 1
a contact +328755 +329664 3 56 1
a contact +334831 +335728 56 3 1
a contact +334831 +335728 3 56 1
a contact +340980 +341821 56 3 1
a contact +340980 +341821 3 56 1
a contact +347160 +347956 56 3 1
a contact +347160 +347956 3 56 1
a contact +353319 +354129 56 3 1
a contact +353319 +354129 3 56 1
a contact +359433 +360299 56 3 1
a contact +359433 +360299 3 56 1
a contact +365511 +366415 56 3 1
a contact +365511 +366415 3 56 1
a contact +371565 +372448 56 3 1
a contact +371565 +372448 3 56 1
a contact +377599 +378394 56 3 1
a contact +377599 +378394 3 56 1
a contact +383608 +384269 56 3 1
a contact +383608 +384269 3 56 1
a contact +389570 +390122 56 3 1
a contact +389570 +390122 3 56 1
a contact +395458 +396027 56 3 1
a contact +395458 +396027 3 56 1
a contact +401308 +402002 56 3 1
a contact +401308 +402002 3 56 1
a contact +407193 +408017 56 3 1
a contact +407193 +408017 3 56 1
a contact +413156 +414055 56 3 1
a contact +413156 +414055 3 56 1
a contact +419206 +420113 56 3 1
a contact +419206 +420113 3 56 1
a contact +425337 +426196 56 3 1
a contact +425337 +426196 3 56 1
a contact +431514 +432317 56 3 1
a contact +431514 +432317 3 56 1
a contact +437683 +438482 56 3 1
a contact +437683 +438482 3 56 1
a contact +443810 +444659 56 3 1
a contact +443810 +444659 3 56 1
a contact +449897 +450795 56 3 1
a contact +449897 +450795 3 56 1
a contact +455957 +456854 56 3 1
a contact +455957 +456854 3 56 1
a contact +461997 +462825 56 3 1
a contact +461997 +462825 3 56 1
a contact +468015 +468717 56 3 1
a contact +468015 +468717 3 56 1
a contact +473994 +474569 56 3 1
a contact +473994 +474569 3 56 1
a contact +479904 +480453 56 3 1
a contact +479904 +480453 3 56 1
a contact +485757 +486409 56 3 1
a contact +485757 +486409 3 56 1
a contact +491626 +492416 56 3 1
a contact +491626 +492416 3 56 1
a contact +497564 +498448 56 3 1
a contact +497564 +498448 3 56 1
a contact +503588 +504500 56 3 1
a contact +503588 +504500 3 56 1
a contact +509698 +510574 56 3 1
a contact +509698 +510574 3 56 1
a contact +515866 +516683 56 3 1
a contact +515866 +516683 3 56 1
a contact +522043 +522836 56 3 1
a contact +522043 +522836 3 56 1
a contact +528183 +529015 56 3 1
a contact +528183 +529015 3 56 1
a contact +534281 +535168 56 3 1
a contact +534281 +535168 3 56 1
a contact +540347 +541252 56 3 1
a contact +540347 +541252 3 56 1
a contact +546393 +547248 56 3 1
a contact +546393 +547248 3 56 1
a contact +552418 +553161 56 3 1
a contact +552418 +553161 3 56 1
a contact +558412 +559019 56 3 1
a contact +558412 +559019 3 56 1
a contact +564344 +564885 56 3 1
a contact +564344 +564885 3 56 1
a contact +570208 +570821 56 3 1
a contact +570208 +570821 3 56 1
a contact +576065 +576816 56 3 1
a contact +576065 +576816 3 56 1
a contact +581979 +582842 56 3 1
a contact +581979 +582842 3 56 1
a contact +587978 +588889 56 3 1
a contact +587978 +588889 3 56 1
a contact +594064 +594955 56 3 1
a contact +594064 +594955 3 56 1
a contact +600219 +601053 56 3 1
a contact +600219 +601053 3 56 1
a contact +3007 +3801 57 3 1
a contact +3007 +3801 3 57 1
a contact +9162 +9976 57 3 1
a contact +9162 +9976 3 57 1
a contact +15273 +16143 57 3 1
a contact +15273 +16143 3 57 1
a contact +21348 +22253 57 3 1
a contact +21348 +22253 3 57 1
a contact +27400 +28279 57 3 1
a contact +27400 +28279 3 57 1
a contact +33433 +34219 57 3 1
a contact +33433 +34219 3 57 1
a contact +39439 +40089 57 3 1
a contact +39439 +40089 3 57 1
a contact +45396 +45944 57 3 1
a contact +45396 +45944 3 57 1
a contact +51278 +51855 57 3 1
a contact +51278 +51855 3 57 1
a contact +57129 +57834 57 3 1
a contact +57129 +57834 3 57 1
a contact +63019 +63852 57 3 1
a contact +63019 +63852 3 57 1
a contact +68989 +69891 57 3 1
a contact +68989 +69891 3 57 1
a contact +75046 +75951 57 3 1
a contact +75046 +75951 3 57 1
a contact +81182 +82036 57 3 1
a contact +81182 +82036 3 57 1
a contact +87361 +88161 57 3 1
a contact +87361 +88161 3 57 1
a contact +93527 +94328 57 3 1
a contact +93527 +94328 3 57 1
a contact +99650 +100504 57 3 1
a contact +99650 +100504 3 57 1
a contact +105735 +106635 57 3 1
a contact +105735 +106635 3 57 1
a contact +111793 +112687 57 3 1
a contact +111793 +112687 3 57 1
a contact +117831 +118651 57 3 1
a contact +117831 +118651 3 57 1
a contact +123847 +124538 57 3 1
a contact +123847 +124538 3 57 1
a contact +129822 +130390 57 3 1
a contact +129822 +130390 3 57 1
a contact +135725 +136279 57 3 1
a contact +135725 +136279 3 57 1
a contact +141577 +142241 57 3 1
a contact +141577 +142241 3 57 1
a contact +147450 +148250 57 3 1
a contact +147450 +148250 3 57 1
a contact +153394 +154284 57 3 1
a contact +153394 +154284 3 57 1
a contact +159426 +160337 57 3 1
a contact +159426 +160337 3 57 1
a contact +165542 +166414 57 3 1
a contact +165542 +166414 3 57 1
a contact +171713 +172526 57 3 1
a contact +171713 +172526 3 57 1
a contact +177888 +178682 57 3 1
a contact +177888 +178682 3 57 1
a contact +184025 +184861 57 3 1
a contact +184025 +184861 3 57 1
a contact +190119 +191010 57 3 1
a contact +190119 +191010 3 57 1
a contact +196184 +197087 57 3 1
a contact +196184 +197087 3 57 1
a contact +202228 +203076 57 3 1
a contact +202228 +203076 3 57 1
a contact +208251 +208983 57 3 1
a contact +208251 +208983 3 57 1
a contact +214241 +214839 57 3 1
a contact +214241 +214839 3 57 1
a contact +220167 +220709 57 3 1
a contact +220167 +220709 3 57 1
a contact +226027 +226651 57 3 1
a contact +226027 +226651 3 57 1
a contact +231887 +232650 57 3 1
a contact +231887 +232650 3 57 1
a contact +237808 +238678 57 3 1
a contact +237808 +238678 3 57 1
a contact +243814 +244725 57 3 1
a contact +243814 +244725 3 57 1
a contact +249907 +250794 57 3 1
a contact +249907 +250794 3 57 1
a contact +256066 +256895 57 3 1
a contact +256066 +256895 3 57 1
a contact +262246 +263038 57 3 1
a contact +262246 +263038 3 57 1
a contact +268396 +269215 57 3 1
a contact +268396 +269215 3 57 1
a contact +274501 +275378 57 3 1
a contact +274501 +275378 3 57 1
a contact +280573 +281479 57 3 1
a contact +280573 +281479 3 57 1
a contact +286623 +287494 57 3 1
a contact +286623 +287494 3 57 1
a contact +292653 +293424 57 3 1
a contact +292653 +293424 3 57 1
a contact +298655 +299289 57 3 1
a contact +298655 +299289 3 57 1
a contact +304603 +305147 57 3 1
a contact +304603 +305147 3 57 1
a contact +310478 +311067 57 3 1
a contact +310478 +311067 3 57 1
a contact +316330 +317052 57 3 1
a contact +316330 +317052 3 57 1
a contact +322229 +323073 57 3 1
a contact +322229 +323073 3 57 1
a contact +328209 +329115 57 3 1
a contact +328209 +329115 3 57 1
a contact +334277 +335177 57 3 1
a contact +334277 +335177 3 57 1
a contact +340421 +341267 57 3 1
a contact +340421 +341267 3 57 1
a contact +346600 +347397 57 3 1
a contact +346600 +347397 3 57 1
a contact +352762 +353568 57 3 1
a contact +352762 +353568 3 57 1
a contact +358880 +359741 57 3 1
a contact +358880 +359741 3 57 1
a contact +364961 +365864 57 3 1
a contact +364961 +365864 3 57 1
a contact +371017 +371905 57 3 1
a contact +371017 +371905 3 57 1
a contact +377053 +377859 57 3 1
a contact +377053 +377859 3 57 1
a contact +383065 +383738 57 3 1
a contact +383065 +383738 3 57 1
a contact +389032 +389591 57 3 1
a contact +389032 +389591 3 57 1
a contact +394927 +395488 57 3 1
a contact +394927 +395488 3 57 1
a contact +400777 +401458 57 3 1
a contact +400777 +401458 3 57 1
a contact +406657 +407471 57 3 1
a contact +406657 +407471 3 57 1
a contact +412611 +413507 57 3 1
a contact +412611 +413507 3 57 1
a contact +418654 +419563 57 3 1
a contact +418654 +419563 3 57 1
a contact +424778 +425643 57 3 1
a contact +424778 +425643 3 57 1
a contact +430953 +431760 57 3 1
a contact +430953 +431760 3 57 1
a contact +437125 +437921 57 3 1
a contact +437125 +437921 3 57 1
a contact +443256 +444100 57 3 1
a contact +443256 +444100 3 57 1
a contact +449346 +450241 57 3 1
a contact +449346 +450241 3 57 1
a contact +455408 +456308 57 3 1
a contact +455408 +456308 3 57 1
a contact +461450 +462287 57 3 1
a contact +461450 +462287 3 57 1
a contact +467470 +468185 57 3 1
a contact +467470 +468185 3 57 1
a contact +473454 +474038 57 3 1
a contact +473454 +474038 3 57 1
a contact +479371 +479916 57 3 1
a contact +479371 +479916 3 57 1
a contact +485227 +485867 57 3 1
a contact +485227 +485867 3 57 1
a contact +491092 +491870 57 3 1
a contact +491092 +491870 3 57 1
a contact +497022 +497900 57 3 1
a contact +497022 +497900 3 57 1
a contact +503038 +503950 57 3 1
a contact +503038 +503950 3 57 1
a contact +509141 +510022 57 3 1
a contact +509141 +510022 3 57 1
a contact +515306 +516127 57 3 1
a contact +515306 +516127 3 57 1
a contact +521484 +522276 57 3 1
a contact +521484 +522276 3 57 1
a contact +527629 +528455 57 3 1
a contact +527629 +528455 3 57 1
a contact +533729 +534612 57 3 1
a contact +533729 +534612 3 57 1
a contact +539798 +540703 57 3 1
a contact +539798 +540703 3 57 1
a contact +545846 +546708 57 3 1
a contact +545846 +546708 3 57 1
a contact +551873 +552628 57 3 1
a contact +551873 +552628 3 57 1
a contact +557870 +558489 57 3 1
a contact +557870 +558489 3 57 1
a contact +563810 +564351 57 3 1
a contact +563810 +564351 3 57 1
a contact +569678 +570280 57 3 1
a contact +569678 +570280 3 57 1
a contact +575532 +576271 57 3 1
a contact +575532 +576271 3 57 1
a contact +581440 +582295 57 3 1
a contact +581440 +582295 3 57 1
a contact +587430 +588339 57 3 1
a contact +587430 +588339 3 57 1
a contact +593509 +594404 57 3 1
a contact +593509 +594404 3 57 1
a contact +599659 +600498 57 3 1
a contact +599659 +600498 3 57 1
a contact +2446 +3241 58 3 1
a contact +2446 +3241 3 58 1
a contact +8605 +9414 58 3 1
a contact +8605 +9414 3 58 1
a contact +14719 +15585 58 3 1
a contact +14719 +15585 3 58 1
a contact +20797 +21701 58 3 1
a contact +20797 +21701 3 58 1
a contact +26851 +27736 58 3 1
a contact +26851 +27736 3 58 1
a contact +32886 +33682 58 3 1
a contact +32886 +33682 3 58 1
a contact +38895 +39558 58 3 1
a contact +38895 +39558 3 58 1
a contact +44857 +45411 58 3 1
a contact +44857 +45411 3 58 1
a contact +50746 +51314 58 3 1
a contact +50746 +51314 3 58 1
a contact +56596 +57289 58 3 1
a contact +56596 +57289 3 58 1
a contact +62481 +63304 58 3 1
a contact +62481 +63304 3 58 1
a contact +68443 +69342 58 3 1
a contact +68443 +69342 3 58 1
a contact +74492 +75399 58 3 1
a contact +74492 +75399 3 58 1
a contact +80622 +81482 58 3 1
a contact +80622 +81482 3 58 1
a contact +86799 +87603 58 3 1
a contact +86799 +87603 3 58 1
a contact +92969 +93767 58 3 1
a contact +92969 +93767 3 58 1
a contact +99096 +99944 58 3 1
a contact +99096 +99944 3 58 1
a contact +105183 +106081 58 3 1
a contact +105183 +106081 3 58 1
a contact +111243 +112141 58 3 1
a contact +111243 +112141 3 58 1
a contact +117284 +118112 58 3 1
a contact +117284 +118112 3 58 1
a contact +123302 +124005 58 3 1
a contact +123302 +124005 3 58 1
a contact +129281 +129858 58 3 1
a contact +129281 +129858 3 58 1
a contact +135192 +135740 58 3 1
a contact +135192 +135740 3 58 1
a contact +141046 +141696 58 3 1
a contact +141046 +141696 3 58 1
a contact +146914 +147702 58 3 1
a contact +146914 +147702 3 58 1
a contact +152851 +153735 58 3 1
a contact +152851 +153735 3 58 1
a contact +158875 +159786 58 3 1
a contact +158875 +159786 3 58 1
a contact +164983 +165860 58 3 1
a contact +164983 +165860 3 58 1
a contact +171151 +171969 58 3 1
a contact +171151 +171969 3 58 1
a contact +177328 +178121 58 3 1
a contact +177328 +178121 3 58 1
a contact +183469 +184300 58 3 1
a contact +183469 +184300 3 58 1
a contact +189567 +190454 58 3 1
a contact +189567 +190454 3 58 1
a contact +195634 +196538 58 3 1
a contact +195634 +196538 3 58 1
a contact +201680 +202536 58 3 1
a contact +201680 +202536 3 58 1
a contact +207705 +208449 58 3 1
a contact +207705 +208449 3 58 1
a contact +213699 +214307 58 3 1
a contact +213699 +214307 3 58 1
a contact +219632 +220173 58 3 1
a contact +219632 +220173 3 58 1
a contact +225496 +226109 58 3 1
a contact +225496 +226109 3 58 1
a contact +231353 +232103 58 3 1
a contact +231353 +232103 3 58 1
a contact +237267 +238129 58 3 1
a contact +237267 +238129 3 58 1
a contact +243264 +244175 58 3 1
a contact +243264 +244175 3 58 1
a contact +249350 +250242 58 3 1
a contact +249350 +250242 3 58 1
a contact +255505 +256339 58 3 1
a contact +255505 +256339 3 58 1
a contact +261685 +262478 58 3 1
a contact +261685 +262478 3 58 1
a contact +267839 +268654 58 3 1
a contact +267839 +268654 3 58 1
a contact +273948 +274820 58 3 1
a contact +273948 +274820 3 58 1
a contact +280023 +280928 58 3 1
a contact +280023 +280928 3 58 1
a contact +286074 +286952 58 3 1
a contact +286074 +286952 3 58 1
a contact +292106 +292888 58 3 1
a contact +292106 +292888 3 58 1
a contact +298112 +298758 58 3 1
a contact +298112 +298758 3 58 1
a contact +304066 +304613 58 3 1
a contact +304066 +304613 3 58 1
a contact +309946 +310526 58 3 1
a contact +309946 +310526 3 58 1
a contact +315797 +316507 58 3 1
a contact +315797 +316507 3 58 1
a contact +321690 +322525 58 3 1
a contact +321690 +322525 3 58 1
a contact +327662 +328566 58 3 1
a contact +327662 +328566 3 58 1
a contact +333722 +334626 58 3 1
a contact +333722 +334626 3 58 1
a contact +339860 +340712 58 3 1
a contact +339860 +340712 3 58 1
a contact +346039 +346839 58 3 1
a contact +346039 +346839 3 58 1
a contact +352204 +353007 58 3 1
a contact +352204 +353007 3 58 1
a contact +358326 +359182 58 3 1
a contact +358326 +359182 3 58 1
a contact +364410 +365310 58 3 1
a contact +364410 +365310 3 58 1
a contact +370467 +371360 58 3 1
a contact +370467 +371360 3 58 1
a contact +376505 +377321 58 3 1
a contact +376505 +377321 3 58 1
a contact +382520 +383206 58 3 1
a contact +382520 +383206 3 58 1
a contact +388493 +389058 58 3 1
a contact +388493 +389058 3 58 1
a contact +394394 +394949 58 3 1
a contact +394394 +394949 3 58 1
a contact +400245 +400913 58 3 1
a contact +400245 +400913 3 58 1
a contact +406120 +406923 58 3 1
a contact +406120 +406923 3 58 1
a contact +412067 +412958 58 3 1
a contact +412067 +412958 3 58 1
a contact +418102 +419012 58 3 1
a contact +418102 +419012 3 58 1
a contact +424219 +425089 58 3 1
a contact +424219 +425089 3 58 1
a contact +430391 +431203 58 3 1
a contact +430391 +431203 3 58 1
a contact +436566 +437360 58 3 1
a contact +436566 +437360 3 58 1
a contact +442701 +443539 58 3 1
a contact +442701 +443539 3 58 1
a contact +448794 +449686 58 3 1
a contact +448794 +449686 3 58 1
a contact +454858 +455760 58 3 1
a contact +454858 +455760 3 58 1
a contact +460902 +461747 58 3 1
a contact +460902 +461747 3 58 1
a contact +466925 +467652 58 3 1
a contact +466925 +467652 3 58 1
a contact +472913 +473507 58 3 1
a contact +472913 +473507 3 58 1
a contact +478837 +479379 58 3 1
a contact +478837 +479379 3 58 1
a contact +484696 +485323 58 3 1
a contact +484696 +485323 3 58 1
a contact +490557 +491323 58 3 1
a contact +490557 +491323 3 58 1
a contact +496479 +497352 58 3 1
a contact +496479 +497352 3 58 1
a contact +502488 +503400 58 3 1
a contact +502488 +503400 3 58 1
a contact +508583 +509469 58 3 1
a contact +508583 +509469 3 58 1
a contact +514744 +515571 58 3 1
a contact +514744 +515571 3 58 1
a contact +520924 +521716 58 3 1
a contact +520924 +521716 3 58 1
a contact +527072 +527893 58 3 1
a contact +527072 +527893 3 58 1
a contact +533176 +534055 58 3 1
a contact +533176 +534055 3 58 1
a contact +539248 +540153 58 3 1
a contact +539248 +540153 3 58 1
a contact +545297 +546166 58 3 1
a contact +545297 +546166 3 58 1
a contact +551326 +552093 58 3 1
a contact +551326 +552093 3 58 1
a contact +557327 +557957 58 3 1
a contact +557327 +557957 3 58 1
a contact +563273 +563816 58 3 1
a contact +563273 +563816 3 58 1
a contact +569146 +569738 58 3 1
a contact +569146 +569738 3 58 1
a contact +574999 +575725 58 3 1
a contact +574999 +575725 3 58 1
a contact +580900 +581747 58 3 1
a contact +580900 +581747 3 58 1
a contact +586882 +587790 58 3 1
a contact +586882 +587790 3 58 1
a contact +592953 +593852 58 3 1
a contact +592953 +593852 3 58 1
a contact +599098 +599943 58 3 1
a contact +599098 +599943 3 58 1
a contact +1883 +2681 59 3 1
a contact +1883 +2681 3 59 1
a contact +8046 +8851 59 3 1
a contact +8046 +8851 3 59 1
a contact +14164 +15024 59 3 1
a contact +14164 +15024 3 59 1
a contact +20245 +21148 59 3 1
a contact +20245 +21148 3 59 1
a contact +26301 +27190 59 3 1
a contact +26301 +27190 3 59 1
a contact +32337 +33144 59 3 1
a contact +32337 +33144 3 59 1
a contact +38349 +39025 59 3 1
a contact +38349 +39025 3 59 1
a contact +44317 +44877 59 3 1
a contact +44317 +44877 3 59 1
a contact +50213 +50773 59 3 1
a contact +50213 +50773 3 59 1
a contact +56063 +56742 59 3 1
a contact +56063 +56742 3 59 1
a contact +61942 +62755 59 3 1
a contact +61942 +62755 3 59 1
a contact +67896 +68791 59 3 1
a contact +67896 +68791 3 59 1
a contact +73938 +74847 59 3 1
a contact +73938 +74847 3 59 1
a contact +80062 +80927 59 3 1
a contact +80062 +80927 3 59 1
a contact +86236 +87044 59 3 1
a contact +86236 +87044 3 59 1
a contact +92408 +93204 59 3 1
a contact +92408 +93204 3 59 1
a contact +98540 +99383 59 3 1
a contact +98540 +99383 3 59 1
a contact +104630 +105525 59 3 1
a contact +104630 +105525 3 59 1
a contact +110692 +111593 59 3 1
a contact +110692 +111593 3 59 1
a contact +116734 +117572 59 3 1
a contact +116734 +117572 3 59 1
a contact +122755 +123471 59 3 1
a contact +122755 +123471 3 59 1
a contact +128739 +129325 59 3 1
a contact +128739 +129325 3 59 1
a contact +134657 +135202 59 3 1
a contact +134657 +135202 3 59 1
a contact +140513 +141152 59 3 1
a contact +140513 +141152 3 59 1
a contact +146377 +147154 59 3 1
a contact +146377 +147154 3 59 1
a contact +152307 +153185 59 3 1
a contact +152307 +153185 3 59 1
a contact +158323 +159234 59 3 1
a contact +158323 +159234 3 59 1
a contact +164424 +165306 59 3 1
a contact +164424 +165306 3 59 1
a contact +170589 +171411 59 3 1
a contact +170589 +171411 3 59 1
a contact +176767 +177559 59 3 1
a contact +176767 +177559 3 59 1
a contact +182912 +183738 59 3 1
a contact +182912 +183738 3 59 1
a contact +189013 +189896 59 3 1
a contact +189013 +189896 3 59 1
a contact +195082 +195988 59 3 1
a contact +195082 +195988 3 59 1
a contact +201130 +201993 59 3 1
a contact +201130 +201993 3 59 1
a contact +207158 +207914 59 3 1
a contact +207158 +207914 3 59 1
a contact +213155 +213775 59 3 1
a contact +213155 +213775 3 59 1
a contact +219095 +219637 59 3 1
a contact +219095 +219637 3 59 1
a contact +224964 +225565 59 3 1
a contact +224964 +225565 3 59 1
a contact +230818 +231556 59 3 1
a contact +230818 +231556 3 59 1
a contact +236725 +237579 59 3 1
a contact +236725 +237579 3 59 1
a contact +242715 +243624 59 3 1
a contact +242715 +243624 3 59 1
a contact +248792 +249688 59 3 1
a contact +248792 +249688 3 59 1
a contact +254942 +255782 59 3 1
a contact +254942 +255782 3 59 1
a contact +261123 +261917 59 3 1
a contact +261123 +261917 3 59 1
a contact +267280 +268091 59 3 1
a contact +267280 +268091 3 59 1
a contact +273393 +274261 59 3 1
a contact +273393 +274261 3 59 1
a contact +279471 +280375 59 3 1
a contact +279471 +280375 3 59 1
a contact +285524 +286407 59 3 1
a contact +285524 +286407 3 59 1
a contact +291558 +292351 59 3 1
a contact +291558 +292351 3 59 1
a contact +297566 +298225 59 3 1
a contact +297566 +298225 3 59 1
a contact +303527 +304078 59 3 1
a contact +303527 +304078 3 59 1
a contact +309413 +309984 59 3 1
a contact +309413 +309984 3 59 1
a contact +315264 +315960 59 3 1
a contact +315264 +315960 3 59 1
a contact +321150 +321976 59 3 1
a contact +321150 +321976 3 59 1
a contact +327114 +328015 59 3 1
a contact +327114 +328015 3 59 1
a contact +333167 +334073 59 3 1
a contact +333167 +334073 3 59 1
a contact +339299 +340157 59 3 1
a contact +339299 +340157 3 59 1
a contact +345476 +346279 59 3 1
a contact +345476 +346279 3 59 1
a contact +351645 +352444 59 3 1
a contact +351645 +352444 3 59 1
a contact +357771 +358621 59 3 1
a contact +357771 +358621 3 59 1
a contact +363857 +364755 59 3 1
a contact +363857 +364755 3 59 1
a contact +369916 +370813 59 3 1
a contact +369916 +370813 3 59 1
a contact +375956 +376782 59 3 1
a contact +375956 +376782 3 59 1
a contact +381973 +382673 59 3 1
a contact +381973 +382673 3 59 1
a contact +387951 +388525 59 3 1
a contact +387951 +388525 3 59 1
a contact +393860 +394410 59 3 1
a contact +393860 +394410 3 59 1
a contact +399713 +400368 59 3 1
a contact +399713 +400368 3 59 1
a contact +405583 +406375 59 3 1
a contact +405583 +406375 3 59 1
a contact +411522 +412407 59 3 1
a contact +411522 +412407 3 59 1
a contact +417548 +418459 59 3 1
a contact +417548 +418459 3 59 1
a contact +423659 +424535 59 3 1
a contact +423659 +424535 3 59 1
a contact +429828 +430644 59 3 1
a contact +429828 +430644 3 59 1
a contact +436005 +436798 59 3 1
a contact +436005 +436798 3 59 1
a contact +442144 +442977 59 3 1
a contact +442144 +442977 3 59 1
a contact +448241 +449129 59 3 1
a contact +448241 +449129 3 59 1
a contact +454307 +455211 59 3 1
a contact +454307 +455211 3 59 1
a contact +460352 +461206 59 3 1
a contact +460352 +461206 3 59 1
a contact +466377 +467117 59 3 1
a contact +466377 +467117 3 59 1
a contact +472370 +472974 59 3 1
a contact +472370 +472974 3 59 1
a contact +478301 +478842 59 3 1
a contact +478301 +478842 3 59 1
a contact +484163 +484779 59 3 1
a contact +484163 +484779 3 59 1
a contact +490021 +490775 59 3 1
a contact +490021 +490775 3 59 1
a contact +495937 +496802 59 3 1
a contact +495937 +496802 3 59 1
a contact +501937 +502848 59 3 1
a contact +501937 +502848 3 59 1
a contact +508025 +508916 59 3 1
a contact +508025 +508916 3 59 1
a contact +514181 +515014 59 3 1
a contact +514181 +515014 3 59 1
a contact +520362 +521155 59 3 1
a contact +520362 +521155 3 59 1
a contact +526514 +527331 59 3 1
a contact +526514 +527331 3 59 1
a contact +532622 +533496 59 3 1
a contact +532622 +533496 3 59 1
a contact +538696 +539602 59 3 1
a contact +538696 +539602 3 59 1
a contact +544747 +545622 59 3 1
a contact +544747 +545622 3 59 1
a contact +550778 +551557 59 3 1
a contact +550778 +551557 3 59 1
a contact +556783 +557425 59 3 1
a contact +556783 +557425 3 59 1
a contact +562735 +563281 59 3 1
a contact +562735 +563281 3 59 1
a contact +568614 +569196 59 3 1
a contact +568614 +569196 3 59 1
a contact +574465 +575178 59 3 1
a contact +574465 +575178 3 59 1
a contact +580359 +581198 59 3 1
a contact +580359 +581198 3 59 1
a contact +586334 +587239 59 3 1
a contact +586334 +587239 3 59 1
a contact +592397 +593299 59 3 1
a contact +592397 +593299 3 59 1
a contact +598537 +599387 59 3 1
a contact +598537 +599387 3 59 1
a contact +604716 +604800 59 3 1
a contact +604716 +604800 3 59 1
a contact +1319 +2120 60 3 1
a contact +1319 +2120 3 60 1
a contact +7485 +8287 60 3 1
a contact +7485 +8287 3 60 1
a contact +13608 +14463 60 3 1
a contact +13608 +14463 3 60 1
a contact +19691 +20592 60 3 1
a contact +19691 +20592 3 60 1
a contact +25749 +26642 60 3 1
a contact +25749 +26642 3 60 1
a contact +31787 +32604 60 3 1
a contact +31787 +32604 3 60 1
a contact +37802 +38490 60 3 1
a contact +37802 +38490 3 60 1
a contact +43776 +44342 60 3 1
a contact +43776 +44342 3 60 1
a contact +49678 +50232 60 3 1
a contact +49678 +50232 3 60 1
a contact +55529 +56196 60 3 1
a contact +55529 +56196 3 60 1
a contact +61404 +62205 60 3 1
a contact +61404 +62205 3 60 1
a contact +67349 +68240 60 3 1
a contact +67349 +68240 3 60 1
a contact +73383 +74293 60 3 1
a contact +73383 +74293 3 60 1
a contact +79500 +80371 60 3 1
a contact +79500 +80371 3 60 1
a contact +85672 +86484 60 3 1
a contact +85672 +86484 3 60 1
a contact +91847 +92641 60 3 1
a contact +91847 +92641 3 60 1
a contact +97982 +98820 60 3 1
a contact +97982 +98820 3 60 1
a contact +104076 +104967 60 3 1
a contact +104076 +104967 3 60 1
a contact +110140 +111043 60 3 1
a contact +110140 +111043 3 60 1
a contact +116184 +117030 60 3 1
a contact +116184 +117030 3 60 1
a contact +122207 +122936 60 3 1
a contact +122207 +122936 3 60 1
a contact +128196 +128791 60 3 1
a contact +128196 +128791 3 60 1
a contact +134120 +134663 60 3 1
a contact +134120 +134663 3 60 1
a contact +139980 +140606 60 3 1
a contact +139980 +140606 3 60 1
a contact +145840 +146605 60 3 1
a contact +145840 +146605 3 60 1
a contact +151762 +152634 60 3 1
a contact +151762 +152634 3 60 1
a contact +157770 +158682 60 3 1
a contact +157770 +158682 3 60 1
a contact +163864 +164751 60 3 1
a contact +163864 +164751 3 60 1
a contact +170025 +170852 60 3 1
a contact +170025 +170852 3 60 1
a contact +176204 +176997 60 3 1
a contact +176204 +176997 3 60 1
a contact +182353 +183174 60 3 1
a contact +182353 +183174 3 60 1
a contact +188458 +189336 60 3 1
a contact +188458 +189336 3 60 1
a contact +194530 +195435 60 3 1
a contact +194530 +195435 3 60 1
a contact +200579 +201449 60 3 1
a contact +200579 +201449 3 60 1
a contact +206609 +207377 60 3 1
a contact +206609 +207377 3 60 1
a contact +212610 +213241 60 3 1
a contact +212610 +213241 3 60 1
a contact +218557 +219100 60 3 1
a contact +218557 +219100 3 60 1
a contact +224430 +225021 60 3 1
a contact +224430 +225021 3 60 1
a contact +230283 +231008 60 3 1
a contact +230283 +231008 3 60 1
a contact +236183 +237029 60 3 1
a contact +236183 +237029 3 60 1
a contact +242165 +243072 60 3 1
a contact +242165 +243072 3 60 1
a contact +248235 +249134 60 3 1
a contact +248235 +249134 3 60 1
a contact +254379 +255224 60 3 1
a contact +254379 +255224 3 60 1
a contact +260559 +261356 60 3 1
a contact +260559 +261356 3 60 1
a contact +266721 +267527 60 3 1
a contact +266721 +267527 3 60 1
a contact +272837 +273700 60 3 1
a contact +272837 +273700 3 60 1
a contact +278917 +279821 60 3 1
a contact +278917 +279821 3 60 1
a contact +284973 +285860 60 3 1
a contact +284973 +285860 3 60 1
a contact +291008 +291812 60 3 1
a contact +291008 +291812 3 60 1
a contact +297020 +297691 60 3 1
a contact +297020 +297691 3 60 1
a contact +302986 +303543 60 3 1
a contact +302986 +303543 3 60 1
a contact +308879 +309442 60 3 1
a contact +308879 +309442 3 60 1
a contact +314729 +315413 60 3 1
a contact +314729 +315413 3 60 1
a contact +320611 +321426 60 3 1
a contact +320611 +321426 3 60 1
a contact +326567 +327463 60 3 1
a contact +326567 +327463 3 60 1
a contact +332611 +333519 60 3 1
a contact +332611 +333519 3 60 1
a contact +338737 +339600 60 3 1
a contact +338737 +339600 3 60 1
a contact +344912 +345718 60 3 1
a contact +344912 +345718 3 60 1
a contact +351083 +351880 60 3 1
a contact +351083 +351880 3 60 1
a contact +357214 +358058 60 3 1
a contact +357214 +358058 3 60 1
a contact +363303 +364199 60 3 1
a contact +363303 +364199 3 60 1
a contact +369365 +370264 60 3 1
a contact +369365 +370264 3 60 1
a contact +375406 +376241 60 3 1
a contact +375406 +376241 3 60 1
a contact +381426 +382138 60 3 1
a contact +381426 +382138 3 60 1
a contact +387408 +387991 60 3 1
a contact +387408 +387991 3 60 1
a contact +393324 +393870 60 3 1
a contact +393324 +393870 3 60 1
a contact +399179 +399822 60 3 1
a contact +399179 +399822 3 60 1
a contact +405045 +405825 60 3 1
a contact +405045 +405825 3 60 1
a contact +410976 +411856 60 3 1
a contact +410976 +411856 3 60 1
a contact +416995 +417907 60 3 1
a contact +416995 +417907 3 60 1
a contact +423099 +423979 60 3 1
a contact +423099 +423979 3 60 1
a contact +429265 +430085 60 3 1
a contact +429265 +430085 3 60 1
a contact +435443 +436235 60 3 1
a contact +435443 +436235 3 60 1
a contact +441586 +442414 60 3 1
a contact +441586 +442414 3 60 1
a contact +447686 +448570 60 3 1
a contact +447686 +448570 3 60 1
a contact +453755 +454660 60 3 1
a contact +453755 +454660 3 60 1
a contact +459802 +460663 60 3 1
a contact +459802 +460663 3 60 1
a contact +465829 +466581 60 3 1
a contact +465829 +466581 3 60 1
a contact +471825 +472441 60 3 1
a contact +471825 +472441 3 60 1
a contact +477763 +478304 60 3 1
a contact +477763 +478304 3 60 1
a contact +483630 +484235 60 3 1
a contact +483630 +484235 3 60 1
a contact +489485 +490227 60 3 1
a contact +489485 +490227 3 60 1
a contact +495394 +496251 60 3 1
a contact +495394 +496251 3 60 1
a contact +501386 +502296 60 3 1
a contact +501386 +502296 3 60 1
a contact +507466 +508361 60 3 1
a contact +507466 +508361 3 60 1
a contact +513618 +514456 60 3 1
a contact +513618 +514456 3 60 1
a contact +519798 +520593 60 3 1
a contact +519798 +520593 3 60 1
a contact +525955 +526767 60 3 1
a contact +525955 +526767 3 60 1
a contact +532067 +532936 60 3 1
a contact +532067 +532936 3 60 1
a contact +538143 +539048 60 3 1
a contact +538143 +539048 3 60 1
a contact +544196 +545077 60 3 1
a contact +544196 +545077 3 60 1
a contact +550229 +551019 60 3 1
a contact +550229 +551019 3 60 1
a contact +556237 +556891 60 3 1
a contact +556237 +556891 3 60 1
a contact +562195 +562745 60 3 1
a contact +562195 +562745 3 60 1
a contact +568080 +568653 60 3 1
a contact +568080 +568653 3 60 1
a contact +573930 +574631 60 3 1
a contact +573930 +574631 3 60 1
a contact +579819 +580648 60 3 1
a contact +579819 +580648 3 60 1
a contact +585785 +586687 60 3 1
a contact +585785 +586687 3 60 1
a contact +591840 +592745 60 3 1
a contact +591840 +592745 3 60 1
a contact +597974 +598830 60 3 1
a contact +597974 +598830 3 60 1
a contact +604152 +604800 60 3 1
a contact +604152 +604800 3 60 1
a contact +755 +1559 61 3 1
a contact +755 +1559 3 61 1
a contact +6924 +7723 61 3 1
a contact +6924 +7723 3 61 1
a contact +13051 +13900 61 3 1
a contact +13051 +13900 3 61 1
a contact +19137 +20036 61 3 1
a contact +19137 +20036 3 61 1
a contact +25197 +26094 61 3 1
a contact +25197 +26094 3 61 1
a contact +31237 +32064 61 3 1
a contact +31237 +32064 3 61 1
a contact +37255 +37956 61 3 1
a contact +37255 +37956 3 61 1
a contact +43233 +43807 61 3 1
a contact +43233 +43807 3 61 1
a contact +49142 +49692 61 3 1
a contact +49142 +49692 3 61 1
a contact +54995 +55649 61 3 1
a contact +54995 +55649 3 61 1
a contact +60865 +61656 61 3 1
a contact +60865 +61656 3 61 1
a contact +66803 +67688 61 3 1
a contact +66803 +67688 3 61 1
a contact +72829 +73740 61 3 1
a contact +72829 +73740 3 61 1
a contact +78939 +79815 61 3 1
a contact +78939 +79815 3 61 1
a contact +85108 +85924 61 3 1
a contact +85108 +85924 3 61 1
a contact +91284 +92078 61 3 1
a contact +91284 +92078 3 61 1
a contact +97424 +98256 61 3 1
a contact +97424 +98256 3 61 1
a contact +103521 +104409 61 3 1
a contact +103521 +104409 3 61 1
a contact +109588 +110492 61 3 1
a contact +109588 +110492 3 61 1
a contact +115633 +116488 61 3 1
a contact +115633 +116488 3 61 1
a contact +121658 +122400 61 3 1
a contact +121658 +122400 3 61 1
a contact +127651 +128257 61 3 1
a contact +127651 +128257 3 61 1
a contact +133583 +134124 61 3 1
a contact +133583 +134124 3 61 1
a contact +139446 +140061 61 3 1
a contact +139446 +140061 3 61 1
a contact +145304 +146056 61 3 1
a contact +145304 +146056 3 61 1
a contact +151219 +152083 61 3 1
a contact +151219 +152083 3 61 1
a contact +157218 +158129 61 3 1
a contact +157218 +158129 3 61 1
a contact +163305 +164196 61 3 1
a contact +163305 +164196 3 61 1
a contact +169461 +170294 61 3 1
a contact +169461 +170294 3 61 1
a contact +175641 +176434 61 3 1
a contact +175641 +176434 3 61 1
a contact +181794 +182610 61 3 1
a contact +181794 +182610 3 61 1
a contact +187903 +188776 61 3 1
a contact +187903 +188776 3 61 1
a contact +193977 +194882 61 3 1
a contact +193977 +194882 3 61 1
a contact +200028 +200904 61 3 1
a contact +200028 +200904 3 61 1
a contact +206059 +206839 61 3 1
a contact +206059 +206839 3 61 1
a contact +212064 +212707 61 3 1
a contact +212064 +212707 3 61 1
a contact +218017 +218563 61 3 1
a contact +218017 +218563 3 61 1
a contact +223896 +224478 61 3 1
a contact +223896 +224478 3 61 1
a contact +229747 +230460 61 3 1
a contact +229747 +230460 3 61 1
a contact +235641 +236479 61 3 1
a contact +235641 +236479 3 61 1
a contact +241615 +242519 61 3 1
a contact +241615 +242519 3 61 1
a contact +247677 +248580 61 3 1
a contact +247677 +248580 3 61 1
a contact +253816 +254667 61 3 1
a contact +253816 +254667 3 61 1
a contact +259995 +260794 61 3 1
a contact +259995 +260794 3 61 1
a contact +266160 +266963 61 3 1
a contact +266160 +266963 3 61 1
a contact +272281 +273138 61 3 1
a contact +272281 +273138 3 61 1
a contact +278364 +279265 61 3 1
a contact +278364 +279265 3 61 1
a contact +284421 +285313 61 3 1
a contact +284421 +285313 3 61 1
a contact +290458 +291272 61 3 1
a contact +290458 +291272 3 61 1
a contact +296473 +297156 61 3 1
a contact +296473 +297156 3 61 1
a contact +302444 +303008 61 3 1
a contact +302444 +303008 3 61 1
a contact +308344 +308901 61 3 1
a contact +308344 +308901 3 61 1
a contact +314195 +314866 61 3 1
a contact +314195 +314866 3 61 1
a contact +320071 +320876 61 3 1
a contact +320071 +320876 3 61 1
a contact +326019 +326911 61 3 1
a contact +326019 +326911 3 61 1
a contact +332056 +332966 61 3 1
a contact +332056 +332966 3 61 1
a contact +338175 +339044 61 3 1
a contact +338175 +339044 3 61 1
a contact +344348 +345158 61 3 1
a contact +344348 +345158 3 61 1
a contact +350522 +351317 61 3 1
a contact +350522 +351317 3 61 1
a contact +356656 +357495 61 3 1
a contact +356656 +357495 3 61 1
a contact +362749 +363641 61 3 1
a contact +362749 +363641 3 61 1
a contact +368812 +369714 61 3 1
a contact +368812 +369714 3 61 1
a contact +374855 +375699 61 3 1
a contact +374855 +375699 3 61 1
a contact +380877 +381602 61 3 1
a contact +380877 +381602 3 61 1
a contact +386865 +387457 61 3 1
a contact +386865 +387457 3 61 1
a contact +392787 +393330 61 3 1
a contact +392787 +393330 3 61 1
a contact +398645 +399276 61 3 1
a contact +398645 +399276 3 61 1
a contact +404507 +405276 61 3 1
a contact +404507 +405276 3 61 1
a contact +410432 +411305 61 3 1
a contact +410432 +411305 3 61 1
a contact +416442 +417354 61 3 1
a contact +416442 +417354 3 61 1
a contact +422539 +423424 61 3 1
a contact +422539 +423424 3 61 1
a contact +428700 +429526 61 3 1
a contact +428700 +429526 3 61 1
a contact +434880 +435672 61 3 1
a contact +434880 +435672 3 61 1
a contact +441027 +441850 61 3 1
a contact +441027 +441850 3 61 1
a contact +447131 +448011 61 3 1
a contact +447131 +448011 3 61 1
a contact +453202 +454107 61 3 1
a contact +453202 +454107 3 61 1
a contact +459251 +460118 61 3 1
a contact +459251 +460118 3 61 1
a contact +465280 +466044 61 3 1
a contact +465280 +466044 3 61 1
a contact +471280 +471907 61 3 1
a contact +471280 +471907 3 61 1
a contact +477224 +477767 61 3 1
a contact +477224 +477767 3 61 1
a contact +483096 +483690 61 3 1
a contact +483096 +483690 3 61 1
a contact +488949 +489678 61 3 1
a contact +488949 +489678 3 61 1
a contact +494851 +495700 61 3 1
a contact +494851 +495700 3 61 1
a contact +500836 +501743 61 3 1
a contact +500836 +501743 3 61 1
a contact +506908 +507807 61 3 1
a contact +506908 +507807 3 61 1
a contact +513055 +513898 61 3 1
a contact +513055 +513898 3 61 1
a contact +519235 +520031 61 3 1
a contact +519235 +520031 3 61 1
a contact +525395 +526203 61 3 1
a contact +525395 +526203 3 61 1
a contact +531511 +532374 61 3 1
a contact +531511 +532374 3 61 1
a contact +537590 +538493 61 3 1
a contact +537590 +538493 3 61 1
a contact +543644 +544530 61 3 1
a contact +543644 +544530 3 61 1
a contact +549679 +550480 61 3 1
a contact +549679 +550480 3 61 1
a contact +555690 +556357 61 3 1
a contact +555690 +556357 3 61 1
a contact +561654 +562209 61 3 1
a contact +561654 +562209 3 61 1
a contact +567545 +568111 61 3 1
a contact +567545 +568111 3 61 1
a contact +573395 +574083 61 3 1
a contact +573395 +574083 3 61 1
a contact +579278 +580097 61 3 1
a contact +579278 +580097 3 61 1
a contact +585237 +586135 61 3 1
a contact +585237 +586135 3 61 1
a contact +591284 +592192 61 3 1
a contact +591284 +592192 3 61 1
a contact +597412 +598273 61 3 1
a contact +597412 +598273 3 61 1
a contact +603588 +604393 61 3 1
a contact +603588 +604393 3 61 1
a contact +191 +998 62 3 1
a contact +191 +998 3 62 1
a contact +6363 +7160 62 3 1
a contact +6363 +7160 3 62 1
a contact +12494 +13338 62 3 1
a contact +12494 +13338 3 62 1
a contact +18583 +19479 62 3 1
a contact +18583 +19479 3 62 1
a contact +24645 +25545 62 3 1
a contact +24645 +25545 3 62 1
a contact +30687 +31523 62 3 1
a contact +30687 +31523 3 62 1
a contact +36707 +37421 62 3 1
a contact +36707 +37421 3 62 1
a contact +42690 +43274 62 3 1
a contact +42690 +43274 3 62 1
a contact +48606 +49152 62 3 1
a contact +48606 +49152 3 62 1
a contact +54462 +55103 62 3 1
a contact +54462 +55103 3 62 1
a contact +60327 +61107 62 3 1
a contact +60327 +61107 3 62 1
a contact +66258 +67137 62 3 1
a contact +66258 +67137 3 62 1
a contact +72276 +73187 62 3 1
a contact +72276 +73187 3 62 1
a contact +78379 +79260 62 3 1
a contact +78379 +79260 3 62 1
a contact +84544 +85365 62 3 1
a contact +84544 +85365 3 62 1
a contact +90722 +91515 62 3 1
a contact +90722 +91515 3 62 1
a contact +96866 +97693 62 3 1
a contact +96866 +97693 3 62 1
a contact +102967 +103850 62 3 1
a contact +102967 +103850 3 62 1
a contact +109035 +109940 62 3 1
a contact +109035 +109940 3 62 1
a contact +115083 +115944 62 3 1
a contact +115083 +115944 3 62 1
a contact +121110 +121863 62 3 1
a contact +121110 +121863 3 62 1
a contact +127107 +127724 62 3 1
a contact +127107 +127724 3 62 1
a contact +133045 +133587 62 3 1
a contact +133045 +133587 3 62 1
a contact +138913 +139516 62 3 1
a contact +138913 +139516 3 62 1
a contact +144768 +145508 62 3 1
a contact +144768 +145508 3 62 1
a contact +150676 +151532 62 3 1
a contact +150676 +151532 3 62 1
a contact +156667 +157577 62 3 1
a contact +156667 +157577 3 62 1
a contact +162747 +163642 62 3 1
a contact +162747 +163642 3 62 1
a contact +168898 +169736 62 3 1
a contact +168898 +169736 3 62 1
a contact +175078 +175872 62 3 1
a contact +175078 +175872 3 62 1
a contact +181235 +182046 62 3 1
a contact +181235 +182046 3 62 1
a contact +187347 +188215 62 3 1
a contact +187347 +188215 3 62 1
a contact +193424 +194328 62 3 1
a contact +193424 +194328 3 62 1
a contact +199477 +200358 62 3 1
a contact +199477 +200358 3 62 1
a contact +205510 +206301 62 3 1
a contact +205510 +206301 3 62 1
a contact +211518 +212174 62 3 1
a contact +211518 +212174 3 62 1
a contact +217477 +218028 62 3 1
a contact +217477 +218028 3 62 1
a contact +223363 +223935 62 3 1
a contact +223363 +223935 3 62 1
a contact +229213 +229912 62 3 1
a contact +229213 +229912 3 62 1
a contact +235101 +235929 62 3 1
a contact +235101 +235929 3 62 1
a contact +241066 +241968 62 3 1
a contact +241066 +241968 3 62 1
a contact +247121 +248026 62 3 1
a contact +247121 +248026 3 62 1
a contact +253254 +254110 62 3 1
a contact +253254 +254110 3 62 1
a contact +259431 +260233 62 3 1
a contact +259431 +260233 3 62 1
a contact +265599 +266399 62 3 1
a contact +265599 +266399 3 62 1
a contact +271724 +272576 62 3 1
a contact +271724 +272576 3 62 1
a contact +277810 +278709 62 3 1
a contact +277810 +278709 3 62 1
a contact +283869 +284765 62 3 1
a contact +283869 +284765 3 62 1
a contact +289909 +290732 62 3 1
a contact +289909 +290732 3 62 1
a contact +295925 +296622 62 3 1
a contact +295925 +296622 3 62 1
a contact +301902 +302474 62 3 1
a contact +301902 +302474 3 62 1
a contact +307809 +308360 62 3 1
a contact +307809 +308360 3 62 1
a contact +313662 +314319 62 3 1
a contact +313662 +314319 3 62 1
a contact +319533 +320327 62 3 1
a contact +319533 +320327 3 62 1
a contact +325473 +326360 62 3 1
a contact +325473 +326360 3 62 1
a contact +331502 +332413 62 3 1
a contact +331502 +332413 3 62 1
a contact +337614 +338488 62 3 1
a contact +337614 +338488 3 62 1
a contact +343784 +344599 62 3 1
a contact +343784 +344599 3 62 1
a contact +349960 +350753 62 3 1
a contact +349960 +350753 3 62 1
a contact +356098 +356932 62 3 1
a contact +356098 +356932 3 62 1
a contact +362194 +363083 62 3 1
a contact +362194 +363083 3 62 1
a contact +368260 +369164 62 3 1
a contact +368260 +369164 3 62 1
a contact +374305 +375157 62 3 1
a contact +374305 +375157 3 62 1
a contact +380329 +381067 62 3 1
a contact +380329 +381067 3 62 1
a contact +386321 +386923 62 3 1
a contact +386321 +386923 3 62 1
a contact +392250 +392792 62 3 1
a contact +392250 +392792 3 62 1
a contact +398112 +398731 62 3 1
a contact +398112 +398731 3 62 1
a contact +403971 +404727 62 3 1
a contact +403971 +404727 3 62 1
a contact +409888 +410754 62 3 1
a contact +409888 +410754 3 62 1
a contact +415890 +416801 62 3 1
a contact +415890 +416801 3 62 1
a contact +421979 +422869 62 3 1
a contact +421979 +422869 3 62 1
a contact +428137 +428968 62 3 1
a contact +428137 +428968 3 62 1
a contact +434317 +435110 62 3 1
a contact +434317 +435110 3 62 1
a contact +440469 +441286 62 3 1
a contact +440469 +441286 3 62 1
a contact +446576 +447451 62 3 1
a contact +446576 +447451 3 62 1
a contact +452649 +453555 62 3 1
a contact +452649 +453555 3 62 1
a contact +458700 +459574 62 3 1
a contact +458700 +459574 3 62 1
a contact +464731 +465507 62 3 1
a contact +464731 +465507 3 62 1
a contact +470734 +471374 62 3 1
a contact +470734 +471374 3 62 1
a contact +476685 +477230 62 3 1
a contact +476685 +477230 3 62 1
a contact +482563 +483147 62 3 1
a contact +482563 +483147 3 62 1
a contact +488414 +489130 62 3 1
a contact +488414 +489130 3 62 1
a contact +494310 +495150 62 3 1
a contact +494310 +495150 3 62 1
a contact +500286 +501191 62 3 1
a contact +500286 +501191 3 62 1
a contact +506351 +507253 62 3 1
a contact +506351 +507253 3 62 1
a contact +512492 +513341 62 3 1
a contact +512492 +513341 3 62 1
a contact +518671 +519469 62 3 1
a contact +518671 +519469 3 62 1
a contact +524835 +525639 62 3 1
a contact +524835 +525639 3 62 1
a contact +530955 +531813 62 3 1
a contact +530955 +531813 3 62 1
a contact +537036 +537938 62 3 1
a contact +537036 +537938 3 62 1
a contact +543093 +543983 62 3 1
a contact +543093 +543983 3 62 1
a contact +549130 +549940 62 3 1
a contact +549130 +549940 3 62 1
a contact +555143 +555823 62 3 1
a contact +555143 +555823 3 62 1
a contact +561113 +561675 62 3 1
a contact +561113 +561675 3 62 1
a contact +567011 +567569 62 3 1
a contact +567011 +567569 3 62 1
a contact +572861 +573536 62 3 1
a contact +572861 +573536 3 62 1
a contact +578739 +579548 62 3 1
a contact +578739 +579548 3 62 1
a contact +584690 +585583 62 3 1
a contact +584690 +585583 3 62 1
a contact +590729 +591638 62 3 1
a contact +590729 +591638 3 62 1
a contact +596850 +597717 62 3 1
a contact +596850 +597717 3 62 1
a contact +603024 +603833 62 3 1
a contact +603024 +603833 3 62 1
a contact +0 +439 63 3 1
a contact +0 +439 3 63 1
a contact +5803 +6597 63 3 1
a contact +5803 +6597 3 63 1
a contact +11937 +12776 63 3 1
a contact +11937 +12776 3 63 1
a contact +18030 +18922 63 3 1
a contact +18030 +18922 3 63 1
a contact +24094 +24996 63 3 1
a contact +24094 +24996 3 63 1
a contact +30138 +30982 63 3 1
a contact +30138 +30982 3 63 1
a contact +36160 +36886 63 3 1
a contact +36160 +36886 3 63 1
a contact +42148 +42741 63 3 1
a contact +42148 +42741 3 63 1
a contact +48071 +48614 63 3 1
a contact +48071 +48614 3 63 1
a contact +53930 +54558 63 3 1
a contact +53930 +54558 3 63 1
a contact +59791 +60558 63 3 1
a contact +59791 +60558 3 63 1
a contact +65714 +66587 63 3 1
a contact +65714 +66587 3 63 1
a contact +71724 +72636 63 3 1
a contact +71724 +72636 3 63 1
a contact +77820 +78706 63 3 1
a contact +77820 +78706 3 63 1
a contact +83981 +84807 63 3 1
a contact +83981 +84807 3 63 1
a contact +90161 +90953 63 3 1
a contact +90161 +90953 3 63 1
a contact +96309 +97130 63 3 1
a contact +96309 +97130 3 63 1
a contact +102413 +103292 63 3 1
a contact +102413 +103292 3 63 1
a contact +108484 +109389 63 3 1
a contact +108484 +109389 3 63 1
a contact +114533 +115401 63 3 1
a contact +114533 +115401 3 63 1
a contact +120562 +121328 63 3 1
a contact +120562 +121328 3 63 1
a contact +126562 +127191 63 3 1
a contact +126562 +127191 3 63 1
a contact +132508 +133050 63 3 1
a contact +132508 +133050 3 63 1
a contact +138380 +138973 63 3 1
a contact +138380 +138973 3 63 1
a contact +144233 +144961 63 3 1
a contact +144233 +144961 3 63 1
a contact +150134 +150983 63 3 1
a contact +150134 +150983 3 63 1
a contact +156118 +157025 63 3 1
a contact +156118 +157025 3 63 1
a contact +162190 +163088 63 3 1
a contact +162190 +163088 3 63 1
a contact +168335 +169179 63 3 1
a contact +168335 +169179 3 63 1
a contact +174515 +175312 63 3 1
a contact +174515 +175312 3 63 1
a contact +180676 +181483 63 3 1
a contact +180676 +181483 3 63 1
a contact +186792 +187655 63 3 1
a contact +186792 +187655 3 63 1
a contact +192872 +193775 63 3 1
a contact +192872 +193775 3 63 1
a contact +198926 +199813 63 3 1
a contact +198926 +199813 3 63 1
a contact +204962 +205763 63 3 1
a contact +204962 +205763 3 63 1
a contact +210972 +211641 63 3 1
a contact +210972 +211641 3 63 1
a contact +216937 +217493 63 3 1
a contact +216937 +217493 3 63 1
a contact +222829 +223394 63 3 1
a contact +222829 +223394 3 63 1
a contact +228679 +229366 63 3 1
a contact +228679 +229366 3 63 1
a contact +234562 +235380 63 3 1
a contact +234562 +235380 3 63 1
a contact +240519 +241417 63 3 1
a contact +240519 +241417 3 63 1
a contact +246566 +247473 63 3 1
a contact +246566 +247473 3 63 1
a contact +252693 +253555 63 3 1
a contact +252693 +253555 3 63 1
a contact +258868 +259674 63 3 1
a contact +258868 +259674 3 63 1
a contact +265039 +265837 63 3 1
a contact +265039 +265837 3 63 1
a contact +271169 +272014 63 3 1
a contact +271169 +272014 3 63 1
a contact +277257 +278154 63 3 1
a contact +277257 +278154 3 63 1
a contact +283318 +284217 63 3 1
a contact +283318 +284217 3 63 1
a contact +289359 +290192 63 3 1
a contact +289359 +290192 3 63 1
a contact +295379 +296088 63 3 1
a contact +295379 +296088 3 63 1
a contact +301360 +301941 63 3 1
a contact +301360 +301941 3 63 1
a contact +307274 +307821 63 3 1
a contact +307274 +307821 3 63 1
a contact +313129 +313774 63 3 1
a contact +313129 +313774 3 63 1
a contact +318996 +319779 63 3 1
a contact +318996 +319779 3 63 1
a contact +324929 +325810 63 3 1
a contact +324929 +325810 3 63 1
a contact +330949 +331861 63 3 1
a contact +330949 +331861 3 63 1
a contact +337055 +337934 63 3 1
a contact +337055 +337934 3 63 1
a contact +343221 +344040 63 3 1
a contact +343221 +344040 3 63 1
a contact +349399 +350191 63 3 1
a contact +349399 +350191 3 63 1
a contact +355541 +356370 63 3 1
a contact +355541 +356370 3 63 1
a contact +361641 +362525 63 3 1
a contact +361641 +362525 3 63 1
a contact +367709 +368613 63 3 1
a contact +367709 +368613 3 63 1
a contact +373755 +374615 63 3 1
a contact +373755 +374615 3 63 1
a contact +379782 +380531 63 3 1
a contact +379782 +380531 3 63 1
a contact +385777 +386391 63 3 1
a contact +385777 +386391 3 63 1
a contact +391714 +392255 63 3 1
a contact +391714 +392255 3 63 1
a contact +397580 +398187 63 3 1
a contact +397580 +398187 3 63 1
a contact +403435 +404180 63 3 1
a contact +403435 +404180 3 63 1
a contact +409346 +410205 63 3 1
a contact +409346 +410205 3 63 1
a contact +415340 +416250 63 3 1
a contact +415340 +416250 3 63 1
a contact +421422 +422315 63 3 1
a contact +421422 +422315 3 63 1
a contact +427574 +428411 63 3 1
a contact +427574 +428411 3 63 1
a contact +433755 +434549 63 3 1
a contact +433755 +434549 3 63 1
a contact +439910 +440723 63 3 1
a contact +439910 +440723 3 63 1
a contact +446021 +446891 63 3 1
a contact +446021 +446891 3 63 1
a contact +452097 +453002 63 3 1
a contact +452097 +453002 3 63 1
a contact +458150 +459029 63 3 1
a contact +458150 +459029 3 63 1
a contact +464182 +464970 63 3 1
a contact +464182 +464970 3 63 1
a contact +470189 +470841 63 3 1
a contact +470189 +470841 3 63 1
a contact +476146 +476695 63 3 1
a contact +476146 +476695 3 63 1
a contact +482030 +482605 63 3 1
a contact +482030 +482605 3 63 1
a contact +487880 +488584 63 3 1
a contact +487880 +488584 3 63 1
a contact +493770 +494601 63 3 1
a contact +493770 +494601 3 63 1
a contact +499738 +500641 63 3 1
a contact +499738 +500641 3 63 1
a contact +505795 +506700 63 3 1
a contact +505795 +506700 3 63 1
a contact +511930 +512785 63 3 1
a contact +511930 +512785 3 63 1
a contact +518108 +518909 63 3 1
a contact +518108 +518909 3 63 1
a contact +524275 +525076 63 3 1
a contact +524275 +525076 3 63 1
a contact +530399 +531252 63 3 1
a contact +530399 +531252 3 63 1
a contact +536484 +537384 63 3 1
a contact +536484 +537384 3 63 1
a contact +542542 +543437 63 3 1
a contact +542542 +543437 3 63 1
a contact +548581 +549402 63 3 1
a contact +548581 +549402 3 63 1
a contact +554597 +555289 63 3 1
a contact +554597 +555289 3 63 1
a contact +560572 +561141 63 3 1
a contact +560572 +561141 3 63 1
a contact +566477 +567029 63 3 1
a contact +566477 +567029 3 63 1
a contact +572329 +572991 63 3 1
a contact +572329 +572991 3 63 1
a contact +578201 +578999 63 3 1
a contact +578201 +578999 3 63 1
a contact +584144 +585033 63 3 1
a contact +584144 +585033 3 63 1
a contact +590175 +591086 63 3 1
a contact +590175 +591086 3 63 1
a contact +596290 +597163 63 3 1
a contact +596290 +597163 3 63 1
a contact +602461 +603274 63 3 1
a contact +602461 +603274 3 63 1
a contact +5243 +6036 64 3 1
a contact +5243 +6036 3 64 1
a contact +11382 +12215 64 3 1
a contact +11382 +12215 3 64 1
a contact +17478 +18367 64 3 1
a contact +17478 +18367 3 64 1
a contact +23544 +24448 64 3 1
a contact +23544 +24448 3 64 1
a contact +29589 +30442 64 3 1
a contact +29589 +30442 3 64 1
a contact +35614 +36353 64 3 1
a contact +35614 +36353 3 64 1
a contact +41606 +42209 64 3 1
a contact +41606 +42209 3 64 1
a contact +47536 +48077 64 3 1
a contact +47536 +48077 3 64 1
a contact +53398 +54016 64 3 1
a contact +53398 +54016 3 64 1
a contact +59256 +60012 64 3 1
a contact +59256 +60012 3 64 1
a contact +65173 +66039 64 3 1
a contact +65173 +66039 3 64 1
a contact +71174 +72085 64 3 1
a contact +71174 +72085 3 64 1
a contact +77263 +78153 64 3 1
a contact +77263 +78153 3 64 1
a contact +83420 +84251 64 3 1
a contact +83420 +84251 3 64 1
a contact +89600 +90393 64 3 1
a contact +89600 +90393 3 64 1
a contact +95752 +96569 64 3 1
a contact +95752 +96569 3 64 1
a contact +101860 +102734 64 3 1
a contact +101860 +102734 3 64 1
a contact +107933 +108839 64 3 1
a contact +107933 +108839 3 64 1
a contact +113984 +114859 64 3 1
a contact +113984 +114859 3 64 1
a contact +120015 +120792 64 3 1
a contact +120015 +120792 3 64 1
a contact +126019 +126660 64 3 1
a contact +126019 +126660 3 64 1
a contact +131971 +132516 64 3 1
a contact +131971 +132516 3 64 1
a contact +137849 +138432 64 3 1
a contact +137849 +138432 3 64 1
a contact +143700 +144415 64 3 1
a contact +143700 +144415 3 64 1
a contact +149595 +150435 64 3 1
a contact +149595 +150435 3 64 1
a contact +155571 +156476 64 3 1
a contact +155571 +156476 3 64 1
a contact +161634 +162536 64 3 1
a contact +161634 +162536 3 64 1
a contact +167775 +168624 64 3 1
a contact +167775 +168624 3 64 1
a contact +173954 +174753 64 3 1
a contact +173954 +174753 3 64 1
a contact +180118 +180922 64 3 1
a contact +180118 +180922 3 64 1
a contact +186238 +187096 64 3 1
a contact +186238 +187096 3 64 1
a contact +192320 +193222 64 3 1
a contact +192320 +193222 3 64 1
a contact +198377 +199268 64 3 1
a contact +198377 +199268 3 64 1
a contact +204414 +205226 64 3 1
a contact +204414 +205226 3 64 1
a contact +210428 +211109 64 3 1
a contact +210428 +211109 3 64 1
a contact +216398 +216961 64 3 1
a contact +216398 +216961 3 64 1
a contact +222297 +222854 64 3 1
a contact +222297 +222854 3 64 1
a contact +228148 +228821 64 3 1
a contact +228148 +228821 3 64 1
a contact +234024 +234832 64 3 1
a contact +234024 +234832 3 64 1
a contact +239975 +240868 64 3 1
a contact +239975 +240868 3 64 1
a contact +246013 +246922 64 3 1
a contact +246013 +246922 3 64 1
a contact +252133 +253001 64 3 1
a contact +252133 +253001 3 64 1
a contact +258307 +259116 64 3 1
a contact +258307 +259116 3 64 1
a contact +264480 +265275 64 3 1
a contact +264480 +265275 3 64 1
a contact +270614 +271454 64 3 1
a contact +270614 +271454 3 64 1
a contact +276705 +277599 64 3 1
a contact +276705 +277599 3 64 1
a contact +282769 +283670 64 3 1
a contact +282769 +283670 3 64 1
a contact +288811 +289653 64 3 1
a contact +288811 +289653 3 64 1
a contact +294833 +295555 64 3 1
a contact +294833 +295555 3 64 1
a contact +300819 +301409 64 3 1
a contact +300819 +301409 3 64 1
a contact +306740 +307284 64 3 1
a contact +306740 +307284 3 64 1
a contact +312598 +313231 64 3 1
a contact +312598 +313231 3 64 1
a contact +318460 +319232 64 3 1
a contact +318460 +319232 3 64 1
a contact +324386 +325261 64 3 1
a contact +324386 +325261 3 64 1
a contact +330398 +331310 64 3 1
a contact +330398 +331310 3 64 1
a contact +336497 +337381 64 3 1
a contact +336497 +337381 3 64 1
a contact +342659 +343484 64 3 1
a contact +342659 +343484 3 64 1
a contact +348838 +349631 64 3 1
a contact +348838 +349631 3 64 1
a contact +354985 +355808 64 3 1
a contact +354985 +355808 3 64 1
a contact +361088 +361968 64 3 1
a contact +361088 +361968 3 64 1
a contact +367158 +368064 64 3 1
a contact +367158 +368064 3 64 1
a contact +373207 +374073 64 3 1
a contact +373207 +374073 3 64 1
a contact +379235 +379997 64 3 1
a contact +379235 +379997 3 64 1
a contact +385234 +385859 64 3 1
a contact +385234 +385859 3 64 1
a contact +391178 +391720 64 3 1
a contact +391178 +391720 3 64 1
a contact +397048 +397645 64 3 1
a contact +397048 +397645 3 64 1
a contact +402902 +403634 64 3 1
a contact +402902 +403634 3 64 1
a contact +408805 +409656 64 3 1
a contact +408805 +409656 3 64 1
a contact +414791 +415700 64 3 1
a contact +414791 +415700 3 64 1
a contact +420866 +421763 64 3 1
a contact +420866 +421763 3 64 1
a contact +427013 +427855 64 3 1
a contact +427013 +427855 3 64 1
a contact +433193 +433989 64 3 1
a contact +433193 +433989 3 64 1
a contact +439353 +440162 64 3 1
a contact +439353 +440162 3 64 1
a contact +445468 +446333 64 3 1
a contact +445468 +446333 3 64 1
a contact +451546 +452450 64 3 1
a contact +451546 +452450 3 64 1
a contact +457600 +458485 64 3 1
a contact +457600 +458485 3 64 1
a contact +463635 +464433 64 3 1
a contact +463635 +464433 3 64 1
a contact +469645 +470309 64 3 1
a contact +469645 +470309 3 64 1
a contact +475608 +476162 64 3 1
a contact +475608 +476162 3 64 1
a contact +481498 +482065 64 3 1
a contact +481498 +482065 3 64 1
a contact +487348 +488038 64 3 1
a contact +487348 +488038 3 64 1
a contact +493232 +494053 64 3 1
a contact +493232 +494053 3 64 1
a contact +499192 +500091 64 3 1
a contact +499192 +500091 3 64 1
a contact +505241 +506148 64 3 1
a contact +505241 +506148 3 64 1
a contact +511370 +512231 64 3 1
a contact +511370 +512231 3 64 1
a contact +517547 +518351 64 3 1
a contact +517547 +518351 3 64 1
a contact +523717 +524515 64 3 1
a contact +523717 +524515 3 64 1
a contact +529844 +530692 64 3 1
a contact +529844 +530692 3 64 1
a contact +535932 +536829 64 3 1
a contact +535932 +536829 3 64 1
a contact +541993 +542890 64 3 1
a contact +541993 +542890 3 64 1
a contact +548033 +548863 64 3 1
a contact +548033 +548863 3 64 1
a contact +554052 +554757 64 3 1
a contact +554052 +554757 3 64 1
a contact +560032 +560609 64 3 1
a contact +560032 +560609 3 64 1
a contact +565943 +566491 64 3 1
a contact +565943 +566491 3 64 1
a contact +571797 +572446 64 3 1
a contact +571797 +572446 3 64 1
a contact +577665 +578452 64 3 1
a contact +577665 +578452 3 64 1
a contact +583601 +584484 64 3 1
a contact +583601 +584484 3 64 1
a contact +589624 +590535 64 3 1
a contact +589624 +590535 3 64 1
a contact +595732 +596609 64 3 1
a contact +595732 +596609 3 64 1
a contact +601899 +602717 64 3 1
a contact +601899 +602717 3 64 1
a contact +4684 +5477 65 3 1
a contact +4684 +5477 3 65 1
a contact +10827 +11655 65 3 1
a contact +10827 +11655 3 65 1
a contact +16927 +17811 65 3 1
a contact +16927 +17811 3 65 1
a contact +22995 +23900 65 3 1
a contact +22995 +23900 3 65 1
a contact +29042 +29902 65 3 1
a contact +29042 +29902 3 65 1
a contact +35069 +35820 65 3 1
a contact +35069 +35820 3 65 1
a contact +41065 +41679 65 3 1
a contact +41065 +41679 3 65 1
a contact +47002 +47543 65 3 1
a contact +47002 +47543 3 65 1
a contact +52868 +53474 65 3 1
a contact +52868 +53474 3 65 1
a contact +58724 +59467 65 3 1
a contact +58724 +59467 3 65 1
a contact +64633 +65491 65 3 1
a contact +64633 +65491 3 65 1
a contact +70626 +71536 65 3 1
a contact +70626 +71536 3 65 1
a contact +76707 +77602 65 3 1
a contact +76707 +77602 3 65 1
a contact +82860 +83697 65 3 1
a contact +82860 +83697 3 65 1
a contact +89040 +89834 65 3 1
a contact +89040 +89834 3 65 1
a contact +95196 +96008 65 3 1
a contact +95196 +96008 3 65 1
a contact +101307 +102177 65 3 1
a contact +101307 +102177 3 65 1
a contact +107384 +108288 65 3 1
a contact +107384 +108288 3 65 1
a contact +113436 +114317 65 3 1
a contact +113436 +114317 3 65 1
a contact +119469 +120257 65 3 1
a contact +119469 +120257 3 65 1
a contact +125476 +126129 65 3 1
a contact +125476 +126129 3 65 1
a contact +131434 +131983 65 3 1
a contact +131434 +131983 3 65 1
a contact +137318 +137892 65 3 1
a contact +137318 +137892 3 65 1
a contact +143168 +143871 65 3 1
a contact +143168 +143871 3 65 1
a contact +149058 +149888 65 3 1
a contact +149058 +149888 3 65 1
a contact +155025 +155927 65 3 1
a contact +155025 +155927 3 65 1
a contact +161081 +161986 65 3 1
a contact +161081 +161986 3 65 1
a contact +167216 +168071 65 3 1
a contact +167216 +168071 3 65 1
a contact +173394 +174195 65 3 1
a contact +173394 +174195 3 65 1
a contact +179561 +180361 65 3 1
a contact +179561 +180361 3 65 1
a contact +185685 +186537 65 3 1
a contact +185685 +186537 3 65 1
a contact +191770 +192670 65 3 1
a contact +191770 +192670 3 65 1
a contact +197829 +198724 65 3 1
a contact +197829 +198724 3 65 1
a contact +203868 +204689 65 3 1
a contact +203868 +204689 3 65 1
a contact +209884 +210578 65 3 1
a contact +209884 +210578 3 65 1
a contact +215860 +216429 65 3 1
a contact +215860 +216429 3 65 1
a contact +221765 +222317 65 3 1
a contact +221765 +222317 3 65 1
a contact +227617 +228278 65 3 1
a contact +227617 +228278 3 65 1
a contact +233489 +234286 65 3 1
a contact +233489 +234286 3 65 1
a contact +239431 +240320 65 3 1
a contact +239431 +240320 3 65 1
a contact +245462 +246372 65 3 1
a contact +245462 +246372 3 65 1
a contact +251576 +252449 65 3 1
a contact +251576 +252449 3 65 1
a contact +257746 +258560 65 3 1
a contact +257746 +258560 3 65 1
a contact +263922 +264715 65 3 1
a contact +263922 +264715 3 65 1
a contact +270059 +270894 65 3 1
a contact +270059 +270894 3 65 1
a contact +276154 +277044 65 3 1
a contact +276154 +277044 3 65 1
a contact +282220 +283123 65 3 1
a contact +282220 +283123 3 65 1
a contact +288264 +289114 65 3 1
a contact +288264 +289114 3 65 1
a contact +294288 +295023 65 3 1
a contact +294288 +295023 3 65 1
a contact +300279 +300879 65 3 1
a contact +300279 +300879 3 65 1
a contact +306207 +306748 65 3 1
a contact +306207 +306748 3 65 1
a contact +312068 +312689 65 3 1
a contact +312068 +312689 3 65 1
a contact +317927 +318686 65 3 1
a contact +317927 +318686 3 65 1
a contact +323845 +324714 65 3 1
a contact +323845 +324714 3 65 1
a contact +329850 +330761 65 3 1
a contact +329850 +330761 3 65 1
a contact +335941 +336829 65 3 1
a contact +335941 +336829 3 65 1
a contact +342099 +342929 65 3 1
a contact +342099 +342929 3 65 1
a contact +348279 +349072 65 3 1
a contact +348279 +349072 3 65 1
a contact +354430 +355248 65 3 1
a contact +354430 +355248 3 65 1
a contact +360536 +361412 65 3 1
a contact +360536 +361412 3 65 1
a contact +366609 +367514 65 3 1
a contact +366609 +367514 3 65 1
a contact +372659 +373532 65 3 1
a contact +372659 +373532 3 65 1
a contact +378690 +379463 65 3 1
a contact +378690 +379463 3 65 1
a contact +384692 +385329 65 3 1
a contact +384692 +385329 3 65 1
a contact +390642 +391186 65 3 1
a contact +390642 +391186 3 65 1
a contact +396518 +397105 65 3 1
a contact +396518 +397105 3 65 1
a contact +402370 +403089 65 3 1
a contact +402370 +403089 3 65 1
a contact +408267 +409109 65 3 1
a contact +408267 +409109 3 65 1
a contact +414245 +415151 65 3 1
a contact +414245 +415151 3 65 1
a contact +420312 +421213 65 3 1
a contact +420312 +421213 3 65 1
a contact +426454 +427302 65 3 1
a contact +426454 +427302 3 65 1
a contact +432633 +433431 65 3 1
a contact +432633 +433431 3 65 1
a contact +438796 +439601 65 3 1
a contact +438796 +439601 3 65 1
a contact +444915 +445775 65 3 1
a contact +444915 +445775 3 65 1
a contact +450996 +451899 65 3 1
a contact +450996 +451899 3 65 1
a contact +457052 +457942 65 3 1
a contact +457052 +457942 3 65 1
a contact +463089 +463897 65 3 1
a contact +463089 +463897 3 65 1
a contact +469101 +469778 65 3 1
a contact +469101 +469778 3 65 1
a contact +475070 +475630 65 3 1
a contact +475070 +475630 3 65 1
a contact +480966 +481526 65 3 1
a contact +480966 +481526 3 65 1
a contact +486817 +487495 65 3 1
a contact +486817 +487495 3 65 1
a contact +492696 +493507 65 3 1
a contact +492696 +493507 3 65 1
a contact +498648 +499543 65 3 1
a contact +498648 +499543 3 65 1
a contact +504689 +505598 65 3 1
a contact +504689 +505598 3 65 1
a contact +510812 +511678 65 3 1
a contact +510812 +511678 3 65 1
a contact +516986 +517794 65 3 1
a contact +516986 +517794 3 65 1
a contact +523159 +523954 65 3 1
a contact +523159 +523954 3 65 1
a contact +529291 +530133 65 3 1
a contact +529291 +530133 3 65 1
a contact +535381 +536276 65 3 1
a contact +535381 +536276 3 65 1
a contact +541444 +542344 65 3 1
a contact +541444 +542344 3 65 1
a contact +547486 +548325 65 3 1
a contact +547486 +548325 3 65 1
a contact +553507 +554225 65 3 1
a contact +553507 +554225 3 65 1
a contact +559492 +560078 65 3 1
a contact +559492 +560078 3 65 1
a contact +565410 +565955 65 3 1
a contact +565410 +565955 3 65 1
a contact +571267 +571904 65 3 1
a contact +571267 +571904 3 65 1
a contact +577131 +577906 65 3 1
a contact +577131 +577906 3 65 1
a contact +583059 +583936 65 3 1
a contact +583059 +583936 3 65 1
a contact +589074 +589986 65 3 1
a contact +589074 +589986 3 65 1
a contact +595175 +596057 65 3 1
a contact +595175 +596057 3 65 1
a contact +601339 +602161 65 3 1
a contact +601339 +602161 3 65 1
a contact +3667 +4507 66 3 1
a contact +3667 +4507 3 66 1
a contact +9847 +10643 66 3 1
a contact +9847 +10643 3 66 1
a contact +16005 +16816 66 3 1
a contact +16005 +16816 3 66 1
a contact +22118 +22986 66 3 1
a contact +22118 +22986 3 66 1
a contact +28195 +29100 66 3 1
a contact +28195 +29100 3 66 1
a contact +34248 +35130 66 3 1
a contact +34248 +35130 3 66 1
a contact +40282 +41074 66 3 1
a contact +40282 +41074 3 66 1
a contact +46291 +46947 66 3 1
a contact +46291 +46947 3 66 1
a contact +52251 +52800 66 3 1
a contact +52251 +52800 3 66 1
a contact +58137 +58707 66 3 1
a contact +58137 +58707 3 66 1
a contact +63987 +64683 66 3 1
a contact +63987 +64683 3 66 1
a contact +69874 +70700 66 3 1
a contact +69874 +70700 3 66 1
a contact +75838 +76739 66 3 1
a contact +75838 +76739 3 66 1
a contact +81891 +82797 66 3 1
a contact +81891 +82797 3 66 1
a contact +88023 +88881 66 3 1
a contact +88023 +88881 3 66 1
a contact +94201 +95004 66 3 1
a contact +94201 +95004 3 66 1
a contact +100369 +101169 66 3 1
a contact +100369 +101169 3 66 1
a contact +106495 +107346 66 3 1
a contact +106495 +107346 3 66 1
a contact +112581 +113480 66 3 1
a contact +112581 +113480 3 66 1
a contact +118641 +119537 66 3 1
a contact +118641 +119537 3 66 1
a contact +124681 +125505 66 3 1
a contact +124681 +125505 3 66 1
a contact +130698 +131395 66 3 1
a contact +130698 +131395 3 66 1
a contact +136676 +137247 66 3 1
a contact +136676 +137247 3 66 1
a contact +142584 +143132 66 3 1
a contact +142584 +143132 3 66 1
a contact +148436 +149091 66 3 1
a contact +148436 +149091 3 66 1
a contact +154306 +155098 66 3 1
a contact +154306 +155098 3 66 1
a contact +160246 +161131 66 3 1
a contact +160246 +161131 3 66 1
a contact +166273 +167184 66 3 1
a contact +166273 +167184 3 66 1
a contact +172384 +173259 66 3 1
a contact +172384 +173259 3 66 1
a contact +178553 +179369 66 3 1
a contact +178553 +179369 3 66 1
a contact +184729 +185523 66 3 1
a contact +184729 +185523 3 66 1
a contact +190869 +191702 66 3 1
a contact +190869 +191702 3 66 1
a contact +196965 +197854 66 3 1
a contact +196965 +197854 3 66 1
a contact +203031 +203935 66 3 1
a contact +203031 +203935 3 66 1
a contact +209077 +209929 66 3 1
a contact +209077 +209929 3 66 1
a contact +215102 +215840 66 3 1
a contact +215102 +215840 3 66 1
a contact +221094 +221696 66 3 1
a contact +221094 +221696 3 66 1
a contact +227025 +227564 66 3 1
a contact +227025 +227564 3 66 1
a contact +232887 +233502 66 3 1
a contact +232887 +233502 3 66 1
a contact +238745 +239499 66 3 1
a contact +238745 +239499 3 66 1
a contact +244661 +245526 66 3 1
a contact +244661 +245526 3 66 1
a contact +250662 +251572 66 3 1
a contact +250662 +251572 3 66 1
a contact +256750 +257640 66 3 1
a contact +256750 +257640 3 66 1
a contact +262906 +263739 66 3 1
a contact +262906 +263739 3 66 1
a contact +269086 +269880 66 3 1
a contact +269086 +269880 3 66 1
a contact +275239 +276056 66 3 1
a contact +275239 +276056 3 66 1
a contact +281346 +282221 66 3 1
a contact +281346 +282221 3 66 1
a contact +287420 +288326 66 3 1
a contact +287420 +288326 3 66 1
a contact +293471 +294346 66 3 1
a contact +293471 +294346 3 66 1
a contact +299503 +300280 66 3 1
a contact +299503 +300280 3 66 1
a contact +305507 +306147 66 3 1
a contact +305507 +306147 3 66 1
a contact +311459 +312003 66 3 1
a contact +311459 +312003 3 66 1
a contact +317338 +317919 66 3 1
a contact +317338 +317919 3 66 1
a contact +323188 +323902 66 3 1
a contact +323188 +323902 3 66 1
a contact +329083 +329922 66 3 1
a contact +329083 +329922 3 66 1
a contact +335058 +335963 66 3 1
a contact +335058 +335963 3 66 1
a contact +341121 +342024 66 3 1
a contact +341121 +342024 3 66 1
a contact +347261 +348112 66 3 1
a contact +347261 +348112 3 66 1
a contact +353440 +354240 66 3 1
a contact +353440 +354240 3 66 1
a contact +359605 +360409 66 3 1
a contact +359605 +360409 3 66 1
a contact +365725 +366583 66 3 1
a contact +365725 +366583 3 66 1
a contact +371807 +372709 66 3 1
a contact +371807 +372709 3 66 1
a contact +377864 +378755 66 3 1
a contact +377864 +378755 3 66 1
a contact +383902 +384713 66 3 1
a contact +383902 +384713 3 66 1
a contact +389916 +390596 66 3 1
a contact +389916 +390596 3 66 1
a contact +395887 +396448 66 3 1
a contact +395887 +396448 3 66 1
a contact +401786 +402341 66 3 1
a contact +401786 +402341 3 66 1
a contact +407636 +408308 66 3 1
a contact +407636 +408308 3 66 1
a contact +413513 +414319 66 3 1
a contact +413513 +414319 3 66 1
a contact +419462 +420355 66 3 1
a contact +419462 +420355 3 66 1
a contact +425500 +426410 66 3 1
a contact +425500 +426410 3 66 1
a contact +431620 +432488 66 3 1
a contact +431620 +432488 3 66 1
a contact +437793 +438604 66 3 1
a contact +437793 +438604 3 66 1
a contact +443966 +444763 66 3 1
a contact +443966 +444763 3 66 1
a contact +450100 +450941 66 3 1
a contact +450100 +450941 3 66 1
a contact +456192 +457086 66 3 1
a contact +456192 +457086 3 66 1
a contact +462256 +463157 66 3 1
a contact +462256 +463157 3 66 1
a contact +468299 +469140 66 3 1
a contact +468299 +469140 3 66 1
a contact +474321 +475042 66 3 1
a contact +474321 +475042 3 66 1
a contact +480308 +480896 66 3 1
a contact +480308 +480896 3 66 1
a contact +486229 +486770 66 3 1
a contact +486229 +486770 3 66 1
a contact +492086 +492717 66 3 1
a contact +492086 +492717 3 66 1
a contact +497949 +498719 66 3 1
a contact +497949 +498719 3 66 1
a contact +503874 +504748 66 3 1
a contact +503874 +504748 3 66 1
a contact +509886 +510797 66 3 1
a contact +509886 +510797 3 66 1
a contact +515983 +516868 66 3 1
a contact +515983 +516868 3 66 1
a contact +522146 +522971 66 3 1
a contact +522146 +522971 3 66 1
a contact +528325 +529118 66 3 1
a contact +528325 +529118 3 66 1
a contact +534472 +535296 66 3 1
a contact +534472 +535296 3 66 1
a contact +540575 +541456 66 3 1
a contact +540575 +541456 3 66 1
a contact +546645 +547551 66 3 1
a contact +546645 +547551 3 66 1
a contact +552694 +553560 66 3 1
a contact +552694 +553560 3 66 1
a contact +558723 +559484 66 3 1
a contact +558723 +559484 3 66 1
a contact +564723 +565347 66 3 1
a contact +564723 +565347 3 66 1
a contact +570666 +571207 66 3 1
a contact +570666 +571207 3 66 1
a contact +576537 +577132 66 3 1
a contact +576537 +577132 3 66 1
a contact +582390 +583120 66 3 1
a contact +582390 +583120 3 66 1
a contact +588293 +589143 66 3 1
a contact +588293 +589143 3 66 1
a contact +594279 +595187 66 3 1
a contact +594279 +595187 3 66 1
a contact +600353 +601251 66 3 1
a contact +600353 +601251 3 66 1
a contact +3108 +3953 67 3 1
a contact +3108 +3953 3 67 1
a contact +9287 +10085 67 3 1
a contact +9287 +10085 3 67 1
a contact +15449 +16256 67 3 1
a contact +15449 +16256 3 67 1
a contact +21565 +22428 67 3 1
a contact +21565 +22428 3 67 1
a contact +27645 +28549 67 3 1
a contact +27645 +28549 3 67 1
a contact +33701 +34588 67 3 1
a contact +33701 +34588 3 67 1
a contact +39737 +40539 67 3 1
a contact +39737 +40539 3 67 1
a contact +45748 +46417 67 3 1
a contact +45748 +46417 3 67 1
a contact +51714 +52269 67 3 1
a contact +51714 +52269 3 67 1
a contact +57607 +58168 67 3 1
a contact +57607 +58168 3 67 1
a contact +63457 +64140 67 3 1
a contact +63457 +64140 3 67 1
a contact +69338 +70154 67 3 1
a contact +69338 +70154 3 67 1
a contact +75294 +76191 67 3 1
a contact +75294 +76191 3 67 1
a contact +81339 +82247 67 3 1
a contact +81339 +82247 3 67 1
a contact +87465 +88329 67 3 1
a contact +87465 +88329 3 67 1
a contact +93640 +94447 67 3 1
a contact +93640 +94447 3 67 1
a contact +99812 +100609 67 3 1
a contact +99812 +100609 3 67 1
a contact +105942 +106787 67 3 1
a contact +105942 +106787 3 67 1
a contact +112031 +112927 67 3 1
a contact +112031 +112927 3 67 1
a contact +118093 +118991 67 3 1
a contact +118093 +118991 3 67 1
a contact +124134 +124968 67 3 1
a contact +124134 +124968 3 67 1
a contact +130154 +130864 67 3 1
a contact +130154 +130864 3 67 1
a contact +136137 +136717 67 3 1
a contact +136137 +136717 3 67 1
a contact +142052 +142596 67 3 1
a contact +142052 +142596 3 67 1
a contact +147906 +148548 67 3 1
a contact +147906 +148548 3 67 1
a contact +153772 +154553 67 3 1
a contact +153772 +154553 3 67 1
a contact +159704 +160584 67 3 1
a contact +159704 +160584 3 67 1
a contact +165723 +166635 67 3 1
a contact +165723 +166635 3 67 1
a contact +171827 +172708 67 3 1
a contact +171827 +172708 3 67 1
a contact +177993 +178814 67 3 1
a contact +177993 +178814 3 67 1
a contact +184171 +184964 67 3 1
a contact +184171 +184964 3 67 1
a contact +190314 +191143 67 3 1
a contact +190314 +191143 3 67 1
a contact +196414 +197299 67 3 1
a contact +196414 +197299 3 67 1
a contact +202483 +203388 67 3 1
a contact +202483 +203388 3 67 1
a contact +208530 +209390 67 3 1
a contact +208530 +209390 3 67 1
a contact +214557 +215307 67 3 1
a contact +214557 +215307 3 67 1
a contact +220553 +221167 67 3 1
a contact +220553 +221167 3 67 1
a contact +226491 +227030 67 3 1
a contact +226491 +227030 3 67 1
a contact +232357 +232961 67 3 1
a contact +232357 +232961 3 67 1
a contact +238212 +238954 67 3 1
a contact +238212 +238954 3 67 1
a contact +244121 +244979 67 3 1
a contact +244121 +244979 3 67 1
a contact +250114 +251024 67 3 1
a contact +250114 +251024 3 67 1
a contact +256195 +257089 67 3 1
a contact +256195 +257089 3 67 1
a contact +262347 +263185 67 3 1
a contact +262347 +263185 3 67 1
a contact +268527 +269322 67 3 1
a contact +268527 +269322 3 67 1
a contact +274683 +275496 67 3 1
a contact +274683 +275496 3 67 1
a contact +280795 +281664 67 3 1
a contact +280795 +281664 3 67 1
a contact +286871 +287776 67 3 1
a contact +286871 +287776 3 67 1
a contact +292924 +293804 67 3 1
a contact +292924 +293804 3 67 1
a contact +298957 +299745 67 3 1
a contact +298957 +299745 3 67 1
a contact +304965 +305617 67 3 1
a contact +304965 +305617 3 67 1
a contact +310923 +311471 67 3 1
a contact +310923 +311471 3 67 1
a contact +316807 +317379 67 3 1
a contact +316807 +317379 3 67 1
a contact +322657 +323358 67 3 1
a contact +322657 +323358 3 67 1
a contact +328546 +329375 67 3 1
a contact +328546 +329375 3 67 1
a contact +334513 +335415 67 3 1
a contact +334513 +335415 3 67 1
a contact +340568 +341474 67 3 1
a contact +340568 +341474 3 67 1
a contact +346703 +347559 67 3 1
a contact +346703 +347559 3 67 1
a contact +352880 +353683 67 3 1
a contact +352880 +353683 3 67 1
a contact +359048 +359849 67 3 1
a contact +359048 +359849 3 67 1
a contact +365172 +366025 67 3 1
a contact +365172 +366025 3 67 1
a contact +371257 +372157 67 3 1
a contact +371257 +372157 3 67 1
a contact +377316 +378211 67 3 1
a contact +377316 +378211 3 67 1
a contact +383356 +384177 67 3 1
a contact +383356 +384177 3 67 1
a contact +389372 +390065 67 3 1
a contact +389372 +390065 3 67 1
a contact +395349 +395917 67 3 1
a contact +395349 +395917 3 67 1
a contact +401254 +401804 67 3 1
a contact +401254 +401804 3 67 1
a contact +407106 +407765 67 3 1
a contact +407106 +407765 3 67 1
a contact +412978 +413773 67 3 1
a contact +412978 +413773 3 67 1
a contact +418919 +419807 67 3 1
a contact +418919 +419807 3 67 1
a contact +424949 +425860 67 3 1
a contact +424949 +425860 3 67 1
a contact +431063 +431936 67 3 1
a contact +431063 +431936 3 67 1
a contact +437233 +438048 67 3 1
a contact +437233 +438048 3 67 1
a contact +443408 +444203 67 3 1
a contact +443408 +444203 3 67 1
a contact +449546 +450382 67 3 1
a contact +449546 +450382 3 67 1
a contact +455642 +456532 67 3 1
a contact +455642 +456532 3 67 1
a contact +461707 +462610 67 3 1
a contact +461707 +462610 3 67 1
a contact +467752 +468602 67 3 1
a contact +467752 +468602 3 67 1
a contact +473776 +474510 67 3 1
a contact +473776 +474510 3 67 1
a contact +479767 +480366 67 3 1
a contact +479767 +480366 3 67 1
a contact +485696 +486235 67 3 1
a contact +485696 +486235 3 67 1
a contact +491557 +492176 67 3 1
a contact +491557 +492176 3 67 1
a contact +497415 +498173 67 3 1
a contact +497415 +498173 3 67 1
a contact +503334 +504201 67 3 1
a contact +503334 +504201 3 67 1
a contact +509337 +510248 67 3 1
a contact +509337 +510248 3 67 1
a contact +515428 +516317 67 3 1
a contact +515428 +516317 3 67 1
a contact +521586 +522417 67 3 1
a contact +521586 +522417 3 67 1
a contact +527766 +528559 67 3 1
a contact +527766 +528559 3 67 1
a contact +533917 +534736 67 3 1
a contact +533917 +534736 3 67 1
a contact +540023 +540900 67 3 1
a contact +540023 +540900 3 67 1
a contact +546096 +547002 67 3 1
a contact +546096 +547002 3 67 1
a contact +552147 +553020 67 3 1
a contact +552147 +553020 3 67 1
a contact +558178 +558951 67 3 1
a contact +558178 +558951 3 67 1
a contact +564181 +564817 67 3 1
a contact +564181 +564817 3 67 1
a contact +570131 +570674 67 3 1
a contact +570131 +570674 3 67 1
a contact +576007 +576592 67 3 1
a contact +576007 +576592 3 67 1
a contact +581859 +582576 67 3 1
a contact +581859 +582576 3 67 1
a contact +587755 +588597 67 3 1
a contact +587755 +588597 3 67 1
a contact +593733 +594639 67 3 1
a contact +593733 +594639 3 67 1
a contact +599799 +600700 67 3 1
a contact +599799 +600700 3 67 1
a contact +2548 +3399 68 3 1
a contact +2548 +3399 3 68 1
a contact +8727 +9526 68 3 1
a contact +8727 +9526 3 68 1
a contact +14891 +15695 68 3 1
a contact +14891 +15695 3 68 1
a contact +21012 +21870 68 3 1
a contact +21012 +21870 3 68 1
a contact +27095 +27996 68 3 1
a contact +27095 +27996 3 68 1
a contact +33152 +34043 68 3 1
a contact +33152 +34043 3 68 1
a contact +39190 +40002 68 3 1
a contact +39190 +40002 3 68 1
a contact +45204 +45885 68 3 1
a contact +45204 +45885 3 68 1
a contact +51175 +51737 68 3 1
a contact +51175 +51737 3 68 1
a contact +57075 +57630 68 3 1
a contact +57075 +57630 3 68 1
a contact +62925 +63596 68 3 1
a contact +62925 +63596 3 68 1
a contact +68801 +69607 68 3 1
a contact +68801 +69607 3 68 1
a contact +74750 +75642 68 3 1
a contact +74750 +75642 3 68 1
a contact +80787 +81697 68 3 1
a contact +80787 +81697 3 68 1
a contact +86907 +87776 68 3 1
a contact +86907 +87776 3 68 1
a contact +93079 +93890 68 3 1
a contact +93079 +93890 3 68 1
a contact +99253 +100049 68 3 1
a contact +99253 +100049 3 68 1
a contact +105387 +106227 68 3 1
a contact +105387 +106227 3 68 1
a contact +111480 +112373 68 3 1
a contact +111480 +112373 3 68 1
a contact +117543 +118445 68 3 1
a contact +117543 +118445 3 68 1
a contact +123587 +124429 68 3 1
a contact +123587 +124429 3 68 1
a contact +129609 +130332 68 3 1
a contact +129609 +130332 3 68 1
a contact +135596 +136185 68 3 1
a contact +135596 +136185 3 68 1
a contact +141518 +142059 68 3 1
a contact +141518 +142059 3 68 1
a contact +147376 +148005 68 3 1
a contact +147376 +148005 3 68 1
a contact +153238 +154006 68 3 1
a contact +153238 +154006 3 68 1
a contact +159162 +160036 68 3 1
a contact +159162 +160036 3 68 1
a contact +165173 +166085 68 3 1
a contact +165173 +166085 3 68 1
a contact +171270 +172155 68 3 1
a contact +171270 +172155 3 68 1
a contact +177432 +178258 68 3 1
a contact +177432 +178258 3 68 1
a contact +183611 +184404 68 3 1
a contact +183611 +184404 3 68 1
a contact +189759 +190582 68 3 1
a contact +189759 +190582 3 68 1
a contact +195862 +196742 68 3 1
a contact +195862 +196742 3 68 1
a contact +201933 +202838 68 3 1
a contact +201933 +202838 3 68 1
a contact +207982 +208849 68 3 1
a contact +207982 +208849 3 68 1
a contact +214011 +214773 68 3 1
a contact +214011 +214773 3 68 1
a contact +220011 +220636 68 3 1
a contact +220011 +220636 3 68 1
a contact +225955 +226496 68 3 1
a contact +225955 +226496 3 68 1
a contact +231827 +232420 68 3 1
a contact +231827 +232420 3 68 1
a contact +237679 +238408 68 3 1
a contact +237679 +238408 3 68 1
a contact +243582 +244431 68 3 1
a contact +243582 +244431 3 68 1
a contact +249567 +250474 68 3 1
a contact +249567 +250474 3 68 1
a contact +255639 +256538 68 3 1
a contact +255639 +256538 3 68 1
a contact +261786 +262630 68 3 1
a contact +261786 +262630 3 68 1
a contact +267966 +268763 68 3 1
a contact +267966 +268763 3 68 1
a contact +274126 +274935 68 3 1
a contact +274126 +274935 3 68 1
a contact +280242 +281106 68 3 1
a contact +280242 +281106 3 68 1
a contact +286321 +287225 68 3 1
a contact +286321 +287225 3 68 1
a contact +292375 +293261 68 3 1
a contact +292375 +293261 3 68 1
a contact +298411 +299209 68 3 1
a contact +298411 +299209 3 68 1
a contact +304421 +305086 68 3 1
a contact +304421 +305086 3 68 1
a contact +310385 +310938 68 3 1
a contact +310385 +310938 3 68 1
a contact +316276 +316840 68 3 1
a contact +316276 +316840 3 68 1
a contact +322126 +322813 68 3 1
a contact +322126 +322813 3 68 1
a contact +328009 +328828 68 3 1
a contact +328009 +328828 3 68 1
a contact +333968 +334866 68 3 1
a contact +333968 +334866 3 68 1
a contact +340015 +340923 68 3 1
a contact +340015 +340923 3 68 1
a contact +346143 +347005 68 3 1
a contact +346143 +347005 3 68 1
a contact +352319 +353125 68 3 1
a contact +352319 +353125 3 68 1
a contact +358490 +359288 68 3 1
a contact +358490 +359288 3 68 1
a contact +364618 +365466 68 3 1
a contact +364618 +365466 3 68 1
a contact +370706 +371604 68 3 1
a contact +370706 +371604 3 68 1
a contact +376767 +377665 68 3 1
a contact +376767 +377665 3 68 1
a contact +382808 +383639 68 3 1
a contact +382808 +383639 3 68 1
a contact +388827 +389533 68 3 1
a contact +388827 +389533 3 68 1
a contact +394809 +395385 68 3 1
a contact +394809 +395385 3 68 1
a contact +400721 +401267 68 3 1
a contact +400721 +401267 3 68 1
a contact +406575 +407221 68 3 1
a contact +406575 +407221 3 68 1
a contact +412442 +413227 68 3 1
a contact +412442 +413227 3 68 1
a contact +418377 +419259 68 3 1
a contact +418377 +419259 3 68 1
a contact +424398 +425310 68 3 1
a contact +424398 +425310 3 68 1
a contact +430505 +431384 68 3 1
a contact +430505 +431384 3 68 1
a contact +436672 +437491 68 3 1
a contact +436672 +437491 3 68 1
a contact +442849 +443643 68 3 1
a contact +442849 +443643 3 68 1
a contact +448991 +449821 68 3 1
a contact +448991 +449821 3 68 1
a contact +455090 +455976 68 3 1
a contact +455090 +455976 3 68 1
a contact +461158 +462062 68 3 1
a contact +461158 +462062 3 68 1
a contact +467204 +468062 68 3 1
a contact +467204 +468062 3 68 1
a contact +473231 +473977 68 3 1
a contact +473231 +473977 3 68 1
a contact +479226 +479835 68 3 1
a contact +479226 +479835 3 68 1
a contact +485161 +485700 68 3 1
a contact +485161 +485700 3 68 1
a contact +491026 +491634 68 3 1
a contact +491026 +491634 3 68 1
a contact +496882 +497628 68 3 1
a contact +496882 +497628 3 68 1
a contact +502793 +503653 68 3 1
a contact +502793 +503653 3 68 1
a contact +508789 +509699 68 3 1
a contact +508789 +509699 3 68 1
a contact +514872 +515765 68 3 1
a contact +514872 +515765 3 68 1
a contact +521025 +521861 68 3 1
a contact +521025 +521861 3 68 1
a contact +527205 +528000 68 3 1
a contact +527205 +528000 3 68 1
a contact +533360 +534175 68 3 1
a contact +533360 +534175 3 68 1
a contact +539471 +540342 68 3 1
a contact +539471 +540342 3 68 1
a contact +545546 +546452 68 3 1
a contact +545546 +546452 3 68 1
a contact +551599 +552477 68 3 1
a contact +551599 +552477 3 68 1
a contact +557631 +558416 68 3 1
a contact +557631 +558416 3 68 1
a contact +563638 +564286 68 3 1
a contact +563638 +564286 3 68 1
a contact +569594 +570140 68 3 1
a contact +569594 +570140 3 68 1
a contact +575476 +576051 68 3 1
a contact +575476 +576051 3 68 1
a contact +581326 +582031 68 3 1
a contact +581326 +582031 3 68 1
a contact +587217 +588049 68 3 1
a contact +587217 +588049 3 68 1
a contact +593187 +594089 68 3 1
a contact +593187 +594089 3 68 1
a contact +599245 +600149 68 3 1
a contact +599245 +600149 3 68 1
a contact +1987 +2844 69 3 1
a contact +1987 +2844 3 69 1
a contact +8164 +8967 69 3 1
a contact +8164 +8967 3 69 1
a contact +14332 +15133 69 3 1
a contact +14332 +15133 3 69 1
a contact +20457 +21309 69 3 1
a contact +20457 +21309 3 69 1
a contact +26543 +27442 69 3 1
a contact +26543 +27442 3 69 1
a contact +32602 +33497 69 3 1
a contact +32602 +33497 3 69 1
a contact +38641 +39464 69 3 1
a contact +38641 +39464 3 69 1
a contact +44658 +45353 69 3 1
a contact +44658 +45353 3 69 1
a contact +50635 +51204 69 3 1
a contact +50635 +51204 3 69 1
a contact +56541 +57091 69 3 1
a contact +56541 +57091 3 69 1
a contact +62393 +63051 69 3 1
a contact +62393 +63051 3 69 1
a contact +68264 +69059 69 3 1
a contact +68264 +69059 3 69 1
a contact +74205 +75092 69 3 1
a contact +74205 +75092 3 69 1
a contact +80234 +81145 69 3 1
a contact +80234 +81145 3 69 1
a contact +86347 +87221 69 3 1
a contact +86347 +87221 3 69 1
a contact +92517 +93332 69 3 1
a contact +92517 +93332 3 69 1
a contact +98693 +99487 69 3 1
a contact +98693 +99487 3 69 1
a contact +104831 +105666 69 3 1
a contact +104831 +105666 3 69 1
a contact +110927 +111816 69 3 1
a contact +110927 +111816 3 69 1
a contact +116993 +117896 69 3 1
a contact +116993 +117896 3 69 1
a contact +123038 +123888 69 3 1
a contact +123038 +123888 3 69 1
a contact +129062 +129797 69 3 1
a contact +129062 +129797 3 69 1
a contact +135054 +135653 69 3 1
a contact +135054 +135653 3 69 1
a contact +140983 +141522 69 3 1
a contact +140983 +141522 3 69 1
a contact +146844 +147462 69 3 1
a contact +146844 +147462 3 69 1
a contact +152702 +153459 69 3 1
a contact +152702 +153459 3 69 1
a contact +158620 +159487 69 3 1
a contact +158620 +159487 3 69 1
a contact +164623 +165534 69 3 1
a contact +164623 +165534 3 69 1
a contact +170712 +171602 69 3 1
a contact +170712 +171602 3 69 1
a contact +176870 +177701 69 3 1
a contact +176870 +177701 3 69 1
a contact +183050 +183843 69 3 1
a contact +183050 +183843 3 69 1
a contact +189201 +190020 69 3 1
a contact +189201 +190020 3 69 1
a contact +195308 +196184 69 3 1
a contact +195308 +196184 3 69 1
a contact +201382 +202287 69 3 1
a contact +201382 +202287 3 69 1
a contact +207432 +208306 69 3 1
a contact +207432 +208306 3 69 1
a contact +213463 +214238 69 3 1
a contact +213463 +214238 3 69 1
a contact +219467 +220104 69 3 1
a contact +219467 +220104 3 69 1
a contact +225418 +225961 69 3 1
a contact +225418 +225961 3 69 1
a contact +231295 +231878 69 3 1
a contact +231295 +231878 3 69 1
a contact +237146 +237862 69 3 1
a contact +237146 +237862 3 69 1
a contact +243042 +243882 69 3 1
a contact +243042 +243882 3 69 1
a contact +249018 +249924 69 3 1
a contact +249018 +249924 3 69 1
a contact +255084 +255985 69 3 1
a contact +255084 +255985 3 69 1
a contact +261225 +262074 69 3 1
a contact +261225 +262074 3 69 1
a contact +267404 +268203 69 3 1
a contact +267404 +268203 3 69 1
a contact +273568 +274373 69 3 1
a contact +273568 +274373 3 69 1
a contact +279687 +280546 69 3 1
a contact +279687 +280546 3 69 1
a contact +285769 +286671 69 3 1
a contact +285769 +286671 3 69 1
a contact +291825 +292715 69 3 1
a contact +291825 +292715 3 69 1
a contact +297863 +298672 69 3 1
a contact +297863 +298672 3 69 1
a contact +303876 +304553 69 3 1
a contact +303876 +304553 3 69 1
a contact +309846 +310405 69 3 1
a contact +309846 +310405 3 69 1
a contact +315743 +316300 69 3 1
a contact +315743 +316300 3 69 1
a contact +321593 +322268 69 3 1
a contact +321593 +322268 3 69 1
a contact +327471 +328280 69 3 1
a contact +327471 +328280 3 69 1
a contact +333422 +334316 69 3 1
a contact +333422 +334316 3 69 1
a contact +339462 +340371 69 3 1
a contact +339462 +340371 3 69 1
a contact +345583 +346451 69 3 1
a contact +345583 +346451 3 69 1
a contact +351757 +352566 69 3 1
a contact +351757 +352566 3 69 1
a contact +357930 +358726 69 3 1
a contact +357930 +358726 3 69 1
a contact +364063 +364904 69 3 1
a contact +364063 +364904 3 69 1
a contact +370154 +371048 69 3 1
a contact +370154 +371048 3 69 1
a contact +376217 +377118 69 3 1
a contact +376217 +377118 3 69 1
a contact +382260 +383099 69 3 1
a contact +382260 +383099 3 69 1
a contact +388281 +389000 69 3 1
a contact +388281 +389000 3 69 1
a contact +394267 +394853 69 3 1
a contact +394267 +394853 3 69 1
a contact +400187 +400729 69 3 1
a contact +400187 +400729 3 69 1
a contact +406043 +406677 69 3 1
a contact +406043 +406677 3 69 1
a contact +411906 +412679 69 3 1
a contact +411906 +412679 3 69 1
a contact +417833 +418709 69 3 1
a contact +417833 +418709 3 69 1
a contact +423847 +424759 69 3 1
a contact +423847 +424759 3 69 1
a contact +429946 +430830 69 3 1
a contact +429946 +430830 3 69 1
a contact +436109 +436934 69 3 1
a contact +436109 +436934 3 69 1
a contact +442288 +443081 69 3 1
a contact +442288 +443081 3 69 1
a contact +448434 +449259 69 3 1
a contact +448434 +449259 3 69 1
a contact +454537 +455418 69 3 1
a contact +454537 +455418 3 69 1
a contact +460607 +461512 69 3 1
a contact +460607 +461512 3 69 1
a contact +466655 +467520 69 3 1
a contact +466655 +467520 3 69 1
a contact +472684 +473442 69 3 1
a contact +472684 +473442 3 69 1
a contact +478682 +479303 69 3 1
a contact +478682 +479303 3 69 1
a contact +484624 +485164 69 3 1
a contact +484624 +485164 3 69 1
a contact +490494 +491091 69 3 1
a contact +490494 +491091 3 69 1
a contact +496348 +497081 69 3 1
a contact +496348 +497081 3 69 1
a contact +502252 +503104 69 3 1
a contact +502252 +503104 3 69 1
a contact +508240 +509148 69 3 1
a contact +508240 +509148 3 69 1
a contact +514315 +515212 69 3 1
a contact +514315 +515212 3 69 1
a contact +520463 +521305 69 3 1
a contact +520463 +521305 3 69 1
a contact +526644 +527440 69 3 1
a contact +526644 +527440 3 69 1
a contact +532802 +533613 69 3 1
a contact +532802 +533613 3 69 1
a contact +538917 +539783 69 3 1
a contact +538917 +539783 3 69 1
a contact +544995 +545899 69 3 1
a contact +544995 +545899 3 69 1
a contact +551049 +551933 69 3 1
a contact +551049 +551933 3 69 1
a contact +557083 +557879 69 3 1
a contact +557083 +557879 3 69 1
a contact +563093 +563754 69 3 1
a contact +563093 +563754 3 69 1
a contact +569055 +569606 69 3 1
a contact +569055 +569606 3 69 1
a contact +574944 +575510 69 3 1
a contact +574944 +575510 3 69 1
a contact +580794 +581485 69 3 1
a contact +580794 +581485 3 69 1
a contact +586678 +587501 69 3 1
a contact +586678 +587501 3 69 1
a contact +592640 +593539 69 3 1
a contact +592640 +593539 3 69 1
a contact +598690 +599597 69 3 1
a contact +598690 +599597 3 69 1
a contact +1425 +2288 70 3 1
a contact +1425 +2288 3 70 1
a contact +7601 +8407 70 3 1
a contact +7601 +8407 3 70 1
a contact +13772 +14570 70 3 1
a contact +13772 +14570 3 70 1
a contact +19901 +20747 70 3 1
a contact +19901 +20747 3 70 1
a contact +25989 +26886 70 3 1
a contact +25989 +26886 3 70 1
a contact +32050 +32949 70 3 1
a contact +32050 +32949 3 70 1
a contact +38092 +38923 70 3 1
a contact +38092 +38923 3 70 1
a contact +44111 +44818 70 3 1
a contact +44111 +44818 3 70 1
a contact +50093 +50670 70 3 1
a contact +50093 +50670 3 70 1
a contact +56006 +56551 70 3 1
a contact +56006 +56551 3 70 1
a contact +61860 +62505 70 3 1
a contact +61860 +62505 3 70 1
a contact +67727 +68510 70 3 1
a contact +67727 +68510 3 70 1
a contact +73660 +74542 70 3 1
a contact +73660 +74542 3 70 1
a contact +79681 +80593 70 3 1
a contact +79681 +80593 3 70 1
a contact +85787 +86666 70 3 1
a contact +85787 +86666 3 70 1
a contact +91953 +92773 70 3 1
a contact +91953 +92773 3 70 1
a contact +98131 +98925 70 3 1
a contact +98131 +98925 3 70 1
a contact +104273 +105103 70 3 1
a contact +104273 +105103 3 70 1
a contact +110373 +111258 70 3 1
a contact +110373 +111258 3 70 1
a contact +116441 +117345 70 3 1
a contact +116441 +117345 3 70 1
a contact +122487 +123346 70 3 1
a contact +122487 +123346 3 70 1
a contact +128514 +129262 70 3 1
a contact +128514 +129262 3 70 1
a contact +134510 +135120 70 3 1
a contact +134510 +135120 3 70 1
a contact +140446 +140985 70 3 1
a contact +140446 +140985 3 70 1
a contact +146311 +146917 70 3 1
a contact +146311 +146917 3 70 1
a contact +152167 +152911 70 3 1
a contact +152167 +152911 3 70 1
a contact +158077 +158936 70 3 1
a contact +158077 +158936 3 70 1
a contact +164072 +164982 70 3 1
a contact +164072 +164982 3 70 1
a contact +170154 +171048 70 3 1
a contact +170154 +171048 3 70 1
a contact +176307 +177144 70 3 1
a contact +176307 +177144 3 70 1
a contact +182487 +183282 70 3 1
a contact +182487 +183282 3 70 1
a contact +188643 +189457 70 3 1
a contact +188643 +189457 3 70 1
a contact +194753 +195624 70 3 1
a contact +194753 +195624 3 70 1
a contact +200829 +201734 70 3 1
a contact +200829 +201734 3 70 1
a contact +206882 +207761 70 3 1
a contact +206882 +207761 3 70 1
a contact +212915 +213700 70 3 1
a contact +212915 +213700 3 70 1
a contact +218921 +219571 70 3 1
a contact +218921 +219571 3 70 1
a contact +224878 +225425 70 3 1
a contact +224878 +225425 3 70 1
a contact +230761 +231335 70 3 1
a contact +230761 +231335 3 70 1
a contact +236611 +237315 70 3 1
a contact +236611 +237315 3 70 1
a contact +242501 +243333 70 3 1
a contact +242501 +243333 3 70 1
a contact +248470 +249372 70 3 1
a contact +248470 +249372 3 70 1
a contact +254527 +255432 70 3 1
a contact +254527 +255432 3 70 1
a contact +260663 +261518 70 3 1
a contact +260663 +261518 3 70 1
a contact +266841 +267643 70 3 1
a contact +266841 +267643 3 70 1
a contact +273008 +273809 70 3 1
a contact +273008 +273809 3 70 1
a contact +279131 +279985 70 3 1
a contact +279131 +279985 3 70 1
a contact +285216 +286116 70 3 1
a contact +285216 +286116 3 70 1
a contact +291274 +292168 70 3 1
a contact +291274 +292168 3 70 1
a contact +297313 +298132 70 3 1
a contact +297313 +298132 3 70 1
a contact +303329 +304019 70 3 1
a contact +303329 +304019 3 70 1
a contact +309304 +309871 70 3 1
a contact +309304 +309871 3 70 1
a contact +315208 +315759 70 3 1
a contact +315208 +315759 3 70 1
a contact +321060 +321721 70 3 1
a contact +321060 +321721 3 70 1
a contact +326932 +327731 70 3 1
a contact +326932 +327731 3 70 1
a contact +332876 +333765 70 3 1
a contact +332876 +333765 3 70 1
a contact +338908 +339818 70 3 1
a contact +338908 +339818 3 70 1
a contact +345023 +345895 70 3 1
a contact +345023 +345895 3 70 1
a contact +351193 +352007 70 3 1
a contact +351193 +352007 3 70 1
a contact +357369 +358163 70 3 1
a contact +357369 +358163 3 70 1
a contact +363505 +364342 70 3 1
a contact +363505 +364342 3 70 1
a contact +369600 +370491 70 3 1
a contact +369600 +370491 3 70 1
a contact +375665 +376568 70 3 1
a contact +375665 +376568 3 70 1
a contact +381710 +382558 70 3 1
a contact +381710 +382558 3 70 1
a contact +387733 +388465 70 3 1
a contact +387733 +388465 3 70 1
a contact +393724 +394320 70 3 1
a contact +393724 +394320 3 70 1
a contact +399650 +400190 70 3 1
a contact +399650 +400190 3 70 1
a contact +405510 +406132 70 3 1
a contact +405510 +406132 3 70 1
a contact +411370 +412131 70 3 1
a contact +411370 +412131 3 70 1
a contact +417290 +418159 70 3 1
a contact +417290 +418159 3 70 1
a contact +423295 +424206 70 3 1
a contact +423295 +424206 3 70 1
a contact +429387 +430276 70 3 1
a contact +429387 +430276 3 70 1
a contact +435546 +436376 70 3 1
a contact +435546 +436376 3 70 1
a contact +441726 +442519 70 3 1
a contact +441726 +442519 3 70 1
a contact +447876 +448696 70 3 1
a contact +447876 +448696 3 70 1
a contact +453982 +454859 70 3 1
a contact +453982 +454859 3 70 1
a contact +460055 +460960 70 3 1
a contact +460055 +460960 3 70 1
a contact +466105 +466976 70 3 1
a contact +466105 +466976 3 70 1
a contact +472135 +472905 70 3 1
a contact +472135 +472905 3 70 1
a contact +478137 +478770 70 3 1
a contact +478137 +478770 3 70 1
a contact +484086 +484628 70 3 1
a contact +484086 +484628 3 70 1
a contact +489961 +490548 70 3 1
a contact +489961 +490548 3 70 1
a contact +495813 +496533 70 3 1
a contact +495813 +496533 3 70 1
a contact +501711 +502554 70 3 1
a contact +501711 +502554 3 70 1
a contact +507690 +508596 70 3 1
a contact +507690 +508596 3 70 1
a contact +513758 +514659 70 3 1
a contact +513758 +514659 3 70 1
a contact +519901 +520748 70 3 1
a contact +519901 +520748 3 70 1
a contact +526080 +526879 70 3 1
a contact +526080 +526879 3 70 1
a contact +532243 +533049 70 3 1
a contact +532243 +533049 3 70 1
a contact +538361 +539222 70 3 1
a contact +538361 +539222 3 70 1
a contact +544442 +545345 70 3 1
a contact +544442 +545345 3 70 1
a contact +550498 +551386 70 3 1
a contact +550498 +551386 3 70 1
a contact +556534 +557340 70 3 1
a contact +556534 +557340 3 70 1
a contact +562547 +563220 70 3 1
a contact +562547 +563220 3 70 1
a contact +568515 +569072 70 3 1
a contact +568515 +569072 3 70 1
a contact +574410 +574969 70 3 1
a contact +574410 +574969 3 70 1
a contact +580260 +580938 70 3 1
a contact +580260 +580938 3 70 1
a contact +586139 +586951 70 3 1
a contact +586139 +586951 3 70 1
a contact +592093 +592988 70 3 1
a contact +592093 +592988 3 70 1
a contact +598135 +599044 70 3 1
a contact +598135 +599044 3 70 1
a contact +604259 +604800 70 3 1
a contact +604259 +604800 3 70 1
a contact +863 +1731 71 3 1
a contact +863 +1731 3 71 1
a contact +7037 +7847 71 3 1
a contact +7037 +7847 3 71 1
a contact +13210 +14006 71 3 1
a contact +13210 +14006 3 71 1
a contact +19343 +20184 71 3 1
a contact +19343 +20184 3 71 1
a contact +25435 +26329 71 3 1
a contact +25435 +26329 3 71 1
a contact +31498 +32399 71 3 1
a contact +31498 +32399 3 71 1
a contact +37541 +38382 71 3 1
a contact +37541 +38382 3 71 1
a contact +43563 +44283 71 3 1
a contact +43563 +44283 3 71 1
a contact +49549 +50136 71 3 1
a contact +49549 +50136 3 71 1
a contact +55470 +56011 71 3 1
a contact +55470 +56011 3 71 1
a contact +61327 +61959 71 3 1
a contact +61327 +61959 3 71 1
a contact +67189 +67961 71 3 1
a contact +67189 +67961 3 71 1
a contact +73115 +73990 71 3 1
a contact +73115 +73990 3 71 1
a contact +79128 +80040 71 3 1
a contact +79128 +80040 3 71 1
a contact +85227 +86111 71 3 1
a contact +85227 +86111 3 71 1
a contact +91389 +92214 71 3 1
a contact +91389 +92214 3 71 1
a contact +97568 +98362 71 3 1
a contact +97568 +98362 3 71 1
a contact +103715 +104539 71 3 1
a contact +103715 +104539 3 71 1
a contact +109817 +110699 71 3 1
a contact +109817 +110699 3 71 1
a contact +115888 +116793 71 3 1
a contact +115888 +116793 3 71 1
a contact +121936 +122802 71 3 1
a contact +121936 +122802 3 71 1
a contact +127965 +128725 71 3 1
a contact +127965 +128725 3 71 1
a contact +133964 +134587 71 3 1
a contact +133964 +134587 3 71 1
a contact +139907 +140447 71 3 1
a contact +139907 +140447 3 71 1
a contact +145777 +146373 71 3 1
a contact +145777 +146373 3 71 1
a contact +151631 +152362 71 3 1
a contact +151631 +152362 3 71 1
a contact +157535 +158386 71 3 1
a contact +157535 +158386 3 71 1
a contact +163521 +164429 71 3 1
a contact +163521 +164429 3 71 1
a contact +169596 +170493 71 3 1
a contact +169596 +170493 3 71 1
a contact +175743 +176586 71 3 1
a contact +175743 +176586 3 71 1
a contact +181924 +182720 71 3 1
a contact +181924 +182720 3 71 1
a contact +188083 +188892 71 3 1
a contact +188083 +188892 3 71 1
a contact +194197 +195063 71 3 1
a contact +194197 +195063 3 71 1
a contact +200276 +201180 71 3 1
a contact +200276 +201180 3 71 1
a contact +206330 +207215 71 3 1
a contact +206330 +207215 3 71 1
a contact +212365 +213161 71 3 1
a contact +212365 +213161 3 71 1
a contact +218375 +219037 71 3 1
a contact +218375 +219037 3 71 1
a contact +224338 +224889 71 3 1
a contact +224338 +224889 3 71 1
a contact +230227 +230793 71 3 1
a contact +230227 +230793 3 71 1
a contact +236077 +236767 71 3 1
a contact +236077 +236767 3 71 1
a contact +241961 +242782 71 3 1
a contact +241961 +242782 3 71 1
a contact +247922 +248821 71 3 1
a contact +247922 +248821 3 71 1
a contact +253971 +254878 71 3 1
a contact +253971 +254878 3 71 1
a contact +260100 +260961 71 3 1
a contact +260100 +260961 3 71 1
a contact +266277 +267082 71 3 1
a contact +266277 +267082 3 71 1
a contact +272446 +273246 71 3 1
a contact +272446 +273246 3 71 1
a contact +278574 +279423 71 3 1
a contact +278574 +279423 3 71 1
a contact +284662 +285560 71 3 1
a contact +284662 +285560 3 71 1
a contact +290722 +291620 71 3 1
a contact +290722 +291620 3 71 1
a contact +296763 +297592 71 3 1
a contact +296763 +297592 3 71 1
a contact +302781 +303485 71 3 1
a contact +302781 +303485 3 71 1
a contact +308762 +309336 71 3 1
a contact +308762 +309336 3 71 1
a contact +314673 +315219 71 3 1
a contact +314673 +315219 3 71 1
a contact +320526 +321175 71 3 1
a contact +320526 +321175 3 71 1
a contact +326394 +327181 71 3 1
a contact +326394 +327181 3 71 1
a contact +332330 +333213 71 3 1
a contact +332330 +333213 3 71 1
a contact +338353 +339265 71 3 1
a contact +338353 +339265 3 71 1
a contact +344462 +345339 71 3 1
a contact +344462 +345339 3 71 1
a contact +350629 +351448 71 3 1
a contact +350629 +351448 3 71 1
a contact +356806 +357600 71 3 1
a contact +356806 +357600 3 71 1
a contact +362947 +363779 71 3 1
a contact +362947 +363779 3 71 1
a contact +369045 +369932 71 3 1
a contact +369045 +369932 3 71 1
a contact +375113 +376017 71 3 1
a contact +375113 +376017 3 71 1
a contact +381159 +382015 71 3 1
a contact +381159 +382015 3 71 1
a contact +387185 +387929 71 3 1
a contact +387185 +387929 3 71 1
a contact +393179 +393786 71 3 1
a contact +393179 +393786 3 71 1
a contact +399113 +399652 71 3 1
a contact +399113 +399652 3 71 1
a contact +404977 +405587 71 3 1
a contact +404977 +405587 3 71 1
a contact +410833 +411582 71 3 1
a contact +410833 +411582 3 71 1
a contact +416746 +417608 71 3 1
a contact +416746 +417608 3 71 1
a contact +422743 +423654 71 3 1
a contact +422743 +423654 3 71 1
a contact +428828 +429721 71 3 1
a contact +428828 +429721 3 71 1
a contact +434983 +435817 71 3 1
a contact +434983 +435817 3 71 1
a contact +441163 +441957 71 3 1
a contact +441163 +441957 3 71 1
a contact +447317 +448132 71 3 1
a contact +447317 +448132 3 71 1
a contact +453426 +454299 71 3 1
a contact +453426 +454299 3 71 1
a contact +459501 +460407 71 3 1
a contact +459501 +460407 3 71 1
a contact +465553 +466431 71 3 1
a contact +465553 +466431 3 71 1
a contact +471586 +472367 71 3 1
a contact +471586 +472367 3 71 1
a contact +477591 +478237 71 3 1
a contact +477591 +478237 3 71 1
a contact +483546 +484092 71 3 1
a contact +483546 +484092 3 71 1
a contact +489427 +490004 71 3 1
a contact +489427 +490004 3 71 1
a contact +495278 +495985 71 3 1
a contact +495278 +495985 3 71 1
a contact +501170 +502004 71 3 1
a contact +501170 +502004 3 71 1
a contact +507141 +508044 71 3 1
a contact +507141 +508044 3 71 1
a contact +513201 +514104 71 3 1
a contact +513201 +514104 3 71 1
a contact +519338 +520191 71 3 1
a contact +519338 +520191 3 71 1
a contact +525517 +526317 71 3 1
a contact +525517 +526317 3 71 1
a contact +531682 +532485 71 3 1
a contact +531682 +532485 3 71 1
a contact +537804 +538660 71 3 1
a contact +537804 +538660 3 71 1
a contact +543888 +544789 71 3 1
a contact +543888 +544789 3 71 1
a contact +549946 +550839 71 3 1
a contact +549946 +550839 3 71 1
a contact +555984 +556800 71 3 1
a contact +555984 +556800 3 71 1
a contact +561999 +562686 71 3 1
a contact +561999 +562686 3 71 1
a contact +567973 +568537 71 3 1
a contact +567973 +568537 3 71 1
a contact +573875 +574428 71 3 1
a contact +573875 +574428 3 71 1
a contact +579726 +580391 71 3 1
a contact +579726 +580391 3 71 1
a contact +585600 +586402 71 3 1
a contact +585600 +586402 3 71 1
a contact +591546 +592436 71 3 1
a contact +591546 +592436 3 71 1
a contact +597580 +598490 71 3 1
a contact +597580 +598490 3 71 1
a contact +603697 +604568 71 3 1
a contact +603697 +604568 3 71 1
a contact +302 +1175 72 3 1
a contact +302 +1175 3 72 1
a contact +6473 +7287 72 3 1
a contact +6473 +7287 3 72 1
a contact +12648 +13443 72 3 1
a contact +12648 +13443 3 72 1
a contact +18785 +19621 72 3 1
a contact +18785 +19621 3 72 1
a contact +24880 +25771 72 3 1
a contact +24880 +25771 3 72 1
a contact +30946 +31849 72 3 1
a contact +30946 +31849 3 72 1
a contact +36990 +37839 72 3 1
a contact +36990 +37839 3 72 1
a contact +43014 +43747 72 3 1
a contact +43014 +43747 3 72 1
a contact +49005 +49603 72 3 1
a contact +49005 +49603 3 72 1
a contact +54933 +55472 72 3 1
a contact +54933 +55472 3 72 1
a contact +60793 +61413 72 3 1
a contact +60793 +61413 3 72 1
a contact +66652 +67412 72 3 1
a contact +66652 +67412 3 72 1
a contact +72571 +73439 72 3 1
a contact +72571 +73439 3 72 1
a contact +78576 +79487 72 3 1
a contact +78576 +79487 3 72 1
a contact +84667 +85556 72 3 1
a contact +84667 +85556 3 72 1
a contact +90825 +91656 72 3 1
a contact +90825 +91656 3 72 1
a contact +97005 +97799 72 3 1
a contact +97005 +97799 3 72 1
a contact +103156 +103975 72 3 1
a contact +103156 +103975 3 72 1
a contact +109262 +110139 72 3 1
a contact +109262 +110139 3 72 1
a contact +115335 +116241 72 3 1
a contact +115335 +116241 3 72 1
a contact +121385 +122257 72 3 1
a contact +121385 +122257 3 72 1
a contact +127416 +128188 72 3 1
a contact +127416 +128188 3 72 1
a contact +133419 +134053 72 3 1
a contact +133419 +134053 3 72 1
a contact +139368 +139910 72 3 1
a contact +139368 +139910 3 72 1
a contact +145244 +145829 72 3 1
a contact +145244 +145829 3 72 1
a contact +151095 +151814 72 3 1
a contact +151095 +151814 3 72 1
a contact +156993 +157835 72 3 1
a contact +156993 +157835 3 72 1
a contact +162971 +163877 72 3 1
a contact +162971 +163877 3 72 1
a contact +169038 +169939 72 3 1
a contact +169038 +169939 3 72 1
a contact +175180 +176028 72 3 1
a contact +175180 +176028 3 72 1
a contact +181360 +182158 72 3 1
a contact +181360 +182158 3 72 1
a contact +187522 +188328 72 3 1
a contact +187522 +188328 3 72 1
a contact +193641 +194502 72 3 1
a contact +193641 +194502 3 72 1
a contact +199722 +200625 72 3 1
a contact +199722 +200625 3 72 1
a contact +205779 +206668 72 3 1
a contact +205779 +206668 3 72 1
a contact +211815 +212622 72 3 1
a contact +211815 +212622 3 72 1
a contact +217828 +218503 72 3 1
a contact +217828 +218503 3 72 1
a contact +223797 +224354 72 3 1
a contact +223797 +224354 3 72 1
a contact +229692 +230251 72 3 1
a contact +229692 +230251 3 72 1
a contact +235542 +236220 72 3 1
a contact +235542 +236220 3 72 1
a contact +241421 +242232 72 3 1
a contact +241421 +242232 3 72 1
a contact +247374 +248269 72 3 1
a contact +247374 +248269 3 72 1
a contact +253415 +254324 72 3 1
a contact +253415 +254324 3 72 1
a contact +259538 +260404 72 3 1
a contact +259538 +260404 3 72 1
a contact +265713 +266521 72 3 1
a contact +265713 +266521 3 72 1
a contact +271885 +272682 72 3 1
a contact +271885 +272682 3 72 1
a contact +278017 +278860 72 3 1
a contact +278017 +278860 3 72 1
a contact +284107 +285002 72 3 1
a contact +284107 +285002 3 72 1
a contact +290170 +291070 72 3 1
a contact +290170 +291070 3 72 1
a contact +296212 +297050 72 3 1
a contact +296212 +297050 3 72 1
a contact +302233 +302949 72 3 1
a contact +302233 +302949 3 72 1
a contact +308218 +308802 72 3 1
a contact +308218 +308802 3 72 1
a contact +314136 +314679 72 3 1
a contact +314136 +314679 3 72 1
a contact +319992 +320629 72 3 1
a contact +319992 +320629 3 72 1
a contact +325856 +326632 72 3 1
a contact +325856 +326632 3 72 1
a contact +331785 +332662 72 3 1
a contact +331785 +332662 3 72 1
a contact +337800 +338712 72 3 1
a contact +337800 +338712 3 72 1
a contact +343901 +344784 72 3 1
a contact +343901 +344784 3 72 1
a contact +350065 +350888 72 3 1
a contact +350065 +350888 3 72 1
a contact +356244 +357037 72 3 1
a contact +356244 +357037 3 72 1
a contact +362389 +363215 72 3 1
a contact +362389 +363215 3 72 1
a contact +368490 +369373 72 3 1
a contact +368490 +369373 3 72 1
a contact +374560 +375465 72 3 1
a contact +374560 +375465 3 72 1
a contact +380608 +381471 72 3 1
a contact +380608 +381471 3 72 1
a contact +386636 +387392 72 3 1
a contact +386636 +387392 3 72 1
a contact +392634 +393253 72 3 1
a contact +392634 +393253 3 72 1
a contact +398575 +399114 72 3 1
a contact +398575 +399114 3 72 1
a contact +404443 +405042 72 3 1
a contact +404443 +405042 3 72 1
a contact +410297 +411033 72 3 1
a contact +410297 +411033 3 72 1
a contact +416203 +417057 72 3 1
a contact +416203 +417057 3 72 1
a contact +422192 +423101 72 3 1
a contact +422192 +423101 3 72 1
a contact +428269 +429166 72 3 1
a contact +428269 +429166 3 72 1
a contact +434419 +435260 72 3 1
a contact +434419 +435260 3 72 1
a contact +440599 +441395 72 3 1
a contact +440599 +441395 3 72 1
a contact +446757 +447568 72 3 1
a contact +446757 +447568 3 72 1
a contact +452870 +453738 72 3 1
a contact +452870 +453738 3 72 1
a contact +458948 +459853 72 3 1
a contact +458948 +459853 3 72 1
a contact +465002 +465885 72 3 1
a contact +465002 +465885 3 72 1
a contact +471036 +471829 72 3 1
a contact +471036 +471829 3 72 1
a contact +477045 +477703 72 3 1
a contact +477045 +477703 3 72 1
a contact +483006 +483556 72 3 1
a contact +483006 +483556 3 72 1
a contact +488893 +489461 72 3 1
a contact +488893 +489461 3 72 1
a contact +494743 +495437 72 3 1
a contact +494743 +495437 3 72 1
a contact +500629 +501454 72 3 1
a contact +500629 +501454 3 72 1
a contact +506592 +507492 72 3 1
a contact +506592 +507492 3 72 1
a contact +512644 +513550 72 3 1
a contact +512644 +513550 3 72 1
a contact +518776 +519634 72 3 1
a contact +518776 +519634 3 72 1
a contact +524952 +525756 72 3 1
a contact +524952 +525756 3 72 1
a contact +531121 +531921 72 3 1
a contact +531121 +531921 3 72 1
a contact +537248 +538098 72 3 1
a contact +537248 +538098 3 72 1
a contact +543334 +544233 72 3 1
a contact +543334 +544233 3 72 1
a contact +549394 +550290 72 3 1
a contact +549394 +550290 3 72 1
a contact +555434 +556260 72 3 1
a contact +555434 +556260 3 72 1
a contact +561452 +562151 72 3 1
a contact +561452 +562151 3 72 1
a contact +567430 +568002 72 3 1
a contact +567430 +568002 3 72 1
a contact +573339 +573887 72 3 1
a contact +573339 +573887 3 72 1
a contact +579192 +579845 72 3 1
a contact +579192 +579845 3 72 1
a contact +585061 +585852 72 3 1
a contact +585061 +585852 3 72 1
a contact +591000 +591885 72 3 1
a contact +591000 +591885 3 72 1
a contact +597026 +597937 72 3 1
a contact +597026 +597937 3 72 1
a contact +603136 +604012 72 3 1
a contact +603136 +604012 3 72 1
a contact +0 +620 73 3 1
a contact +0 +620 3 73 1
a contact +5909 +6728 73 3 1
a contact +5909 +6728 3 73 1
a contact +12086 +12880 73 3 1
a contact +12086 +12880 3 73 1
a contact +18228 +19059 73 3 1
a contact +18228 +19059 3 73 1
a contact +24326 +25213 73 3 1
a contact +24326 +25213 3 73 1
a contact +30394 +31298 73 3 1
a contact +30394 +31298 3 73 1
a contact +36440 +37297 73 3 1
a contact +36440 +37297 3 73 1
a contact +42466 +43212 73 3 1
a contact +42466 +43212 3 73 1
a contact +48461 +49070 73 3 1
a contact +48461 +49070 3 73 1
a contact +54396 +54935 73 3 1
a contact +54396 +54935 3 73 1
a contact +60260 +60869 73 3 1
a contact +60260 +60869 3 73 1
a contact +66116 +66863 73 3 1
a contact +66116 +66863 3 73 1
a contact +72028 +72889 73 3 1
a contact +72028 +72889 3 73 1
a contact +78025 +78935 73 3 1
a contact +78025 +78935 3 73 1
a contact +84109 +85002 73 3 1
a contact +84109 +85002 3 73 1
a contact +90262 +91098 73 3 1
a contact +90262 +91098 3 73 1
a contact +96443 +97237 73 3 1
a contact +96443 +97237 3 73 1
a contact +102597 +103412 73 3 1
a contact +102597 +103412 3 73 1
a contact +108707 +109579 73 3 1
a contact +108707 +109579 3 73 1
a contact +114783 +115688 73 3 1
a contact +114783 +115688 3 73 1
a contact +120835 +121713 73 3 1
a contact +120835 +121713 3 73 1
a contact +126867 +127650 73 3 1
a contact +126867 +127650 3 73 1
a contact +132873 +133520 73 3 1
a contact +132873 +133520 3 73 1
a contact +138829 +139375 73 3 1
a contact +138829 +139375 3 73 1
a contact +144710 +145286 73 3 1
a contact +144710 +145286 3 73 1
a contact +150561 +151267 73 3 1
a contact +150561 +151267 3 73 1
a contact +156452 +157285 73 3 1
a contact +156452 +157285 3 73 1
a contact +162422 +163326 73 3 1
a contact +162422 +163326 3 73 1
a contact +168481 +169385 73 3 1
a contact +168481 +169385 3 73 1
a contact +174618 +175472 73 3 1
a contact +174618 +175472 3 73 1
a contact +180796 +181598 73 3 1
a contact +180796 +181598 3 73 1
a contact +186962 +187765 73 3 1
a contact +186962 +187765 3 73 1
a contact +193085 +193940 73 3 1
a contact +193085 +193940 3 73 1
a contact +199169 +200070 73 3 1
a contact +199169 +200070 3 73 1
a contact +205227 +206121 73 3 1
a contact +205227 +206121 3 73 1
a contact +211266 +212083 73 3 1
a contact +211266 +212083 3 73 1
a contact +217281 +217969 73 3 1
a contact +217281 +217969 3 73 1
a contact +223255 +223820 73 3 1
a contact +223255 +223820 3 73 1
a contact +229158 +229710 73 3 1
a contact +229158 +229710 3 73 1
a contact +235009 +235673 73 3 1
a contact +235009 +235673 3 73 1
a contact +240883 +241683 73 3 1
a contact +240883 +241683 3 73 1
a contact +246828 +247718 73 3 1
a contact +246828 +247718 3 73 1
a contact +252861 +253772 73 3 1
a contact +252861 +253772 3 73 1
a contact +258978 +259849 73 3 1
a contact +258978 +259849 3 73 1
a contact +265149 +265962 73 3 1
a contact +265149 +265962 3 73 1
a contact +271324 +272119 73 3 1
a contact +271324 +272119 3 73 1
a contact +277460 +278297 73 3 1
a contact +277460 +278297 3 73 1
a contact +283554 +284445 73 3 1
a contact +283554 +284445 3 73 1
a contact +289618 +290521 73 3 1
a contact +289618 +290521 3 73 1
a contact +295663 +296509 73 3 1
a contact +295663 +296509 3 73 1
a contact +301686 +302414 73 3 1
a contact +301686 +302414 3 73 1
a contact +307675 +308269 73 3 1
a contact +307675 +308269 3 73 1
a contact +313600 +314141 73 3 1
a contact +313600 +314141 3 73 1
a contact +319460 +320084 73 3 1
a contact +319460 +320084 3 73 1
a contact +325320 +326083 73 3 1
a contact +325320 +326083 3 73 1
a contact +331241 +332112 73 3 1
a contact +331241 +332112 3 73 1
a contact +337248 +338160 73 3 1
a contact +337248 +338160 3 73 1
a contact +343342 +344229 73 3 1
a contact +343342 +344229 3 73 1
a contact +349502 +350330 73 3 1
a contact +349502 +350330 3 73 1
a contact +355681 +356475 73 3 1
a contact +355681 +356475 3 73 1
a contact +361831 +362652 73 3 1
a contact +361831 +362652 3 73 1
a contact +367936 +368814 73 3 1
a contact +367936 +368814 3 73 1
a contact +374008 +374913 73 3 1
a contact +374008 +374913 3 73 1
a contact +380058 +380927 73 3 1
a contact +380058 +380927 3 73 1
a contact +386088 +386855 73 3 1
a contact +386088 +386855 3 73 1
a contact +392089 +392720 73 3 1
a contact +392089 +392720 3 73 1
a contact +398036 +398578 73 3 1
a contact +398036 +398578 3 73 1
a contact +403910 +404499 73 3 1
a contact +403910 +404499 3 73 1
a contact +409762 +410485 73 3 1
a contact +409762 +410485 3 73 1
a contact +415662 +416507 73 3 1
a contact +415662 +416507 3 73 1
a contact +421643 +422550 73 3 1
a contact +421643 +422550 3 73 1
a contact +427712 +428612 73 3 1
a contact +427712 +428612 3 73 1
a contact +433856 +434703 73 3 1
a contact +433856 +434703 3 73 1
a contact +440036 +440834 73 3 1
a contact +440036 +440834 3 73 1
a contact +446198 +447005 73 3 1
a contact +446198 +447005 3 73 1
a contact +452315 +453177 73 3 1
a contact +452315 +453177 3 73 1
a contact +458395 +459299 73 3 1
a contact +458395 +459299 3 73 1
a contact +464451 +465339 73 3 1
a contact +464451 +465339 3 73 1
a contact +470487 +471291 73 3 1
a contact +470487 +471291 3 73 1
a contact +476499 +477169 73 3 1
a contact +476499 +477169 3 73 1
a contact +482466 +483021 73 3 1
a contact +482466 +483021 3 73 1
a contact +488359 +488920 73 3 1
a contact +488359 +488920 3 73 1
a contact +494209 +494891 73 3 1
a contact +494209 +494891 3 73 1
a contact +500090 +500904 73 3 1
a contact +500090 +500904 3 73 1
a contact +506045 +506941 73 3 1
a contact +506045 +506941 3 73 1
a contact +512089 +512997 73 3 1
a contact +512089 +512997 3 73 1
a contact +518214 +519078 73 3 1
a contact +518214 +519078 3 73 1
a contact +524389 +525196 73 3 1
a contact +524389 +525196 3 73 1
a contact +530561 +531358 73 3 1
a contact +530561 +531358 3 73 1
a contact +536691 +537536 73 3 1
a contact +536691 +537536 3 73 1
a contact +542781 +543677 73 3 1
a contact +542781 +543677 3 73 1
a contact +548843 +549742 73 3 1
a contact +548843 +549742 3 73 1
a contact +554884 +555719 73 3 1
a contact +554884 +555719 3 73 1
a contact +560905 +561616 73 3 1
a contact +560905 +561616 3 73 1
a contact +566888 +567469 73 3 1
a contact +566888 +567469 3 73 1
a contact +572804 +573347 73 3 1
a contact +572804 +573347 3 73 1
a contact +578659 +579299 73 3 1
a contact +578659 +579299 3 73 1
a contact +584524 +585303 73 3 1
a contact +584524 +585303 3 73 1
a contact +590455 +591334 73 3 1
a contact +590455 +591334 3 73 1
a contact +596473 +597385 73 3 1
a contact +596473 +597385 3 73 1
a contact +602576 +603457 73 3 1
a contact +602576 +603457 3 73 1
a contact +0 +66 74 3 1
a contact +0 +66 3 74 1
a contact +5347 +6171 74 3 1
a contact +5347 +6171 3 74 1
a contact +11525 +12319 74 3 1
a contact +11525 +12319 3 74 1
a contact +17671 +18497 74 3 1
a contact +17671 +18497 3 74 1
a contact +23773 +24655 74 3 1
a contact +23773 +24655 3 74 1
a contact +29843 +30748 74 3 1
a contact +29843 +30748 3 74 1
a contact +35891 +36755 74 3 1
a contact +35891 +36755 3 74 1
a contact +41919 +42677 74 3 1
a contact +41919 +42677 3 74 1
a contact +47918 +48538 74 3 1
a contact +47918 +48538 3 74 1
a contact +53859 +54399 74 3 1
a contact +53859 +54399 3 74 1
a contact +59728 +60326 74 3 1
a contact +59728 +60326 3 74 1
a contact +65582 +66317 74 3 1
a contact +65582 +66317 3 74 1
a contact +71487 +72340 74 3 1
a contact +71487 +72340 3 74 1
a contact +77476 +78384 74 3 1
a contact +77476 +78384 3 74 1
a contact +83552 +84449 74 3 1
a contact +83552 +84449 3 74 1
a contact +89701 +90542 74 3 1
a contact +89701 +90542 3 74 1
a contact +95881 +96677 74 3 1
a contact +95881 +96677 3 74 1
a contact +102039 +102850 74 3 1
a contact +102039 +102850 3 74 1
a contact +108153 +109020 74 3 1
a contact +108153 +109020 3 74 1
a contact +114231 +115135 74 3 1
a contact +114231 +115135 3 74 1
a contact +120285 +121168 74 3 1
a contact +120285 +121168 3 74 1
a contact +126319 +127113 74 3 1
a contact +126319 +127113 3 74 1
a contact +132329 +132988 74 3 1
a contact +132329 +132988 3 74 1
a contact +138290 +138841 74 3 1
a contact +138290 +138841 3 74 1
a contact +144178 +144745 74 3 1
a contact +144178 +144745 3 74 1
a contact +150028 +150721 74 3 1
a contact +150028 +150721 3 74 1
a contact +155913 +156737 74 3 1
a contact +155913 +156737 3 74 1
a contact +161876 +162775 74 3 1
a contact +161876 +162775 3 74 1
a contact +167927 +168833 74 3 1
a contact +167927 +168833 3 74 1
a contact +174057 +174917 74 3 1
a contact +174057 +174917 3 74 1
a contact +180234 +181038 74 3 1
a contact +180234 +181038 3 74 1
a contact +186403 +187203 74 3 1
a contact +186403 +187203 3 74 1
a contact +192530 +193380 74 3 1
a contact +192530 +193380 3 74 1
a contact +198617 +199515 74 3 1
a contact +198617 +199515 3 74 1
a contact +204677 +205574 74 3 1
a contact +204677 +205574 3 74 1
a contact +210717 +211544 74 3 1
a contact +210717 +211544 3 74 1
a contact +216735 +217436 74 3 1
a contact +216735 +217436 3 74 1
a contact +222714 +223287 74 3 1
a contact +222714 +223287 3 74 1
a contact +228624 +229171 74 3 1
a contact +228624 +229171 3 74 1
a contact +234477 +235128 74 3 1
a contact +234477 +235128 3 74 1
a contact +240346 +241135 74 3 1
a contact +240346 +241135 3 74 1
a contact +246284 +247168 74 3 1
a contact +246284 +247168 3 74 1
a contact +252309 +253220 74 3 1
a contact +252309 +253220 3 74 1
a contact +258418 +259295 74 3 1
a contact +258418 +259295 3 74 1
a contact +264587 +265404 74 3 1
a contact +264587 +265404 3 74 1
a contact +270763 +271557 74 3 1
a contact +270763 +271557 3 74 1
a contact +276904 +277736 74 3 1
a contact +276904 +277736 3 74 1
a contact +283001 +283889 74 3 1
a contact +283001 +283889 3 74 1
a contact +289068 +289972 74 3 1
a contact +289068 +289972 3 74 1
a contact +295114 +295968 74 3 1
a contact +295114 +295968 3 74 1
a contact +301139 +301880 74 3 1
a contact +301139 +301880 3 74 1
a contact +307132 +307737 74 3 1
a contact +307132 +307737 3 74 1
a contact +313065 +313604 74 3 1
a contact +313065 +313604 3 74 1
a contact +318928 +319540 74 3 1
a contact +318928 +319540 3 74 1
a contact +324785 +325536 74 3 1
a contact +324785 +325536 3 74 1
a contact +330699 +331562 74 3 1
a contact +330699 +331562 3 74 1
a contact +336698 +337609 74 3 1
a contact +336698 +337609 3 74 1
a contact +342784 +343676 74 3 1
a contact +342784 +343676 3 74 1
a contact +348940 +349774 74 3 1
a contact +348940 +349774 3 74 1
a contact +355120 +355914 74 3 1
a contact +355120 +355914 3 74 1
a contact +361273 +362090 74 3 1
a contact +361273 +362090 3 74 1
a contact +367382 +368256 74 3 1
a contact +367382 +368256 3 74 1
a contact +373457 +374362 74 3 1
a contact +373457 +374362 3 74 1
a contact +379508 +380384 74 3 1
a contact +379508 +380384 3 74 1
a contact +385540 +386319 74 3 1
a contact +385540 +386319 3 74 1
a contact +391545 +392188 74 3 1
a contact +391545 +392188 3 74 1
a contact +397499 +398043 74 3 1
a contact +397499 +398043 3 74 1
a contact +403378 +403957 74 3 1
a contact +403378 +403957 3 74 1
a contact +409229 +409939 74 3 1
a contact +409229 +409939 3 74 1
a contact +415122 +415958 74 3 1
a contact +415122 +415958 3 74 1
a contact +421095 +421999 74 3 1
a contact +421095 +421999 3 74 1
a contact +427157 +428060 74 3 1
a contact +427157 +428060 3 74 1
a contact +433295 +434147 74 3 1
a contact +433295 +434147 3 74 1
a contact +439474 +440274 74 3 1
a contact +439474 +440274 3 74 1
a contact +445639 +446443 74 3 1
a contact +445639 +446443 3 74 1
a contact +451760 +452617 74 3 1
a contact +451760 +452617 3 74 1
a contact +457843 +458745 74 3 1
a contact +457843 +458745 3 74 1
a contact +463901 +464793 74 3 1
a contact +463901 +464793 3 74 1
a contact +469939 +470753 74 3 1
a contact +469939 +470753 3 74 1
a contact +475953 +476637 74 3 1
a contact +475953 +476637 3 74 1
a contact +481926 +482488 74 3 1
a contact +481926 +482488 3 74 1
a contact +487826 +488380 74 3 1
a contact +487826 +488380 3 74 1
a contact +493677 +494345 74 3 1
a contact +493677 +494345 3 74 1
a contact +499552 +500356 74 3 1
a contact +499552 +500356 3 74 1
a contact +505500 +506391 74 3 1
a contact +505500 +506391 3 74 1
a contact +511536 +512446 74 3 1
a contact +511536 +512446 3 74 1
a contact +517654 +518524 74 3 1
a contact +517654 +518524 3 74 1
a contact +523827 +524638 74 3 1
a contact +523827 +524638 3 74 1
a contact +530001 +530796 74 3 1
a contact +530001 +530796 3 74 1
a contact +536135 +536975 74 3 1
a contact +536135 +536975 3 74 1
a contact +542228 +543121 74 3 1
a contact +542228 +543121 3 74 1
a contact +548292 +549194 74 3 1
a contact +548292 +549194 3 74 1
a contact +554336 +555179 74 3 1
a contact +554336 +555179 3 74 1
a contact +560358 +561083 74 3 1
a contact +560358 +561083 3 74 1
a contact +566346 +566937 74 3 1
a contact +566346 +566937 3 74 1
a contact +572269 +572810 74 3 1
a contact +572269 +572810 3 74 1
a contact +578127 +578755 74 3 1
a contact +578127 +578755 3 74 1
a contact +583988 +584756 74 3 1
a contact +583988 +584756 3 74 1
a contact +589912 +590785 74 3 1
a contact +589912 +590785 3 74 1
a contact +595922 +596834 74 3 1
a contact +595922 +596834 3 74 1
a contact +602018 +602904 74 3 1
a contact +602018 +602904 3 74 1
a contact +4786 +5615 75 3 1
a contact +4786 +5615 3 75 1
a contact +10966 +11759 75 3 1
a contact +10966 +11759 3 75 1
a contact +17115 +17936 75 3 1
a contact +17115 +17936 3 75 1
a contact +23221 +24099 75 3 1
a contact +23221 +24099 3 75 1
a contact +29293 +30199 75 3 1
a contact +29293 +30199 3 75 1
a contact +35343 +36214 75 3 1
a contact +35343 +36214 3 75 1
a contact +41373 +42142 75 3 1
a contact +41373 +42142 3 75 1
a contact +47375 +48007 75 3 1
a contact +47375 +48007 3 75 1
a contact +53323 +53865 75 3 1
a contact +53323 +53865 3 75 1
a contact +59198 +59785 75 3 1
a contact +59198 +59785 3 75 1
a contact +65049 +65771 75 3 1
a contact +65049 +65771 3 75 1
a contact +70948 +71793 75 3 1
a contact +70948 +71793 3 75 1
a contact +76928 +77835 75 3 1
a contact +76928 +77835 3 75 1
a contact +82997 +83897 75 3 1
a contact +82997 +83897 3 75 1
a contact +89141 +89987 75 3 1
a contact +89141 +89987 3 75 1
a contact +95320 +96118 75 3 1
a contact +95320 +96118 3 75 1
a contact +101482 +102289 75 3 1
a contact +101482 +102289 3 75 1
a contact +107600 +108462 75 3 1
a contact +107600 +108462 3 75 1
a contact +113680 +114584 75 3 1
a contact +113680 +114584 3 75 1
a contact +119736 +120624 75 3 1
a contact +119736 +120624 3 75 1
a contact +125773 +126577 75 3 1
a contact +125773 +126577 3 75 1
a contact +131785 +132457 75 3 1
a contact +131785 +132457 3 75 1
a contact +137752 +138308 75 3 1
a contact +137752 +138308 3 75 1
a contact +143646 +144206 75 3 1
a contact +143646 +144206 3 75 1
a contact +149496 +150176 75 3 1
a contact +149496 +150176 3 75 1
a contact +155376 +156190 75 3 1
a contact +155376 +156190 3 75 1
a contact +161331 +162227 75 3 1
a contact +161331 +162227 3 75 1
a contact +167374 +168283 75 3 1
a contact +167374 +168283 3 75 1
a contact +173498 +174363 75 3 1
a contact +173498 +174363 3 75 1
a contact +179673 +180481 75 3 1
a contact +179673 +180481 3 75 1
a contact +185845 +186642 75 3 1
a contact +185845 +186642 3 75 1
a contact +191976 +192820 75 3 1
a contact +191976 +192820 3 75 1
a contact +198066 +198961 75 3 1
a contact +198066 +198961 3 75 1
a contact +204128 +205028 75 3 1
a contact +204128 +205028 3 75 1
a contact +210170 +211006 75 3 1
a contact +210170 +211006 3 75 1
a contact +216190 +216904 75 3 1
a contact +216190 +216904 3 75 1
a contact +222174 +222756 75 3 1
a contact +222174 +222756 3 75 1
a contact +228091 +228634 75 3 1
a contact +228091 +228634 3 75 1
a contact +233946 +234585 75 3 1
a contact +233946 +234585 3 75 1
a contact +239811 +240589 75 3 1
a contact +239811 +240589 3 75 1
a contact +245741 +246620 75 3 1
a contact +245741 +246620 3 75 1
a contact +251758 +252670 75 3 1
a contact +251758 +252670 3 75 1
a contact +257861 +258742 75 3 1
a contact +257861 +258742 3 75 1
a contact +264026 +264848 75 3 1
a contact +264026 +264848 3 75 1
a contact +270204 +270997 75 3 1
a contact +270204 +270997 3 75 1
a contact +276348 +277175 75 3 1
a contact +276348 +277175 3 75 1
a contact +282449 +283333 75 3 1
a contact +282449 +283333 3 75 1
a contact +288518 +289423 75 3 1
a contact +288518 +289423 3 75 1
a contact +294566 +295427 75 3 1
a contact +294566 +295427 3 75 1
a contact +300593 +301346 75 3 1
a contact +300593 +301346 3 75 1
a contact +306590 +307206 75 3 1
a contact +306590 +307206 3 75 1
a contact +312530 +313069 75 3 1
a contact +312530 +313069 3 75 1
a contact +318397 +318999 75 3 1
a contact +318397 +318999 3 75 1
a contact +324251 +324990 75 3 1
a contact +324251 +324990 3 75 1
a contact +330159 +331015 75 3 1
a contact +330159 +331015 3 75 1
a contact +336150 +337059 75 3 1
a contact +336150 +337059 3 75 1
a contact +342229 +343124 75 3 1
a contact +342229 +343124 3 75 1
a contact +348379 +349219 75 3 1
a contact +348379 +349219 3 75 1
a contact +354560 +355355 75 3 1
a contact +354560 +355355 3 75 1
a contact +360717 +361529 75 3 1
a contact +360717 +361529 3 75 1
a contact +366829 +367698 75 3 1
a contact +366829 +367698 3 75 1
a contact +372906 +373811 75 3 1
a contact +372906 +373811 3 75 1
a contact +378960 +379841 75 3 1
a contact +378960 +379841 3 75 1
a contact +384993 +385784 75 3 1
a contact +384993 +385784 3 75 1
a contact +391002 +391657 75 3 1
a contact +391002 +391657 3 75 1
a contact +396961 +397510 75 3 1
a contact +396961 +397510 3 75 1
a contact +402847 +403417 75 3 1
a contact +402847 +403417 3 75 1
a contact +408697 +409394 75 3 1
a contact +408697 +409394 3 75 1
a contact +414584 +415411 75 3 1
a contact +414584 +415411 3 75 1
a contact +420549 +421450 75 3 1
a contact +420549 +421450 3 75 1
a contact +426603 +427509 75 3 1
a contact +426603 +427509 3 75 1
a contact +432736 +433593 75 3 1
a contact +432736 +433593 3 75 1
a contact +438913 +439716 75 3 1
a contact +438913 +439716 3 75 1
a contact +445081 +445882 75 3 1
a contact +445081 +445882 3 75 1
a contact +451207 +452058 75 3 1
a contact +451207 +452058 3 75 1
a contact +457293 +458192 75 3 1
a contact +457293 +458192 3 75 1
a contact +463352 +464248 75 3 1
a contact +463352 +464248 3 75 1
a contact +469392 +470215 75 3 1
a contact +469392 +470215 3 75 1
a contact +475409 +476105 75 3 1
a contact +475409 +476105 3 75 1
a contact +481386 +481956 75 3 1
a contact +481386 +481956 3 75 1
a contact +487293 +487842 75 3 1
a contact +487293 +487842 3 75 1
a contact +493146 +493801 75 3 1
a contact +493146 +493801 3 75 1
a contact +499016 +499809 75 3 1
a contact +499016 +499809 3 75 1
a contact +504956 +505843 75 3 1
a contact +504956 +505843 3 75 1
a contact +510984 +511895 75 3 1
a contact +510984 +511895 3 75 1
a contact +517096 +517971 75 3 1
a contact +517096 +517971 3 75 1
a contact +523266 +524081 75 3 1
a contact +523266 +524081 3 75 1
a contact +529442 +530236 75 3 1
a contact +529442 +530236 3 75 1
a contact +535580 +536415 75 3 1
a contact +535580 +536415 3 75 1
a contact +541677 +542566 75 3 1
a contact +541677 +542566 3 75 1
a contact +547743 +548646 75 3 1
a contact +547743 +548646 3 75 1
a contact +553788 +554640 75 3 1
a contact +553788 +554640 3 75 1
a contact +559813 +560550 75 3 1
a contact +559813 +560550 3 75 1
a contact +565805 +566406 75 3 1
a contact +565805 +566406 3 75 1
a contact +571735 +572274 75 3 1
a contact +571735 +572274 3 75 1
a contact +577596 +578213 75 3 1
a contact +577596 +578213 3 75 1
a contact +583454 +584210 75 3 1
a contact +583454 +584210 3 75 1
a contact +589371 +590237 75 3 1
a contact +589371 +590237 3 75 1
a contact +595373 +596284 75 3 1
a contact +595373 +596284 3 75 1
a contact +601462 +602352 75 3 1
a contact +601462 +602352 3 75 1
a contact +4226 +5061 76 3 1
a contact +4226 +5061 3 76 1
a contact +10406 +11200 76 3 1
a contact +10406 +11200 3 76 1
a contact +16560 +17376 76 3 1
a contact +16560 +17376 3 76 1
a contact +22669 +23542 76 3 1
a contact +22669 +23542 3 76 1
a contact +28744 +29649 76 3 1
a contact +28744 +29649 3 76 1
a contact +34796 +35672 76 3 1
a contact +34796 +35672 3 76 1
a contact +40828 +41608 76 3 1
a contact +40828 +41608 3 76 1
a contact +46833 +47477 76 3 1
a contact +46833 +47477 3 76 1
a contact +52787 +53332 76 3 1
a contact +52787 +53332 3 76 1
a contact +58667 +59246 76 3 1
a contact +58667 +59246 3 76 1
a contact +64518 +65227 76 3 1
a contact +64518 +65227 3 76 1
a contact +70411 +71246 76 3 1
a contact +70411 +71246 3 76 1
a contact +76383 +77287 76 3 1
a contact +76383 +77287 3 76 1
a contact +82444 +83347 76 3 1
a contact +82444 +83347 3 76 1
a contact +88582 +89434 76 3 1
a contact +88582 +89434 3 76 1
a contact +94760 +95561 76 3 1
a contact +94760 +95561 3 76 1
a contact +100926 +101729 76 3 1
a contact +100926 +101729 3 76 1
a contact +107047 +107904 76 3 1
a contact +107047 +107904 3 76 1
a contact +113131 +114032 76 3 1
a contact +113131 +114032 3 76 1
a contact +119188 +120081 76 3 1
a contact +119188 +120081 3 76 1
a contact +125226 +126041 76 3 1
a contact +125226 +126041 3 76 1
a contact +131241 +131926 76 3 1
a contact +131241 +131926 3 76 1
a contact +137214 +137777 76 3 1
a contact +137214 +137777 3 76 1
a contact +143115 +143669 76 3 1
a contact +143115 +143669 3 76 1
a contact +148966 +149633 76 3 1
a contact +148966 +149633 3 76 1
a contact +154841 +155644 76 3 1
a contact +154841 +155644 3 76 1
a contact +160788 +161679 76 3 1
a contact +160788 +161679 3 76 1
a contact +166823 +167733 76 3 1
a contact +166823 +167733 3 76 1
a contact +172941 +173811 76 3 1
a contact +172941 +173811 3 76 1
a contact +179113 +179925 76 3 1
a contact +179113 +179925 3 76 1
a contact +185287 +186083 76 3 1
a contact +185287 +186083 3 76 1
a contact +191422 +192261 76 3 1
a contact +191422 +192261 3 76 1
a contact +197515 +198408 76 3 1
a contact +197515 +198408 3 76 1
a contact +203580 +204482 76 3 1
a contact +203580 +204482 3 76 1
a contact +209623 +210468 76 3 1
a contact +209623 +210468 3 76 1
a contact +215646 +216372 76 3 1
a contact +215646 +216372 3 76 1
a contact +221634 +222226 76 3 1
a contact +221634 +222226 3 76 1
a contact +227558 +228099 76 3 1
a contact +227558 +228099 3 76 1
a contact +233416 +234043 76 3 1
a contact +233416 +234043 3 76 1
a contact +239277 +240044 76 3 1
a contact +239277 +240044 3 76 1
a contact +245200 +246072 76 3 1
a contact +245200 +246072 3 76 1
a contact +251209 +252121 76 3 1
a contact +251209 +252121 3 76 1
a contact +257305 +258191 76 3 1
a contact +257305 +258191 3 76 1
a contact +263466 +264293 76 3 1
a contact +263466 +264293 3 76 1
a contact +269645 +270438 76 3 1
a contact +269645 +270438 3 76 1
a contact +275793 +276616 76 3 1
a contact +275793 +276616 3 76 1
a contact +281898 +282777 76 3 1
a contact +281898 +282777 3 76 1
a contact +287969 +288875 76 3 1
a contact +287969 +288875 3 76 1
a contact +294018 +294887 76 3 1
a contact +294018 +294887 3 76 1
a contact +300048 +300813 76 3 1
a contact +300048 +300813 3 76 1
a contact +306049 +306677 76 3 1
a contact +306049 +306677 3 76 1
a contact +311995 +312535 76 3 1
a contact +311995 +312535 3 76 1
a contact +317867 +318458 76 3 1
a contact +317867 +318458 3 76 1
a contact +323720 +324446 76 3 1
a contact +323720 +324446 3 76 1
a contact +329621 +330468 76 3 1
a contact +329621 +330468 3 76 1
a contact +335603 +336511 76 3 1
a contact +335603 +336511 3 76 1
a contact +341675 +342574 76 3 1
a contact +341675 +342574 3 76 1
a contact +347820 +348665 76 3 1
a contact +347820 +348665 3 76 1
a contact +354000 +354797 76 3 1
a contact +354000 +354797 3 76 1
a contact +360161 +360969 76 3 1
a contact +360161 +360969 3 76 1
a contact +366277 +367141 76 3 1
a contact +366277 +367141 3 76 1
a contact +372357 +373260 76 3 1
a contact +372357 +373260 3 76 1
a contact +378412 +379298 76 3 1
a contact +378412 +379298 3 76 1
a contact +384448 +385249 76 3 1
a contact +384448 +385249 3 76 1
a contact +390459 +391126 76 3 1
a contact +390459 +391126 3 76 1
a contact +396424 +396978 76 3 1
a contact +396424 +396978 3 76 1
a contact +402316 +402879 76 3 1
a contact +402316 +402879 3 76 1
a contact +408166 +408851 76 3 1
a contact +408166 +408851 3 76 1
a contact +414048 +414865 76 3 1
a contact +414048 +414865 3 76 1
a contact +420005 +420902 76 3 1
a contact +420005 +420902 3 76 1
a contact +426051 +426959 76 3 1
a contact +426051 +426959 3 76 1
a contact +432177 +433040 76 3 1
a contact +432177 +433040 3 76 1
a contact +438353 +439159 76 3 1
a contact +438353 +439159 3 76 1
a contact +444524 +445322 76 3 1
a contact +444524 +445322 3 76 1
a contact +450653 +451499 76 3 1
a contact +450653 +451499 3 76 1
a contact +456742 +457639 76 3 1
a contact +456742 +457639 3 76 1
a contact +462804 +463702 76 3 1
a contact +462804 +463702 3 76 1
a contact +468845 +469678 76 3 1
a contact +468845 +469678 3 76 1
a contact +474865 +475574 76 3 1
a contact +474865 +475574 3 76 1
a contact +480847 +481426 76 3 1
a contact +480847 +481426 3 76 1
a contact +486761 +487306 76 3 1
a contact +486761 +487306 3 76 1
a contact +492616 +493259 76 3 1
a contact +492616 +493259 3 76 1
a contact +498482 +499264 76 3 1
a contact +498482 +499264 3 76 1
a contact +504415 +505295 76 3 1
a contact +504415 +505295 3 76 1
a contact +510434 +511346 76 3 1
a contact +510434 +511346 3 76 1
a contact +516539 +517419 76 3 1
a contact +516539 +517419 3 76 1
a contact +522705 +523526 76 3 1
a contact +522705 +523526 3 76 1
a contact +528883 +529677 76 3 1
a contact +528883 +529677 3 76 1
a contact +535026 +535855 76 3 1
a contact +535026 +535855 3 76 1
a contact +541126 +542011 76 3 1
a contact +541126 +542011 3 76 1
a contact +547194 +548099 76 3 1
a contact +547194 +548099 3 76 1
a contact +553241 +554100 76 3 1
a contact +553241 +554100 3 76 1
a contact +559268 +560017 76 3 1
a contact +559268 +560017 3 76 1
a contact +565264 +565876 76 3 1
a contact +565264 +565876 3 76 1
a contact +571201 +571740 76 3 1
a contact +571201 +571740 3 76 1
a contact +577067 +577672 76 3 1
a contact +577067 +577672 3 76 1
a contact +582922 +583665 76 3 1
a contact +582922 +583665 3 76 1
a contact +588832 +589690 76 3 1
a contact +588832 +589690 3 76 1
a contact +594825 +595735 76 3 1
a contact +594825 +595735 3 76 1
a contact +600907 +601801 76 3 1
a contact +600907 +601801 3 76 1
