a contact +0 +604800 3 2 1
a contact +0 +604800 2 3 1
a contact +0 +604800 5 4 1
a contact +0 +604800 4 5 1
a contact +0 +604800 7 6 1
a contact +0 +604800 6 7 1
a contact +0 +604800 9 8 1
a contact +0 +604800 8 9 1
a contact +0 +604800 11 10 1
a contact +0 +604800 10 11 1
a contact +0 +604800 2 1 1
a contact +0 +604800 1 2 1
a contact +0 +604800 4 1 1
a contact +0 +604800 1 4 1
a contact +0 +604800 6 1 1
a contact +0 +604800 1 6 1
a contact +0 +604800 8 1 1
a contact +0 +604800 1 8 1
a contact +0 +604800 10 1 1
a contact +0 +604800 1 10 1
a contact +0 +604800 44 45 1
a contact +0 +604800 45 44 1
a contact +0 +604800 44 55 1
a contact +0 +604800 55 44 1
a contact +0 +604800 45 46 1
a contact +0 +604800 46 45 1
a contact +0 +604800 45 56 1
a contact +0 +604800 56 45 1
a contact +0 +604800 46 47 1
a contact +0 +604800 47 46 1
a contact +0 +604800 46 57 1
a contact +0 +604800 57 46 1
a contact +0 +604800 47 48 1
a contact +0 +604800 48 47 1
a contact +0 +604800 47 58 1
a contact +0 +604800 58 47 1
a contact +0 +604800 48 49 1
a contact +0 +604800 49 48 1
a contact +0 +604800 48 59 1
a contact +0 +604800 59 48 1
a contact +0 +604800 49 50 1
a contact +0 +604800 50 49 1
a contact +0 +604800 49 60 1
a contact +0 +604800 60 49 1
a contact +0 +604800 50 51 1
a contact +0 +604800 51 50 1
a contact +0 +604800 50 61 1
a contact +0 +604800 61 50 1
a contact +0 +604800 51 52 1
a contact +0 +604800 52 51 1
a contact +0 +604800 51 62 1
a contact +0 +604800 62 51 1
a contact +0 +604800 52 53 1
a contact +0 +604800 53 52 1
a contact +0 +604800 52 63 1
a contact +0 +604800 63 52 1
a contact +0 +604800 53 54 1
a contact +0 +604800 54 53 1
a contact +0 +604800 53 64 1
a contact +0 +604800 64 53 1
a contact +0 +604800 54 65 1
a contact +0 +604800 65 54 1
a contact +0 +604800 55 56 1
a contact +0 +604800 56 55 1
a contact +0 +604800 56 57 1
a contact +0 +604800 57 56 1
a contact +0 +604800 56 66 1
a contact +0 +604800 66 56 1
a contact +0 +604800 57 58 1
a contact +0 +604800 58 57 1
a contact +0 +604800 57 67 1
a contact +0 +604800 67 57 1
a contact +0 +604800 58 59 1
a contact +0 +604800 59 58 1
a contact +0 +604800 58 68 1
a contact +0 +604800 68 58 1
a contact +0 +604800 59 60 1
a contact +0 +604800 60 59 1
a contact +0 +604800 59 69 1
a contact +0 +604800 69 59 1
a contact +0 +604800 60 61 1
a contact +0 +604800 61 60 1
a contact +0 +604800 60 70 1
a contact +0 +604800 70 60 1
a contact +0 +604800 61 62 1
a contact +0 +604800 62 61 1
a contact +0 +604800 61 71 1
a contact +0 +604800 71 61 1
a contact +0 +604800 62 63 1
a contact +0 +604800 63 62 1
a contact +0 +604800 62 72 1
a contact +0 +604800 72 62 1
a contact +0 +604800 63 64 1
a contact +0 +604800 64 63 1
a contact +0 +604800 63 73 1
a contact +0 +604800 73 63 1
a contact +0 +604800 64 65 1
a contact +0 +604800 65 64 1
a contact +0 +604800 64 74 1
a contact +0 +604800 74 64 1
a contact +0 +604800 65 75 1
a contact +0 +604800 75 65 1
a contact +0 +604800 66 67 1
a contact +0 +604800 67 66 1
a contact +0 +604800 67 68 1
a contact +0 +604800 68 67 1
a contact +0 +604800 68 69 1
a contact +0 +604800 69 68 1
a contact +0 +604800 69 70 1
a contact +0 +604800 70 69 1
a contact +0 +604800 70 71 1
a contact +0 +604800 71 70 1
a contact +0 +604800 71 72 1
a contact +0 +604800 72 71 1
a contact +0 +604800 72 73 1
a contact +0 +604800 73 72 1
a contact +0 +604800 73 74 1
a contact +0 +604800 74 73 1
a contact +0 +604800 74 75 1
a contact +0 +604800 75 74 1
a contact +0 +604800 75 76 1
a contact +0 +604800 76 75 1
a contact +3985 +4815 44 3 1
a contact +3985 +4815 3 44 1
a contact +10082 +10969 44 3 1
a contact +10082 +10969 3 44 1
a contact +16149 +17053 44 3 1
a contact +16149 +17053 3 44 1
a contact +22195 +23051 44 3 1
a contact +22195 +23051 3 44 1
a contact +28220 +28964 44 3 1
a contact +28220 +28964 3 44 1
a contact +34213 +34823 44 3 1
a contact +34213 +34823 3 44 1
a contact +40145 +40689 44 3 1
a contact +40145 +40689 3 44 1
a contact +46010 +46624 44 3 1
a contact +46010 +46624 3 44 1
a contact +51867 +52619 44 3 1
a contact +51867 +52619 3 44 1
a contact +57781 +58644 44 3 1
a contact +57781 +58644 3 44 1
a contact +63779 +64690 44 3 1
a contact +63779 +64690 3 44 1
a contact +69865 +70757 44 3 1
a contact +69865 +70757 3 44 1
a contact +76021 +76853 44 3 1
a contact +76021 +76853 3 44 1
a contact +82201 +82993 44 3 1
a contact +82201 +82993 3 44 1
a contact +88355 +89169 44 3 1
a contact +88355 +89169 3 44 1
a contact +94464 +95336 44 3 1
a contact +94464 +95336 3 44 1
a contact +100538 +101443 44 3 1
a contact +100538 +101443 3 44 1
a contact +106589 +107467 44 3 1
a contact +106589 +107467 3 44 1
a contact +112621 +113403 44 3 1
a contact +112621 +113403 3 44 1
a contact +118625 +119273 44 3 1
a contact +118625 +119273 3 44 1
a contact +124579 +125129 44 3 1
a contact +124579 +125129 3 44 1
a contact +130460 +131042 44 3 1
a contact +130460 +131042 3 44 1
a contact +136311 +137022 44 3 1
a contact +136311 +137022 3 44 1
a contact +142204 +143041 44 3 1
a contact +142204 +143041 3 44 1
a contact +148177 +149081 44 3 1
a contact +148177 +149081 3 44 1
a contact +154238 +155141 44 3 1
a contact +154238 +155141 3 44 1
a contact +160376 +161227 44 3 1
a contact +160376 +161227 3 44 1
a contact +166555 +167353 44 3 1
a contact +166555 +167353 3 44 1
a contact +172720 +173522 44 3 1
a contact +172720 +173522 3 44 1
a contact +178842 +179697 44 3 1
a contact +178842 +179697 3 44 1
a contact +184925 +185826 44 3 1
a contact +184925 +185826 3 44 1
a contact +190982 +191875 44 3 1
a contact +190982 +191875 3 44 1
a contact +197020 +197836 44 3 1
a contact +197020 +197836 3 44 1
a contact +203034 +203722 44 3 1
a contact +203034 +203722 3 44 1
a contact +209006 +209574 44 3 1
a contact +209006 +209574 3 44 1
a contact +214907 +215465 44 3 1
a contact +214907 +215465 3 44 1
a contact +220759 +221429 44 3 1
a contact +220759 +221429 3 44 1
a contact +226634 +227439 44 3 1
a contact +226634 +227439 3 44 1
a contact +232581 +233473 44 3 1
a contact +232581 +233473 3 44 1
a contact +238617 +239527 44 3 1
a contact +238617 +239527 3 44 1
a contact +244735 +245604 44 3 1
a contact +244735 +245604 3 44 1
a contact +250908 +251718 44 3 1
a contact +250908 +251718 3 44 1
a contact +257082 +257875 44 3 1
a contact +257082 +257875 3 44 1
a contact +263217 +264054 44 3 1
a contact +263217 +264054 3 44 1
a contact +269310 +270201 44 3 1
a contact +269310 +270201 3 44 1
a contact +275373 +276276 44 3 1
a contact +275373 +276276 3 44 1
a contact +281417 +282262 44 3 1
a contact +281417 +282262 3 44 1
a contact +287439 +288167 44 3 1
a contact +287439 +288167 3 44 1
a contact +293426 +294022 44 3 1
a contact +293426 +294022 3 44 1
a contact +299350 +299895 44 3 1
a contact +299350 +299895 3 44 1
a contact +305209 +305839 44 3 1
a contact +305209 +305839 3 44 1
a contact +311071 +311839 44 3 1
a contact +311071 +311839 3 44 1
a contact +316994 +317867 44 3 1
a contact +316994 +317867 3 44 1
a contact +323003 +323915 44 3 1
a contact +323003 +323915 3 44 1
a contact +329099 +329984 44 3 1
a contact +329099 +329984 3 44 1
a contact +335260 +336086 44 3 1
a contact +335260 +336086 3 44 1
a contact +341440 +342231 44 3 1
a contact +341440 +342231 3 44 1
a contact +347588 +348408 44 3 1
a contact +347588 +348408 3 44 1
a contact +353692 +354570 44 3 1
a contact +353692 +354570 3 44 1
a contact +359763 +360669 44 3 1
a contact +359763 +360669 3 44 1
a contact +365812 +366681 44 3 1
a contact +365812 +366681 3 44 1
a contact +371841 +372608 44 3 1
a contact +371841 +372608 3 44 1
a contact +377841 +378472 44 3 1
a contact +377841 +378472 3 44 1
a contact +383786 +384332 44 3 1
a contact +383786 +384332 3 44 1
a contact +389659 +390254 44 3 1
a contact +389659 +390254 3 44 1
a contact +395513 +396241 44 3 1
a contact +395513 +396241 3 44 1
a contact +401414 +402262 44 3 1
a contact +401414 +402262 3 44 1
a contact +407397 +408305 44 3 1
a contact +407397 +408305 3 44 1
a contact +413469 +414367 44 3 1
a contact +413469 +414367 3 44 1
a contact +419614 +420458 44 3 1
a contact +419614 +420458 3 44 1
a contact +425795 +426590 44 3 1
a contact +425795 +426590 3 44 1
a contact +431955 +432761 44 3 1
a contact +431955 +432761 3 44 1
a contact +438072 +438934 44 3 1
a contact +438072 +438934 3 44 1
a contact +444151 +445054 44 3 1
a contact +444151 +445054 3 44 1
a contact +450206 +451093 44 3 1
a contact +450206 +451093 3 44 1
a contact +456241 +457044 44 3 1
a contact +456241 +457044 3 44 1
a contact +462251 +462922 44 3 1
a contact +462251 +462922 3 44 1
a contact +468216 +468775 44 3 1
a contact +468216 +468775 3 44 1
a contact +474108 +474675 44 3 1
a contact +474108 +474675 3 44 1
a contact +479959 +480646 44 3 1
a contact +479959 +480646 3 44 1
a contact +485841 +486660 44 3 1
a contact +485841 +486660 3 44 1
a contact +491799 +492696 44 3 1
a contact +491799 +492696 3 44 1
a contact +497845 +498752 44 3 1
a contact +497845 +498752 3 44 1
a contact +503972 +504834 44 3 1
a contact +503972 +504834 3 44 1
a contact +510148 +510952 44 3 1
a contact +510148 +510952 3 44 1
a contact +516319 +517115 44 3 1
a contact +516319 +517115 3 44 1
a contact +522448 +523293 44 3 1
a contact +522448 +523293 3 44 1
a contact +528537 +529432 44 3 1
a contact +528537 +529432 3 44 1
a contact +534598 +535497 44 3 1
a contact +534598 +535497 3 44 1
a contact +540638 +541473 44 3 1
a contact +540638 +541473 3 44 1
a contact +546657 +547369 44 3 1
a contact +546657 +547369 3 44 1
a contact +552639 +553222 44 3 1
a contact +552639 +553222 3 44 1
a contact +558553 +559102 44 3 1
a contact +558553 +559102 3 44 1
a contact +564408 +565055 44 3 1
a contact +564408 +565055 3 44 1
a contact +570275 +571059 44 3 1
a contact +570275 +571059 3 44 1
a contact +576208 +577090 44 3 1
a contact +576208 +577090 3 44 1
a contact +582228 +583140 44 3 1
a contact +582228 +583140 3 44 1
a contact +588334 +589213 44 3 1
a contact +588334 +589213 3 44 1
a contact +594500 +595319 44 3 1
a contact +594500 +595319 3 44 1
a contact +600678 +601469 44 3 1
a contact +600678 +601469 3 44 1
a contact +15355 +15915 44 5 1
a contact +15355 +15915 5 44 1
a contact +21158 +22053 44 5 1
a contact +21158 +22053 5 44 1
a contact +27263 +28081 44 5 1
a contact +27263 +28081 5 44 1
a contact +58796 +59567 44 5 1
a contact +58796 +59567 5 44 1
a contact +64813 +65703 44 5 1
a contact +64813 +65703 5 44 1
a contact +70934 +71546 44 5 1
a contact +70934 +71546 5 44 1
a contact +99942 +100196 44 5 1
a contact +99942 +100196 5 44 1
a contact +105586 +106435 44 5 1
a contact +105586 +106435 5 44 1
a contact +111608 +112488 44 5 1
a contact +111608 +112488 5 44 1
a contact +117967 +118413 44 5 1
a contact +117967 +118413 5 44 1
a contact +143222 +143868 44 5 1
a contact +143222 +143868 5 44 1
a contact +149205 +150099 44 5 1
a contact +149205 +150099 5 44 1
a contact +155287 +156035 44 5 1
a contact +155287 +156035 5 44 1
a contact +190040 +190806 44 5 1
a contact +190040 +190806 5 44 1
a contact +195979 +196887 44 5 1
a contact +195979 +196887 5 44 1
a contact +202214 +202870 44 5 1
a contact +202214 +202870 5 44 1
a contact +227679 +228115 44 5 1
a contact +227679 +228115 5 44 1
a contact +233604 +234471 44 5 1
a contact +233604 +234471 5 44 1
a contact +239658 +240490 44 5 1
a contact +239658 +240490 5 44 1
a contact +245919 +246110 44 5 1
a contact +245919 +246110 5 44 1
a contact +274526 +275162 44 5 1
a contact +274526 +275162 5 44 1
a contact +280374 +281279 44 5 1
a contact +280374 +281279 5 44 1
a contact +286514 +287295 44 5 1
a contact +286514 +287295 5 44 1
a contact +318011 +318817 44 5 1
a contact +318011 +318817 5 44 1
a contact +324039 +324919 44 5 1
a contact +324039 +324919 5 44 1
a contact +330182 +330716 44 5 1
a contact +330182 +330716 5 44 1
a contact +359066 +359482 44 5 1
a contact +359066 +359482 5 44 1
a contact +364792 +365664 44 5 1
a contact +364792 +365664 5 44 1
a contact +370848 +371706 44 5 1
a contact +370848 +371706 5 44 1
a contact +377283 +377584 44 5 1
a contact +377283 +377584 5 44 1
a contact +402429 +403134 44 5 1
a contact +402429 +403134 5 44 1
a contact +408428 +409324 44 5 1
a contact +408428 +409324 5 44 1
a contact +414524 +415223 44 5 1
a contact +414524 +415223 5 44 1
a contact +449234 +450040 44 5 1
a contact +449234 +450040 5 44 1
a contact +455209 +456108 44 5 1
a contact +455209 +456108 5 44 1
a contact +461488 +462072 44 5 1
a contact +461488 +462072 5 44 1
a contact +486870 +487408 44 5 1
a contact +486870 +487408 5 44 1
a contact +492824 +493705 44 5 1
a contact +492824 +493705 5 44 1
a contact +498889 +499691 44 5 1
a contact +498889 +499691 5 44 1
a contact +533706 +534403 44 5 1
a contact +533706 +534403 5 44 1
a contact +539594 +540503 44 5 1
a contact +539594 +540503 5 44 1
a contact +545770 +546507 44 5 1
a contact +545770 +546507 5 44 1
a contact +571390 +571578 44 5 1
a contact +571390 +571578 5 44 1
a contact +577227 +578063 44 5 1
a contact +577227 +578063 5 44 1
a contact +583266 +584130 44 5 1
a contact +583266 +584130 5 44 1
a contact +589439 +589873 44 5 1
a contact +589439 +589873 5 44 1
a contact +18366 +18653 44 7 1
a contact +18366 +18653 7 44 1
a contact +24038 +24907 44 7 1
a contact +24038 +24907 7 44 1
a contact +30143 +30918 44 7 1
a contact +30143 +30918 7 44 1
a contact +61990 +62684 44 7 1
a contact +61990 +62684 7 44 1
a contact +67963 +68869 44 7 1
a contact +67963 +68869 7 44 1
a contact +74117 +74684 44 7 1
a contact +74117 +74684 7 44 1
a contact +108478 +109280 44 7 1
a contact +108478 +109280 7 44 1
a contact +114481 +115338 44 7 1
a contact +114481 +115338 7 44 1
a contact +146470 +146929 44 7 1
a contact +146470 +146929 7 44 1
a contact +152359 +153259 44 7 1
a contact +152359 +153259 7 44 1
a contact +158449 +159193 44 7 1
a contact +158449 +159193 7 44 1
a contact +192954 +193633 44 7 1
a contact +192954 +193633 7 44 1
a contact +198852 +199742 44 7 1
a contact +198852 +199742 7 44 1
a contact +205131 +205662 44 7 1
a contact +205131 +205662 7 44 1
a contact +236767 +237620 44 7 1
a contact +236767 +237620 7 44 1
a contact +242810 +243656 44 7 1
a contact +242810 +243656 7 44 1
a contact +277489 +277945 44 7 1
a contact +277489 +277945 7 44 1
a contact +283251 +284134 44 7 1
a contact +283251 +284134 7 44 1
a contact +289400 +290124 44 7 1
a contact +289400 +290124 7 44 1
a contact +321193 +321948 44 7 1
a contact +321193 +321948 7 44 1
a contact +327188 +328085 44 7 1
a contact +327188 +328085 7 44 1
a contact +333383 +333835 44 7 1
a contact +333383 +333835 7 44 1
a contact +367678 +368513 44 7 1
a contact +367678 +368513 7 44 1
a contact +373723 +374552 44 7 1
a contact +373723 +374552 7 44 1
a contact +405648 +406225 44 7 1
a contact +405648 +406225 7 44 1
a contact +411579 +412487 44 7 1
a contact +411579 +412487 7 44 1
a contact +417692 +418375 44 7 1
a contact +417692 +418375 7 44 1
a contact +452138 +452876 44 7 1
a contact +452138 +452876 7 44 1
a contact +458081 +458962 44 7 1
a contact +458081 +458962 7 44 1
a contact +464435 +464833 44 7 1
a contact +464435 +464833 7 44 1
a contact +490237 +490347 44 7 1
a contact +490237 +490347 7 44 1
a contact +495982 +496860 44 7 1
a contact +495982 +496860 7 44 1
a contact +502044 +502854 44 7 1
a contact +502044 +502854 7 44 1
a contact +536643 +537210 44 7 1
a contact +536643 +537210 7 44 1
a contact +542468 +543359 44 7 1
a contact +542468 +543359 7 44 1
a contact +548666 +549325 44 7 1
a contact +548666 +549325 7 44 1
a contact +580400 +581203 44 7 1
a contact +580400 +581203 7 44 1
a contact +586416 +587297 44 7 1
a contact +586416 +587297 7 44 1
a contact +592679 +592954 44 7 1
a contact +592679 +592954 7 44 1
a contact +0 +378 44 9 1
a contact +0 +378 9 44 1
a contact +5684 +6284 44 9 1
a contact +5684 +6284 9 44 1
a contact +38377 +38975 44 9 1
a contact +38377 +38975 9 44 1
a contact +44271 +45167 44 9 1
a contact +44271 +45167 9 44 1
a contact +83946 +84742 44 9 1
a contact +83946 +84742 9 44 1
a contact +89981 +90766 44 9 1
a contact +89981 +90766 9 44 1
a contact +128667 +129567 44 9 1
a contact +128667 +129567 9 44 1
a contact +134846 +135412 44 9 1
a contact +134846 +135412 9 44 1
a contact +168438 +169062 44 9 1
a contact +168438 +169062 9 44 1
a contact +174332 +175201 44 9 1
a contact +174332 +175201 9 44 1
a contact +213090 +213931 44 9 1
a contact +213090 +213931 9 44 1
a contact +219148 +219925 44 9 1
a contact +219148 +219925 9 44 1
a contact +253091 +253231 44 9 1
a contact +253091 +253231 9 44 1
a contact +258722 +259605 44 9 1
a contact +258722 +259605 9 44 1
a contact +264979 +265440 44 9 1
a contact +264979 +265440 9 44 1
a contact +297553 +298250 44 9 1
a contact +297553 +298250 9 44 1
a contact +303501 +304377 44 9 1
a contact +303501 +304377 9 44 1
a contact +343145 +343981 44 9 1
a contact +343145 +343981 9 44 1
a contact +349235 +349960 44 9 1
a contact +349235 +349960 9 44 1
a contact +382107 +382470 44 9 1
a contact +382107 +382470 9 44 1
a contact +387886 +388791 44 9 1
a contact +387886 +388791 9 44 1
a contact +394141 +394547 44 9 1
a contact +394141 +394547 9 44 1
a contact +427612 +428323 44 9 1
a contact +427612 +428323 9 44 1
a contact +433568 +434411 44 9 1
a contact +433568 +434411 9 44 1
a contact +472297 +473171 44 9 1
a contact +472297 +473171 9 44 1
a contact +478400 +479108 44 9 1
a contact +478400 +479108 9 44 1
a contact +512159 +512594 44 9 1
a contact +512159 +512594 9 44 1
a contact +517942 +518827 44 9 1
a contact +517942 +518827 9 44 1
a contact +524335 +524537 44 9 1
a contact +524335 +524537 9 44 1
a contact +556741 +557511 44 9 1
a contact +556741 +557511 9 44 1
a contact +562736 +563581 44 9 1
a contact +562736 +563581 9 44 1
a contact +602351 +603215 44 9 1
a contact +602351 +603215 9 44 1
a contact +28961 +29650 44 11 1
a contact +28961 +29650 11 44 1
a contact +34929 +35808 44 11 1
a contact +34929 +35808 11 44 1
a contact +41195 +41492 44 11 1
a contact +41195 +41492 11 44 1
a contact +75193 +76035 44 11 1
a contact +75193 +76035 11 44 1
a contact +81235 +82069 44 11 1
a contact +81235 +82069 11 44 1
a contact +113459 +113890 44 11 1
a contact +113459 +113890 11 44 1
a contact +119321 +120209 44 11 1
a contact +119321 +120209 11 44 1
a contact +125453 +126080 44 11 1
a contact +125453 +126080 11 44 1
a contact +159662 +160388 44 11 1
a contact +159662 +160388 11 44 1
a contact +165590 +166485 44 11 1
a contact +165590 +166485 11 44 1
a contact +172030 +172252 44 11 1
a contact +172030 +172252 11 44 1
a contact +203729 +204579 44 11 1
a contact +203729 +204579 11 44 1
a contact +209791 +210572 44 11 1
a contact +209791 +210572 11 44 1
a contact +244190 +244699 44 11 1
a contact +244190 +244699 11 44 1
a contact +249978 +250884 44 11 1
a contact +249978 +250884 11 44 1
a contact +256194 +256818 44 11 1
a contact +256194 +256818 11 44 1
a contact +288159 +288912 44 11 1
a contact +288159 +288912 11 44 1
a contact +294157 +295019 44 11 1
a contact +294157 +295019 11 44 1
a contact +334396 +335267 44 11 1
a contact +334396 +335267 11 44 1
a contact +340485 +341276 44 11 1
a contact +340485 +341276 11 44 1
a contact +372627 +373191 44 11 1
a contact +372627 +373191 11 44 1
a contact +378542 +379432 44 11 1
a contact +378542 +379432 11 44 1
a contact +384715 +385242 44 11 1
a contact +384715 +385242 11 44 1
a contact +418849 +419631 44 11 1
a contact +418849 +419631 11 44 1
a contact +424825 +425701 44 11 1
a contact +424825 +425701 11 44 1
a contact +462944 +463815 44 11 1
a contact +462944 +463815 11 44 1
a contact +469032 +469761 44 11 1
a contact +469032 +469761 11 44 1
a contact +503347 +503964 44 11 1
a contact +503347 +503964 11 44 1
a contact +509200 +510107 44 11 1
a contact +509200 +510107 11 44 1
a contact +515484 +515995 44 11 1
a contact +515484 +515995 11 44 1
a contact +547364 +548165 44 11 1
a contact +547364 +548165 11 44 1
a contact +553389 +554224 44 11 1
a contact +553389 +554224 11 44 1
a contact +587959 +588202 44 11 1
a contact +587959 +588202 11 44 1
a contact +593605 +594497 44 11 1
a contact +593605 +594497 11 44 1
a contact +599743 +600477 44 11 1
a contact +599743 +600477 11 44 1
a contact +3431 +4256 45 3 1
a contact +3431 +4256 3 45 1
a contact +9531 +10414 45 3 1
a contact +9531 +10414 3 45 1
a contact +15600 +16505 45 3 1
a contact +15600 +16505 3 45 1
a contact +21648 +22511 45 3 1
a contact +21648 +22511 3 45 1
a contact +27675 +28431 45 3 1
a contact +27675 +28431 3 45 1
a contact +33672 +34293 45 3 1
a contact +33672 +34293 3 45 1
a contact +39611 +40155 45 3 1
a contact +39611 +40155 3 45 1
a contact +45480 +46084 45 3 1
a contact +45480 +46084 3 45 1
a contact +51335 +52074 45 3 1
a contact +51335 +52074 3 45 1
a contact +57242 +58098 45 3 1
a contact +57242 +58098 3 45 1
a contact +63232 +64141 45 3 1
a contact +63232 +64141 3 45 1
a contact +69311 +70206 45 3 1
a contact +69311 +70206 3 45 1
a contact +75461 +76299 45 3 1
a contact +75461 +76299 3 45 1
a contact +81642 +82435 45 3 1
a contact +81642 +82435 3 45 1
a contact +87799 +88609 45 3 1
a contact +87799 +88609 3 45 1
a contact +93912 +94779 45 3 1
a contact +93912 +94779 3 45 1
a contact +99989 +100893 45 3 1
a contact +99989 +100893 3 45 1
a contact +106042 +106924 45 3 1
a contact +106042 +106924 3 45 1
a contact +112075 +112869 45 3 1
a contact +112075 +112869 3 45 1
a contact +118083 +118743 45 3 1
a contact +118083 +118743 3 45 1
a contact +124043 +124597 45 3 1
a contact +124043 +124597 3 45 1
a contact +129929 +130503 45 3 1
a contact +129929 +130503 3 45 1
a contact +135780 +136479 45 3 1
a contact +135780 +136479 3 45 1
a contact +141667 +142494 45 3 1
a contact +141667 +142494 3 45 1
a contact +147632 +148533 45 3 1
a contact +147632 +148533 3 45 1
a contact +153685 +154591 45 3 1
a contact +153685 +154591 3 45 1
a contact +159817 +160674 45 3 1
a contact +159817 +160674 3 45 1
a contact +165995 +166796 45 3 1
a contact +165995 +166796 3 45 1
a contact +172163 +172962 45 3 1
a contact +172163 +172962 3 45 1
a contact +178289 +179139 45 3 1
a contact +178289 +179139 3 45 1
a contact +184375 +185273 45 3 1
a contact +184375 +185273 3 45 1
a contact +190434 +191330 45 3 1
a contact +190434 +191330 3 45 1
a contact +196473 +197299 45 3 1
a contact +196473 +197299 3 45 1
a contact +202490 +203191 45 3 1
a contact +202490 +203191 3 45 1
a contact +208467 +209043 45 3 1
a contact +208467 +209043 3 45 1
a contact +214375 +214928 45 3 1
a contact +214375 +214928 3 45 1
a contact +220229 +220886 45 3 1
a contact +220229 +220886 3 45 1
a contact +226099 +226893 45 3 1
a contact +226099 +226893 3 45 1
a contact +232039 +232925 45 3 1
a contact +232039 +232925 3 45 1
a contact +238066 +238977 45 3 1
a contact +238066 +238977 3 45 1
a contact +244178 +245052 45 3 1
a contact +244178 +245052 3 45 1
a contact +250347 +251162 45 3 1
a contact +250347 +251162 3 45 1
a contact +256524 +257316 45 3 1
a contact +256524 +257316 3 45 1
a contact +262663 +263495 45 3 1
a contact +262663 +263495 3 45 1
a contact +268759 +269647 45 3 1
a contact +268759 +269647 3 45 1
a contact +274825 +275729 45 3 1
a contact +274825 +275729 3 45 1
a contact +280870 +281723 45 3 1
a contact +280870 +281723 3 45 1
a contact +286894 +287635 45 3 1
a contact +286894 +287635 3 45 1
a contact +292886 +293492 45 3 1
a contact +292886 +293492 3 45 1
a contact +298816 +299360 45 3 1
a contact +298816 +299360 3 45 1
a contact +304679 +305298 45 3 1
a contact +304679 +305298 3 45 1
a contact +310538 +311294 45 3 1
a contact +310538 +311294 3 45 1
a contact +316454 +317320 45 3 1
a contact +316454 +317320 3 45 1
a contact +322455 +323366 45 3 1
a contact +322455 +323366 3 45 1
a contact +328543 +329433 45 3 1
a contact +328543 +329433 3 45 1
a contact +334700 +335531 45 3 1
a contact +334700 +335531 3 45 1
a contact +340881 +341672 45 3 1
a contact +340881 +341672 3 45 1
a contact +347033 +347849 45 3 1
a contact +347033 +347849 3 45 1
a contact +353141 +354014 45 3 1
a contact +353141 +354014 3 45 1
a contact +359214 +360119 45 3 1
a contact +359214 +360119 3 45 1
a contact +365265 +366140 45 3 1
a contact +365265 +366140 3 45 1
a contact +371296 +372074 45 3 1
a contact +371296 +372074 3 45 1
a contact +377299 +377942 45 3 1
a contact +377299 +377942 3 45 1
a contact +383251 +383799 45 3 1
a contact +383251 +383799 3 45 1
a contact +389129 +389715 45 3 1
a contact +389129 +389715 3 45 1
a contact +394981 +395697 45 3 1
a contact +394981 +395697 3 45 1
a contact +400876 +401716 45 3 1
a contact +400876 +401716 3 45 1
a contact +406851 +407756 45 3 1
a contact +406851 +407756 3 45 1
a contact +412915 +413817 45 3 1
a contact +412915 +413817 3 45 1
a contact +419055 +419904 45 3 1
a contact +419055 +419904 3 45 1
a contact +425235 +426032 45 3 1
a contact +425235 +426032 3 45 1
a contact +431399 +432201 45 3 1
a contact +431399 +432201 3 45 1
a contact +437519 +438376 45 3 1
a contact +437519 +438376 3 45 1
a contact +443601 +444503 45 3 1
a contact +443601 +444503 3 45 1
a contact +449658 +450549 45 3 1
a contact +449658 +450549 3 45 1
a contact +455695 +456508 45 3 1
a contact +455695 +456508 3 45 1
a contact +461708 +462391 45 3 1
a contact +461708 +462391 3 45 1
a contact +467678 +468244 45 3 1
a contact +467678 +468244 3 45 1
a contact +473577 +474137 45 3 1
a contact +473577 +474137 3 45 1
a contact +479429 +480103 45 3 1
a contact +479429 +480103 3 45 1
a contact +485306 +486114 45 3 1
a contact +485306 +486114 3 45 1
a contact +491255 +492149 45 3 1
a contact +491255 +492149 3 45 1
a contact +497293 +498203 45 3 1
a contact +497293 +498203 3 45 1
a contact +503414 +504281 45 3 1
a contact +503414 +504281 3 45 1
a contact +509587 +510396 45 3 1
a contact +509587 +510396 3 45 1
a contact +515761 +516555 45 3 1
a contact +515761 +516555 3 45 1
a contact +521895 +522734 45 3 1
a contact +521895 +522734 3 45 1
a contact +527986 +528879 45 3 1
a contact +527986 +528879 3 45 1
a contact +534049 +534951 45 3 1
a contact +534049 +534951 3 45 1
a contact +540092 +540935 45 3 1
a contact +540092 +540935 3 45 1
a contact +546113 +546837 45 3 1
a contact +546113 +546837 3 45 1
a contact +552099 +552692 45 3 1
a contact +552099 +552692 3 45 1
a contact +558020 +558567 45 3 1
a contact +558020 +558567 3 45 1
a contact +563879 +564513 45 3 1
a contact +563879 +564513 3 45 1
a contact +569741 +570513 45 3 1
a contact +569741 +570513 3 45 1
a contact +575667 +576542 45 3 1
a contact +575667 +576542 3 45 1
a contact +581679 +582591 45 3 1
a contact +581679 +582591 3 45 1
a contact +587777 +588661 45 3 1
a contact +587777 +588661 3 45 1
a contact +593940 +594764 45 3 1
a contact +593940 +594764 3 45 1
a contact +600119 +600910 45 3 1
a contact +600119 +600910 3 45 1
a contact +14853 +15345 45 5 1
a contact +14853 +15345 5 45 1
a contact +20619 +21503 45 5 1
a contact +20619 +21503 5 45 1
a contact +26697 +27539 45 5 1
a contact +26697 +27539 5 45 1
a contact +33228 +33341 45 5 1
a contact +33228 +33341 5 45 1
a contact +58257 +58995 45 5 1
a contact +58257 +58995 5 45 1
a contact +64264 +65159 45 5 1
a contact +64264 +65159 5 45 1
a contact +70371 +71032 45 5 1
a contact +70371 +71032 5 45 1
a contact +105054 +105882 45 5 1
a contact +105054 +105882 5 45 1
a contact +111051 +111943 45 5 1
a contact +111051 +111943 5 45 1
a contact +117365 +117891 45 5 1
a contact +117365 +117891 5 45 1
a contact +142689 +143282 45 5 1
a contact +142689 +143282 5 45 1
a contact +148658 +149547 45 5 1
a contact +148658 +149547 5 45 1
a contact +154732 +155510 45 5 1
a contact +154732 +155510 5 45 1
a contact +189517 +190249 45 5 1
a contact +189517 +190249 5 45 1
a contact +195430 +196340 45 5 1
a contact +195430 +196340 5 45 1
a contact +201633 +202334 45 5 1
a contact +201633 +202334 5 45 1
a contact +227169 +227501 45 5 1
a contact +227169 +227501 5 45 1
a contact +233059 +233912 45 5 1
a contact +233059 +233912 5 45 1
a contact +239106 +239956 45 5 1
a contact +239106 +239956 5 45 1
a contact +245309 +245652 45 5 1
a contact +245309 +245652 5 45 1
a contact +274016 +274598 45 5 1
a contact +274016 +274598 5 45 1
a contact +279832 +280729 45 5 1
a contact +279832 +280729 5 45 1
a contact +285945 +286754 45 5 1
a contact +285945 +286754 5 45 1
a contact +317469 +318250 45 5 1
a contact +317469 +318250 5 45 1
a contact +323489 +324377 45 5 1
a contact +323489 +324377 5 45 1
a contact +329615 +330209 45 5 1
a contact +329615 +330209 5 45 1
a contact +358588 +358892 45 5 1
a contact +358588 +358892 5 45 1
a contact +364257 +365112 45 5 1
a contact +364257 +365112 5 45 1
a contact +370288 +371162 45 5 1
a contact +370288 +371162 5 45 1
a contact +376662 +377078 45 5 1
a contact +376662 +377078 5 45 1
a contact +401893 +402555 45 5 1
a contact +401893 +402555 5 45 1
a contact +407880 +408775 45 5 1
a contact +407880 +408775 5 45 1
a contact +413966 +414702 45 5 1
a contact +413966 +414702 5 45 1
a contact +448707 +449485 45 5 1
a contact +448707 +449485 5 45 1
a contact +454656 +455562 45 5 1
a contact +454656 +455562 5 45 1
a contact +460901 +461541 45 5 1
a contact +460901 +461541 5 45 1
a contact +486345 +486810 45 5 1
a contact +486345 +486810 5 45 1
a contact +492278 +493150 45 5 1
a contact +492278 +493150 5 45 1
a contact +498336 +499161 45 5 1
a contact +498336 +499161 5 45 1
a contact +504640 +504731 45 5 1
a contact +504640 +504731 5 45 1
a contact +533190 +533843 45 5 1
a contact +533190 +533843 5 45 1
a contact +539048 +539955 45 5 1
a contact +539048 +539955 5 45 1
a contact +545197 +545968 45 5 1
a contact +545197 +545968 5 45 1
a contact +576684 +577499 45 5 1
a contact +576684 +577499 5 45 1
a contact +582716 +583592 45 5 1
a contact +582716 +583592 5 45 1
a contact +588865 +589376 45 5 1
a contact +588865 +589376 5 45 1
a contact +23502 +24355 45 7 1
a contact +23502 +24355 7 45 1
a contact +29574 +30381 45 7 1
a contact +29574 +30381 7 45 1
a contact +61462 +62100 45 7 1
a contact +61462 +62100 7 45 1
a contact +67415 +68323 45 7 1
a contact +67415 +68323 7 45 1
a contact +73545 +74179 45 7 1
a contact +73545 +74179 7 45 1
a contact +107952 +108723 45 7 1
a contact +107952 +108723 7 45 1
a contact +113924 +114795 45 7 1
a contact +113924 +114795 7 45 1
a contact +120352 +120610 45 7 1
a contact +120352 +120610 7 45 1
a contact +145974 +146305 45 7 1
a contact +145974 +146305 7 45 1
a contact +151814 +152705 45 7 1
a contact +151814 +152705 7 45 1
a contact +157889 +158671 45 7 1
a contact +157889 +158671 7 45 1
a contact +192442 +193067 45 7 1
a contact +192442 +193067 7 45 1
a contact +198303 +199196 45 7 1
a contact +198303 +199196 7 45 1
a contact +204537 +205141 45 7 1
a contact +204537 +205141 7 45 1
a contact +236228 +237056 45 7 1
a contact +236228 +237056 7 45 1
a contact +242257 +243122 45 7 1
a contact +242257 +243122 7 45 1
a contact +277011 +277351 45 7 1
a contact +277011 +277351 7 45 1
a contact +282711 +283584 45 7 1
a contact +282711 +283584 7 45 1
a contact +288826 +289590 45 7 1
a contact +288826 +289590 7 45 1
a contact +320660 +321371 45 7 1
a contact +320660 +321371 7 45 1
a contact +326639 +327543 45 7 1
a contact +326639 +327543 7 45 1
a contact +332802 +333343 45 7 1
a contact +332802 +333343 7 45 1
a contact +367147 +367958 45 7 1
a contact +367147 +367958 7 45 1
a contact +373161 +374012 45 7 1
a contact +373161 +374012 7 45 1
a contact +405132 +405625 45 7 1
a contact +405132 +405625 7 45 1
a contact +411033 +411936 45 7 1
a contact +411033 +411936 7 45 1
a contact +417129 +417859 45 7 1
a contact +417129 +417859 7 45 1
a contact +451619 +452314 45 7 1
a contact +451619 +452314 7 45 1
a contact +457529 +458417 45 7 1
a contact +457529 +458417 7 45 1
a contact +463824 +464326 45 7 1
a contact +463824 +464326 7 45 1
a contact +495441 +496301 45 7 1
a contact +495441 +496301 7 45 1
a contact +501488 +502326 45 7 1
a contact +501488 +502326 7 45 1
a contact +536146 +536633 45 7 1
a contact +536146 +536633 7 45 1
a contact +541925 +542811 45 7 1
a contact +541925 +542811 7 45 1
a contact +548085 +548795 45 7 1
a contact +548085 +548795 7 45 1
a contact +579864 +580632 45 7 1
a contact +579864 +580632 7 45 1
a contact +585865 +586758 45 7 1
a contact +585865 +586758 7 45 1
a contact +592073 +592489 45 7 1
a contact +592073 +592489 7 45 1
a contact +5099 +5771 45 9 1
a contact +5099 +5771 9 45 1
a contact +37879 +38374 45 9 1
a contact +37879 +38374 9 45 1
a contact +43721 +44625 45 9 1
a contact +43721 +44625 9 45 1
a contact +50067 +50283 45 9 1
a contact +50067 +50283 9 45 1
a contact +83422 +84178 45 9 1
a contact +83422 +84178 9 45 1
a contact +89416 +90235 45 9 1
a contact +89416 +90235 9 45 1
a contact +128125 +129014 45 9 1
a contact +128125 +129014 9 45 1
a contact +134261 +134911 45 9 1
a contact +134261 +134911 9 45 1
a contact +167938 +168477 45 9 1
a contact +167938 +168477 9 45 1
a contact +173780 +174660 45 9 1
a contact +173780 +174660 9 45 1
a contact +212559 +213367 45 9 1
a contact +212559 +213367 9 45 1
a contact +218584 +219400 45 9 1
a contact +218584 +219400 9 45 1
a contact +258180 +259055 45 9 1
a contact +258180 +259055 9 45 1
a contact +264375 +264945 45 9 1
a contact +264375 +264945 9 45 1
a contact +297039 +297666 45 9 1
a contact +297039 +297666 9 45 1
a contact +302948 +303840 45 9 1
a contact +302948 +303840 9 45 1
a contact +342615 +343422 45 9 1
a contact +342615 +343422 9 45 1
a contact +348663 +349435 45 9 1
a contact +348663 +349435 9 45 1
a contact +387341 +388243 45 9 1
a contact +387341 +388243 9 45 1
a contact +393536 +394069 45 9 1
a contact +393536 +394069 9 45 1
a contact +427100 +427749 45 9 1
a contact +427100 +427749 9 45 1
a contact +433010 +433874 45 9 1
a contact +433010 +433874 9 45 1
a contact +471761 +472612 45 9 1
a contact +471761 +472612 9 45 1
a contact +477830 +478591 45 9 1
a contact +477830 +478591 9 45 1
a contact +511707 +511962 45 9 1
a contact +511707 +511962 9 45 1
a contact +517396 +518281 45 9 1
a contact +517396 +518281 9 45 1
a contact +523679 +524094 45 9 1
a contact +523679 +524094 9 45 1
a contact +556218 +556937 45 9 1
a contact +556218 +556937 9 45 1
a contact +562179 +563048 45 9 1
a contact +562179 +563048 9 45 1
a contact +601816 +602660 45 9 1
a contact +601816 +602660 9 45 1
a contact +28436 +29067 45 11 1
a contact +28436 +29067 11 45 1
a contact +34379 +35266 45 11 1
a contact +34379 +35266 11 45 1
a contact +40587 +41025 45 11 1
a contact +40587 +41025 11 45 1
a contact +74664 +75478 45 11 1
a contact +74664 +75478 11 45 1
a contact +80672 +81530 45 11 1
a contact +80672 +81530 11 45 1
a contact +112981 +113254 45 11 1
a contact +112981 +113254 11 45 1
a contact +118776 +119657 45 11 1
a contact +118776 +119657 11 45 1
a contact +124884 +125569 45 11 1
a contact +124884 +125569 11 45 1
a contact +159148 +159821 45 11 1
a contact +159148 +159821 11 45 1
a contact +165038 +165941 45 11 1
a contact +165038 +165941 11 45 1
a contact +171380 +171787 45 11 1
a contact +171380 +171787 11 45 1
a contact +203191 +204017 45 11 1
a contact +203191 +204017 11 45 1
a contact +209233 +210045 45 11 1
a contact +209233 +210045 11 45 1
a contact +243708 +244106 45 11 1
a contact +243708 +244106 11 45 1
a contact +249435 +250335 45 11 1
a contact +249435 +250335 11 45 1
a contact +255608 +256295 45 11 1
a contact +255608 +256295 11 45 1
a contact +287629 +288337 45 11 1
a contact +287629 +288337 11 45 1
a contact +293605 +294481 45 11 1
a contact +293605 +294481 11 45 1
a contact +299902 +300128 45 11 1
a contact +299902 +300128 11 45 1
a contact +333863 +334713 45 11 1
a contact +333863 +334713 11 45 1
a contact +339917 +340741 45 11 1
a contact +339917 +340741 11 45 1
a contact +372118 +372588 45 11 1
a contact +372118 +372588 11 45 1
a contact +377996 +378885 45 11 1
a contact +377996 +378885 11 45 1
a contact +384137 +384742 45 11 1
a contact +384137 +384742 11 45 1
a contact +418328 +419069 45 11 1
a contact +418328 +419069 11 45 1
a contact +424268 +425159 45 11 1
a contact +424268 +425159 11 45 1
a contact +430777 +430864 45 11 1
a contact +430777 +430864 11 45 1
a contact +462403 +463258 45 11 1
a contact +462403 +463258 11 45 1
a contact +468470 +469239 45 11 1
a contact +468470 +469239 11 45 1
a contact +502847 +503387 45 11 1
a contact +502847 +503387 11 45 1
a contact +508653 +509560 45 11 1
a contact +508653 +509560 11 45 1
a contact +514884 +515483 45 11 1
a contact +514884 +515483 11 45 1
a contact +546830 +547596 45 11 1
a contact +546830 +547596 11 45 1
a contact +552835 +553690 45 11 1
a contact +552835 +553690 11 45 1
a contact +593068 +593945 45 11 1
a contact +593068 +593945 11 45 1
a contact +599168 +599946 45 11 1
a contact +599168 +599946 11 45 1
a contact +2875 +3695 46 3 1
a contact +2875 +3695 3 46 1
a contact +8979 +9857 46 3 1
a contact +8979 +9857 3 46 1
a contact +15050 +15956 46 3 1
a contact +15050 +15956 3 46 1
a contact +21099 +21969 46 3 1
a contact +21099 +21969 3 46 1
a contact +27129 +27897 46 3 1
a contact +27129 +27897 3 46 1
a contact +33129 +33762 46 3 1
a contact +33129 +33762 3 46 1
a contact +39075 +39621 46 3 1
a contact +39075 +39621 3 46 1
a contact +44949 +45543 46 3 1
a contact +44949 +45543 3 46 1
a contact +50802 +51529 46 3 1
a contact +50802 +51529 3 46 1
a contact +56703 +57550 46 3 1
a contact +56703 +57550 3 46 1
a contact +62685 +63592 46 3 1
a contact +62685 +63592 3 46 1
a contact +68756 +69654 46 3 1
a contact +68756 +69654 3 46 1
a contact +74901 +75745 46 3 1
a contact +74901 +75745 3 46 1
a contact +81081 +81876 46 3 1
a contact +81081 +81876 3 46 1
a contact +87242 +88048 46 3 1
a contact +87242 +88048 3 46 1
a contact +93359 +94220 46 3 1
a contact +93359 +94220 3 46 1
a contact +99438 +100341 46 3 1
a contact +99438 +100341 3 46 1
a contact +105493 +106381 46 3 1
a contact +105493 +106381 3 46 1
a contact +111528 +112332 46 3 1
a contact +111528 +112332 3 46 1
a contact +117539 +118211 46 3 1
a contact +117539 +118211 3 46 1
a contact +123505 +124064 46 3 1
a contact +123505 +124064 3 46 1
a contact +129398 +129964 46 3 1
a contact +129398 +129964 3 46 1
a contact +135248 +135934 46 3 1
a contact +135248 +135934 3 46 1
a contact +141130 +141947 46 3 1
a contact +141130 +141947 3 46 1
a contact +147087 +147984 46 3 1
a contact +147087 +147984 3 46 1
a contact +153132 +154040 46 3 1
a contact +153132 +154040 3 46 1
a contact +159258 +160121 46 3 1
a contact +159258 +160121 3 46 1
a contact +165434 +166239 46 3 1
a contact +165434 +166239 3 46 1
a contact +171605 +172401 46 3 1
a contact +171605 +172401 3 46 1
a contact +177735 +178579 46 3 1
a contact +177735 +178579 3 46 1
a contact +183824 +184719 46 3 1
a contact +183824 +184719 3 46 1
a contact +189885 +190784 46 3 1
a contact +189885 +190784 3 46 1
a contact +195926 +196761 46 3 1
a contact +195926 +196761 3 46 1
a contact +201945 +202658 46 3 1
a contact +201945 +202658 3 46 1
a contact +207927 +208512 46 3 1
a contact +207927 +208512 3 46 1
a contact +213842 +214391 46 3 1
a contact +213842 +214391 3 46 1
a contact +219698 +220343 46 3 1
a contact +219698 +220343 3 46 1
a contact +225564 +226346 46 3 1
a contact +225564 +226346 3 46 1
a contact +231496 +232377 46 3 1
a contact +231496 +232377 3 46 1
a contact +237516 +238427 46 3 1
a contact +237516 +238427 3 46 1
a contact +243620 +244500 46 3 1
a contact +243620 +244500 3 46 1
a contact +249786 +250605 46 3 1
a contact +249786 +250605 3 46 1
a contact +255964 +256756 46 3 1
a contact +255964 +256756 3 46 1
a contact +262108 +262934 46 3 1
a contact +262108 +262934 3 46 1
a contact +268207 +269091 46 3 1
a contact +268207 +269091 3 46 1
a contact +274275 +275180 46 3 1
a contact +274275 +275180 3 46 1
a contact +280322 +281183 46 3 1
a contact +280322 +281183 3 46 1
a contact +286348 +287101 46 3 1
a contact +286348 +287101 3 46 1
a contact +292344 +292961 46 3 1
a contact +292344 +292961 3 46 1
a contact +298281 +298825 46 3 1
a contact +298281 +298825 3 46 1
a contact +304148 +304756 46 3 1
a contact +304148 +304756 3 46 1
a contact +310004 +310748 46 3 1
a contact +310004 +310748 3 46 1
a contact +315914 +316772 46 3 1
a contact +315914 +316772 3 46 1
a contact +321907 +322816 46 3 1
a contact +321907 +322816 3 46 1
a contact +327988 +328882 46 3 1
a contact +327988 +328882 3 46 1
a contact +334140 +334976 46 3 1
a contact +334140 +334976 3 46 1
a contact +340320 +341113 46 3 1
a contact +340320 +341113 3 46 1
a contact +346477 +347288 46 3 1
a contact +346477 +347288 3 46 1
a contact +352588 +353456 46 3 1
a contact +352588 +353456 3 46 1
a contact +358664 +359569 46 3 1
a contact +358664 +359569 3 46 1
a contact +364716 +365597 46 3 1
a contact +364716 +365597 3 46 1
a contact +370749 +371539 46 3 1
a contact +370749 +371539 3 46 1
a contact +376756 +377411 46 3 1
a contact +376756 +377411 3 46 1
a contact +382714 +383266 46 3 1
a contact +382714 +383266 3 46 1
a contact +388598 +389174 46 3 1
a contact +388598 +389174 3 46 1
a contact +394449 +395152 46 3 1
a contact +394449 +395152 3 46 1
a contact +400338 +401169 46 3 1
a contact +400338 +401169 3 46 1
a contact +406305 +407207 46 3 1
a contact +406305 +407207 3 46 1
a contact +412361 +413266 46 3 1
a contact +412361 +413266 3 46 1
a contact +418496 +419351 46 3 1
a contact +418496 +419351 3 46 1
a contact +424674 +425474 46 3 1
a contact +424674 +425474 3 46 1
a contact +430841 +431640 46 3 1
a contact +430841 +431640 3 46 1
a contact +436966 +437817 46 3 1
a contact +436966 +437817 3 46 1
a contact +443050 +443950 46 3 1
a contact +443050 +443950 3 46 1
a contact +449109 +450004 46 3 1
a contact +449109 +450004 3 46 1
a contact +455148 +455971 46 3 1
a contact +455148 +455971 3 46 1
a contact +461163 +461860 46 3 1
a contact +461163 +461860 3 46 1
a contact +467139 +467712 46 3 1
a contact +467139 +467712 3 46 1
a contact +473045 +473599 46 3 1
a contact +473045 +473599 3 46 1
a contact +478897 +479559 46 3 1
a contact +478897 +479559 3 46 1
a contact +484770 +485567 46 3 1
a contact +484770 +485567 3 46 1
a contact +490712 +491600 46 3 1
a contact +490712 +491600 3 46 1
a contact +496742 +497652 46 3 1
a contact +496742 +497652 3 46 1
a contact +502856 +503728 46 3 1
a contact +502856 +503728 3 46 1
a contact +509026 +509839 46 3 1
a contact +509026 +509839 3 46 1
a contact +515202 +515994 46 3 1
a contact +515202 +515994 3 46 1
a contact +521340 +522173 46 3 1
a contact +521340 +522173 3 46 1
a contact +527435 +528324 46 3 1
a contact +527435 +528324 3 46 1
a contact +533500 +534403 46 3 1
a contact +533500 +534403 3 46 1
a contact +539544 +540395 46 3 1
a contact +539544 +540395 3 46 1
a contact +545568 +546304 46 3 1
a contact +545568 +546304 3 46 1
a contact +551558 +552161 46 3 1
a contact +551558 +552161 3 46 1
a contact +557486 +558031 46 3 1
a contact +557486 +558031 3 46 1
a contact +563348 +563970 46 3 1
a contact +563348 +563970 3 46 1
a contact +569207 +569967 46 3 1
a contact +569207 +569967 3 46 1
a contact +575126 +575994 46 3 1
a contact +575126 +575994 3 46 1
a contact +581130 +582041 46 3 1
a contact +581130 +582041 3 46 1
a contact +587221 +588109 46 3 1
a contact +587221 +588109 3 46 1
a contact +593379 +594208 46 3 1
a contact +593379 +594208 3 46 1
a contact +599559 +600351 46 3 1
a contact +599559 +600351 3 46 1
a contact +14360 +14766 46 5 1
a contact +14360 +14766 5 46 1
a contact +20080 +20951 46 5 1
a contact +20080 +20951 5 46 1
a contact +26134 +26994 46 5 1
a contact +26134 +26994 5 46 1
a contact +32562 +32876 46 5 1
a contact +32562 +32876 5 46 1
a contact +57718 +58418 46 5 1
a contact +57718 +58418 5 46 1
a contact +63715 +64611 46 5 1
a contact +63715 +64611 5 46 1
a contact +69811 +70514 46 5 1
a contact +69811 +70514 5 46 1
a contact +104524 +105327 46 5 1
a contact +104524 +105327 5 46 1
a contact +110496 +111396 46 5 1
a contact +110496 +111396 5 46 1
a contact +116772 +117362 46 5 1
a contact +116772 +117362 5 46 1
a contact +142159 +142690 46 5 1
a contact +142159 +142690 5 46 1
a contact +148111 +148992 46 5 1
a contact +148111 +148992 5 46 1
a contact +154176 +154981 46 5 1
a contact +154176 +154981 5 46 1
a contact +188997 +189690 46 5 1
a contact +188997 +189690 5 46 1
a contact +194882 +195791 46 5 1
a contact +194882 +195791 5 46 1
a contact +201055 +201796 46 5 1
a contact +201055 +201796 5 46 1
a contact +226689 +226851 46 5 1
a contact +226689 +226851 5 46 1
a contact +232515 +233349 46 5 1
a contact +232515 +233349 5 46 1
a contact +238554 +239419 46 5 1
a contact +238554 +239419 5 46 1
a contact +244724 +245166 46 5 1
a contact +244724 +245166 5 46 1
a contact +273512 +274028 46 5 1
a contact +273512 +274028 5 46 1
a contact +279290 +280178 46 5 1
a contact +279290 +280178 5 46 1
a contact +285378 +286212 46 5 1
a contact +285378 +286212 5 46 1
a contact +316928 +317678 46 5 1
a contact +316928 +317678 5 46 1
a contact +322939 +323833 46 5 1
a contact +322939 +323833 5 46 1
a contact +329051 +329696 46 5 1
a contact +329051 +329696 5 46 1
a contact +358162 +358250 46 5 1
a contact +358162 +358250 5 46 1
a contact +363723 +364558 46 5 1
a contact +363723 +364558 5 46 1
a contact +369729 +370617 46 5 1
a contact +369729 +370617 5 46 1
a contact +376057 +376558 46 5 1
a contact +376057 +376558 5 46 1
a contact +401358 +401970 46 5 1
a contact +401358 +401970 5 46 1
a contact +407333 +408223 46 5 1
a contact +407333 +408223 5 46 1
a contact +413409 +414177 46 5 1
a contact +413409 +414177 5 46 1
a contact +448183 +448927 46 5 1
a contact +448183 +448927 5 46 1
a contact +454105 +455014 46 5 1
a contact +454105 +455014 5 46 1
a contact +460318 +461005 46 5 1
a contact +460318 +461005 5 46 1
a contact +485829 +486200 46 5 1
a contact +485829 +486200 5 46 1
a contact +491733 +492590 46 5 1
a contact +491733 +492590 5 46 1
a contact +497782 +498626 46 5 1
a contact +497782 +498626 5 46 1
a contact +504000 +504302 46 5 1
a contact +504000 +504302 5 46 1
a contact +532678 +533278 46 5 1
a contact +532678 +533278 5 46 1
a contact +538504 +539405 46 5 1
a contact +538504 +539405 5 46 1
a contact +544626 +545427 46 5 1
a contact +544626 +545427 5 46 1
a contact +576142 +576931 46 5 1
a contact +576142 +576931 5 46 1
a contact +582165 +583050 46 5 1
a contact +582165 +583050 5 46 1
a contact +588295 +588871 46 5 1
a contact +588295 +588871 5 46 1
a contact +22967 +23800 46 7 1
a contact +22967 +23800 7 46 1
a contact +29009 +29841 46 7 1
a contact +29009 +29841 7 46 1
a contact +60939 +61508 46 7 1
a contact +60939 +61508 7 46 1
a contact +66867 +67774 46 7 1
a contact +66867 +67774 7 46 1
a contact +72978 +73666 46 7 1
a contact +72978 +73666 7 46 1
a contact +107428 +108162 46 7 1
a contact +107428 +108162 7 46 1
a contact +113368 +114250 46 7 1
a contact +113368 +114250 7 46 1
a contact +119715 +120125 46 7 1
a contact +119715 +120125 7 46 1
a contact +145568 +145588 46 7 1
a contact +145568 +145588 7 46 1
a contact +151270 +152147 46 7 1
a contact +151270 +152147 7 46 1
a contact +157331 +158144 46 7 1
a contact +157331 +158144 7 46 1
a contact +191936 +192495 46 7 1
a contact +191936 +192495 7 46 1
a contact +197756 +198647 46 7 1
a contact +197756 +198647 7 46 1
a contact +203950 +204614 46 7 1
a contact +203950 +204614 7 46 1
a contact +235689 +236488 46 7 1
a contact +235689 +236488 7 46 1
a contact +241703 +242586 46 7 1
a contact +241703 +242586 7 46 1
a contact +247959 +248252 46 7 1
a contact +247959 +248252 7 46 1
a contact +276582 +276708 46 7 1
a contact +276582 +276708 7 46 1
a contact +282173 +283031 46 7 1
a contact +282173 +283031 7 46 1
a contact +288255 +289052 46 7 1
a contact +288255 +289052 7 46 1
a contact +320130 +320788 46 7 1
a contact +320130 +320788 7 46 1
a contact +326089 +326998 46 7 1
a contact +326089 +326998 7 46 1
a contact +332227 +332840 46 7 1
a contact +332227 +332840 7 46 1
a contact +366619 +367401 46 7 1
a contact +366619 +367401 7 46 1
a contact +372601 +373468 46 7 1
a contact +372601 +373468 7 46 1
a contact +379072 +379248 46 7 1
a contact +379072 +379248 7 46 1
a contact +404629 +405008 46 7 1
a contact +404629 +405008 7 46 1
a contact +410488 +411382 46 7 1
a contact +410488 +411382 7 46 1
a contact +416568 +417337 46 7 1
a contact +416568 +417337 7 46 1
a contact +451104 +451748 46 7 1
a contact +451104 +451748 7 46 1
a contact +456978 +457870 46 7 1
a contact +456978 +457870 7 46 1
a contact +463226 +463808 46 7 1
a contact +463226 +463808 7 46 1
a contact +494899 +495737 46 7 1
a contact +494899 +495737 7 46 1
a contact +500933 +501793 46 7 1
a contact +500933 +501793 7 46 1
a contact +535660 +536043 46 7 1
a contact +535660 +536043 7 46 1
a contact +541383 +542260 46 7 1
a contact +541383 +542260 7 46 1
a contact +547509 +548260 46 7 1
a contact +547509 +548260 7 46 1
a contact +579329 +580056 46 7 1
a contact +579329 +580056 7 46 1
a contact +585314 +586216 46 7 1
a contact +585314 +586216 7 46 1
a contact +591486 +592001 46 7 1
a contact +591486 +592001 7 46 1
a contact +4520 +5251 46 9 1
a contact +4520 +5251 9 46 1
a contact +37404 +37747 46 9 1
a contact +37404 +37747 9 46 1
a contact +43173 +44079 46 9 1
a contact +43173 +44079 9 46 1
a contact +49422 +49843 46 9 1
a contact +49422 +49843 9 46 1
a contact +82903 +83608 46 9 1
a contact +82903 +83608 9 46 1
a contact +88854 +89700 46 9 1
a contact +88854 +89700 9 46 1
a contact +127586 +128457 46 9 1
a contact +127586 +128457 9 46 1
a contact +133685 +134399 46 9 1
a contact +133685 +134399 9 46 1
a contact +167454 +167875 46 9 1
a contact +167454 +167875 9 46 1
a contact +173230 +174115 46 9 1
a contact +173230 +174115 9 46 1
a contact +179606 +179841 46 9 1
a contact +179606 +179841 9 46 1
a contact +212031 +212796 46 9 1
a contact +212031 +212796 9 46 1
a contact +218023 +218870 46 9 1
a contact +218023 +218870 9 46 1
a contact +257640 +258502 46 9 1
a contact +257640 +258502 9 46 1
a contact +263785 +264435 46 9 1
a contact +263785 +264435 9 46 1
a contact +296535 +297069 46 9 1
a contact +296535 +297069 9 46 1
a contact +302396 +303298 46 9 1
a contact +302396 +303298 9 46 1
a contact +342089 +342858 46 9 1
a contact +342089 +342858 9 46 1
a contact +348096 +348905 46 9 1
a contact +348096 +348905 9 46 1
a contact +386797 +387691 46 9 1
a contact +386797 +387691 9 46 1
a contact +392947 +393571 46 9 1
a contact +392947 +393571 9 46 1
a contact +426595 +427165 46 9 1
a contact +426595 +427165 9 46 1
a contact +432456 +433332 46 9 1
a contact +432456 +433332 9 46 1
a contact +471228 +472048 46 9 1
a contact +471228 +472048 9 46 1
a contact +477264 +478068 46 9 1
a contact +477264 +478068 9 46 1
a contact +516852 +517731 46 9 1
a contact +516852 +517731 9 46 1
a contact +523067 +523604 46 9 1
a contact +523067 +523604 9 46 1
a contact +555701 +556354 46 9 1
a contact +555701 +556354 9 46 1
a contact +561624 +562511 46 9 1
a contact +561624 +562511 9 46 1
a contact +601284 +602101 46 9 1
a contact +601284 +602101 9 46 1
a contact +27918 +28473 46 11 1
a contact +27918 +28473 11 46 1
a contact +33830 +34720 46 11 1
a contact +33830 +34720 11 46 1
a contact +39999 +40535 46 11 1
a contact +39999 +40535 11 46 1
a contact +74139 +74917 46 11 1
a contact +74139 +74917 11 46 1
a contact +80112 +80989 46 11 1
a contact +80112 +80989 11 46 1
a contact +118232 +119102 46 11 1
a contact +118232 +119102 11 46 1
a contact +124318 +125051 46 11 1
a contact +124318 +125051 11 46 1
a contact +158639 +159249 46 11 1
a contact +158639 +159249 11 46 1
a contact +164487 +165395 46 11 1
a contact +164487 +165395 11 46 1
a contact +170765 +171287 46 11 1
a contact +170765 +171287 11 46 1
a contact +202653 +203451 46 11 1
a contact +202653 +203451 11 46 1
a contact +208676 +209513 46 11 1
a contact +208676 +209513 11 46 1
a contact +243260 +243478 46 11 1
a contact +243260 +243478 11 46 1
a contact +248894 +249784 46 11 1
a contact +248894 +249784 11 46 1
a contact +255027 +255767 46 11 1
a contact +255027 +255767 11 46 1
a contact +287103 +287754 46 11 1
a contact +287103 +287754 11 46 1
a contact +293054 +293939 46 11 1
a contact +293054 +293939 11 46 1
a contact +299278 +299676 46 11 1
a contact +299278 +299676 11 46 1
a contact +333332 +334156 46 11 1
a contact +333332 +334156 11 46 1
a contact +339351 +340202 46 11 1
a contact +339351 +340202 11 46 1
a contact +371628 +371963 46 11 1
a contact +371628 +371963 11 46 1
a contact +377450 +378334 46 11 1
a contact +377450 +378334 11 46 1
a contact +383565 +384232 46 11 1
a contact +383565 +384232 11 46 1
a contact +417811 +418503 46 11 1
a contact +417811 +418503 11 46 1
a contact +423714 +424615 46 11 1
a contact +423714 +424615 11 46 1
a contact +430082 +430441 46 11 1
a contact +430082 +430441 11 46 1
a contact +461862 +462697 46 11 1
a contact +461862 +462697 11 46 1
a contact +467910 +468713 46 11 1
a contact +467910 +468713 11 46 1
a contact +502359 +502797 46 11 1
a contact +502359 +502797 11 46 1
a contact +508108 +509011 46 11 1
a contact +508108 +509011 11 46 1
a contact +514294 +514962 46 11 1
a contact +514294 +514962 11 46 1
a contact +546298 +547021 46 11 1
a contact +546298 +547021 11 46 1
a contact +552281 +553152 46 11 1
a contact +552281 +553152 11 46 1
a contact +558628 +558745 46 11 1
a contact +558628 +558745 11 46 1
a contact +592533 +593390 46 11 1
a contact +592533 +593390 11 46 1
a contact +598598 +599411 46 11 1
a contact +598598 +599411 11 46 1
a contact +2318 +3133 47 3 1
a contact +2318 +3133 3 47 1
a contact +8426 +9299 47 3 1
a contact +8426 +9299 3 47 1
a contact +14499 +15405 47 3 1
a contact +14499 +15405 3 47 1
a contact +20550 +21426 47 3 1
a contact +20550 +21426 3 47 1
a contact +26581 +27361 47 3 1
a contact +26581 +27361 3 47 1
a contact +32585 +33230 47 3 1
a contact +32585 +33230 3 47 1
a contact +38537 +39086 47 3 1
a contact +38537 +39086 3 47 1
a contact +44417 +45001 47 3 1
a contact +44417 +45001 3 47 1
a contact +50268 +50983 47 3 1
a contact +50268 +50983 3 47 1
a contact +56163 +57001 47 3 1
a contact +56163 +57001 3 47 1
a contact +62137 +63042 47 3 1
a contact +62137 +63042 3 47 1
a contact +68200 +69102 47 3 1
a contact +68200 +69102 3 47 1
a contact +74340 +75189 47 3 1
a contact +74340 +75189 3 47 1
a contact +80519 +81317 47 3 1
a contact +80519 +81317 3 47 1
a contact +86683 +87485 47 3 1
a contact +86683 +87485 3 47 1
a contact +92804 +93660 47 3 1
a contact +92804 +93660 3 47 1
a contact +98886 +99788 47 3 1
a contact +98886 +99788 3 47 1
a contact +104943 +105835 47 3 1
a contact +104943 +105835 3 47 1
a contact +110980 +111794 47 3 1
a contact +110980 +111794 3 47 1
a contact +116994 +117679 47 3 1
a contact +116994 +117679 3 47 1
a contact +122965 +123531 47 3 1
a contact +122965 +123531 3 47 1
a contact +128864 +129424 47 3 1
a contact +128864 +129424 3 47 1
a contact +134716 +135389 47 3 1
a contact +134716 +135389 3 47 1
a contact +140592 +141399 47 3 1
a contact +140592 +141399 3 47 1
a contact +146541 +147434 47 3 1
a contact +146541 +147434 3 47 1
a contact +152579 +153488 47 3 1
a contact +152579 +153488 3 47 1
a contact +158698 +159566 47 3 1
a contact +158698 +159566 3 47 1
a contact +164871 +165680 47 3 1
a contact +164871 +165680 3 47 1
a contact +171045 +171839 47 3 1
a contact +171045 +171839 3 47 1
a contact +177179 +178018 47 3 1
a contact +177179 +178018 3 47 1
a contact +183271 +184164 47 3 1
a contact +183271 +184164 3 47 1
a contact +189335 +190236 47 3 1
a contact +189335 +190236 3 47 1
a contact +195377 +196221 47 3 1
a contact +195377 +196221 3 47 1
a contact +201399 +202125 47 3 1
a contact +201399 +202125 3 47 1
a contact +207386 +207979 47 3 1
a contact +207386 +207979 3 47 1
a contact +213307 +213853 47 3 1
a contact +213307 +213853 3 47 1
a contact +219166 +219799 47 3 1
a contact +219166 +219799 3 47 1
a contact +225028 +225799 47 3 1
a contact +225028 +225799 3 47 1
a contact +230953 +231828 47 3 1
a contact +230953 +231828 3 47 1
a contact +236964 +237876 47 3 1
a contact +236964 +237876 3 47 1
a contact +243062 +243946 47 3 1
a contact +243062 +243946 3 47 1
a contact +249224 +250048 47 3 1
a contact +249224 +250048 3 47 1
a contact +255403 +256194 47 3 1
a contact +255403 +256194 3 47 1
a contact +261551 +262372 47 3 1
a contact +261551 +262372 3 47 1
a contact +267654 +268533 47 3 1
a contact +267654 +268533 3 47 1
a contact +273724 +274630 47 3 1
a contact +273724 +274630 3 47 1
a contact +279773 +280641 47 3 1
a contact +279773 +280641 3 47 1
a contact +285801 +286566 47 3 1
a contact +285801 +286566 3 47 1
a contact +291801 +292429 47 3 1
a contact +291801 +292429 3 47 1
a contact +297744 +298290 47 3 1
a contact +297744 +298290 3 47 1
a contact +303616 +304214 47 3 1
a contact +303616 +304214 3 47 1
a contact +309470 +310201 47 3 1
a contact +309470 +310201 3 47 1
a contact +315373 +316223 47 3 1
a contact +315373 +316223 3 47 1
a contact +321358 +322266 47 3 1
a contact +321358 +322266 3 47 1
a contact +327431 +328329 47 3 1
a contact +327431 +328329 3 47 1
a contact +333578 +334420 47 3 1
a contact +333578 +334420 3 47 1
a contact +339758 +340553 47 3 1
a contact +339758 +340553 3 47 1
a contact +345918 +346725 47 3 1
a contact +345918 +346725 3 47 1
a contact +352034 +352897 47 3 1
a contact +352034 +352897 3 47 1
a contact +358112 +359016 47 3 1
a contact +358112 +359016 3 47 1
a contact +364167 +365053 47 3 1
a contact +364167 +365053 3 47 1
a contact +370201 +371002 47 3 1
a contact +370201 +371002 3 47 1
a contact +376211 +376879 47 3 1
a contact +376211 +376879 3 47 1
a contact +382175 +382732 47 3 1
a contact +382175 +382732 3 47 1
a contact +388065 +388634 47 3 1
a contact +388065 +388634 3 47 1
a contact +393916 +394606 47 3 1
a contact +393916 +394606 3 47 1
a contact +399800 +400620 47 3 1
a contact +399800 +400620 3 47 1
a contact +405759 +406657 47 3 1
a contact +405759 +406657 3 47 1
a contact +411807 +412714 47 3 1
a contact +411807 +412714 3 47 1
a contact +417935 +418796 47 3 1
a contact +417935 +418796 3 47 1
a contact +424111 +424915 47 3 1
a contact +424111 +424915 3 47 1
a contact +430282 +431078 47 3 1
a contact +430282 +431078 3 47 1
a contact +436410 +437256 47 3 1
a contact +436410 +437256 3 47 1
a contact +442498 +443395 47 3 1
a contact +442498 +443395 3 47 1
a contact +448559 +449457 47 3 1
a contact +448559 +449457 3 47 1
a contact +454599 +455431 47 3 1
a contact +454599 +455431 3 47 1
a contact +460618 +461326 47 3 1
a contact +460618 +461326 3 47 1
a contact +466598 +467179 47 3 1
a contact +466598 +467179 3 47 1
a contact +472511 +473061 47 3 1
a contact +472511 +473061 3 47 1
a contact +478365 +479015 47 3 1
a contact +478365 +479015 3 47 1
a contact +484233 +485019 47 3 1
a contact +484233 +485019 3 47 1
a contact +490168 +491050 47 3 1
a contact +490168 +491050 3 47 1
a contact +496190 +497101 47 3 1
a contact +496190 +497101 3 47 1
a contact +502297 +503174 47 3 1
a contact +502297 +503174 3 47 1
a contact +508464 +509281 47 3 1
a contact +508464 +509281 3 47 1
a contact +514641 +515433 47 3 1
a contact +514641 +515433 3 47 1
a contact +520783 +521612 47 3 1
a contact +520783 +521612 3 47 1
a contact +526882 +527767 47 3 1
a contact +526882 +527767 3 47 1
a contact +532949 +533854 47 3 1
a contact +532949 +533854 3 47 1
a contact +538995 +539854 47 3 1
a contact +538995 +539854 3 47 1
a contact +545021 +545770 47 3 1
a contact +545021 +545770 3 47 1
a contact +551015 +551629 47 3 1
a contact +551015 +551629 3 47 1
a contact +556950 +557494 47 3 1
a contact +556950 +557494 3 47 1
a contact +562816 +563427 47 3 1
a contact +562816 +563427 3 47 1
a contact +568672 +569420 47 3 1
a contact +568672 +569420 3 47 1
a contact +574584 +575445 47 3 1
a contact +574584 +575445 3 47 1
a contact +580580 +581490 47 3 1
a contact +580580 +581490 3 47 1
a contact +586663 +587556 47 3 1
a contact +586663 +587556 3 47 1
a contact +592817 +593652 47 3 1
a contact +592817 +593652 3 47 1
a contact +598998 +599790 47 3 1
a contact +598998 +599790 3 47 1
a contact +13882 +14172 47 5 1
a contact +13882 +14172 5 47 1
a contact +19544 +20397 47 5 1
a contact +19544 +20397 5 47 1
a contact +25572 +26448 47 5 1
a contact +25572 +26448 5 47 1
a contact +31941 +32367 47 5 1
a contact +31941 +32367 5 47 1
a contact +57180 +57836 47 5 1
a contact +57180 +57836 5 47 1
a contact +63166 +64060 47 5 1
a contact +63166 +64060 5 47 1
a contact +69251 +69990 47 5 1
a contact +69251 +69990 5 47 1
a contact +103995 +104769 47 5 1
a contact +103995 +104769 5 47 1
a contact +109941 +110848 47 5 1
a contact +109941 +110848 5 47 1
a contact +116183 +116828 47 5 1
a contact +116183 +116828 5 47 1
a contact +141634 +142089 47 5 1
a contact +141634 +142089 5 47 1
a contact +147564 +148434 47 5 1
a contact +147564 +148434 5 47 1
a contact +153620 +154448 47 5 1
a contact +153620 +154448 5 47 1
a contact +159907 +160038 47 5 1
a contact +159907 +160038 5 47 1
a contact +188479 +189126 47 5 1
a contact +188479 +189126 5 47 1
a contact +194334 +195240 47 5 1
a contact +194334 +195240 5 47 1
a contact +200480 +201255 47 5 1
a contact +200480 +201255 5 47 1
a contact +231970 +232782 47 5 1
a contact +231970 +232782 5 47 1
a contact +238001 +238878 47 5 1
a contact +238001 +238878 5 47 1
a contact +244148 +244667 47 5 1
a contact +244148 +244667 5 47 1
a contact +273014 +273451 47 5 1
a contact +273014 +273451 5 47 1
a contact +278750 +279625 47 5 1
a contact +278750 +279625 5 47 1
a contact +284812 +285666 47 5 1
a contact +284812 +285666 5 47 1
a contact +291265 +291531 47 5 1
a contact +291265 +291531 5 47 1
a contact +316388 +317101 47 5 1
a contact +316388 +317101 5 47 1
a contact +322389 +323285 47 5 1
a contact +322389 +323285 5 47 1
a contact +328488 +329178 47 5 1
a contact +328488 +329178 5 47 1
a contact +363191 +364002 47 5 1
a contact +363191 +364002 5 47 1
a contact +369171 +370069 47 5 1
a contact +369171 +370069 5 47 1
a contact +375459 +376029 47 5 1
a contact +375459 +376029 5 47 1
a contact +400826 +401379 47 5 1
a contact +400826 +401379 5 47 1
a contact +406784 +407668 47 5 1
a contact +406784 +407668 5 47 1
a contact +412852 +413648 47 5 1
a contact +412852 +413648 5 47 1
a contact +447660 +448367 47 5 1
a contact +447660 +448367 5 47 1
a contact +453555 +454464 47 5 1
a contact +453555 +454464 5 47 1
a contact +459738 +460466 47 5 1
a contact +459738 +460466 5 47 1
a contact +485332 +485566 47 5 1
a contact +485332 +485566 5 47 1
a contact +491187 +492027 47 5 1
a contact +491187 +492027 5 47 1
a contact +497228 +498089 47 5 1
a contact +497228 +498089 5 47 1
a contact +503408 +503821 47 5 1
a contact +503408 +503821 5 47 1
a contact +532170 +532709 47 5 1
a contact +532170 +532709 5 47 1
a contact +537961 +538853 47 5 1
a contact +537961 +538853 5 47 1
a contact +544057 +544883 47 5 1
a contact +544057 +544883 5 47 1
a contact +575599 +576359 47 5 1
a contact +575599 +576359 5 47 1
a contact +581613 +582505 47 5 1
a contact +581613 +582505 5 47 1
a contact +587729 +588359 47 5 1
a contact +587729 +588359 5 47 1
a contact +22435 +23243 47 7 1
a contact +22435 +23243 7 47 1
a contact +28445 +29298 47 7 1
a contact +28445 +29298 7 47 1
a contact +60422 +60904 47 7 1
a contact +60422 +60904 7 47 1
a contact +66319 +67221 47 7 1
a contact +66319 +67221 7 47 1
a contact +72413 +73147 47 7 1
a contact +72413 +73147 7 47 1
a contact +106908 +107598 47 7 1
a contact +106908 +107598 7 47 1
a contact +112814 +113703 47 7 1
a contact +112814 +113703 7 47 1
a contact +119104 +119615 47 7 1
a contact +119104 +119615 7 47 1
a contact +150727 +151585 47 7 1
a contact +150727 +151585 7 47 1
a contact +156773 +157613 47 7 1
a contact +156773 +157613 7 47 1
a contact +191437 +191915 47 7 1
a contact +191437 +191915 7 47 1
a contact +197211 +198096 47 7 1
a contact +197211 +198096 7 47 1
a contact +203367 +204082 47 7 1
a contact +203367 +204082 7 47 1
a contact +235151 +235915 47 7 1
a contact +235151 +235915 7 47 1
a contact +241150 +242045 47 7 1
a contact +241150 +242045 7 47 1
a contact +247353 +247782 47 7 1
a contact +247353 +247782 7 47 1
a contact +281636 +282476 47 7 1
a contact +281636 +282476 7 47 1
a contact +287687 +288511 47 7 1
a contact +287687 +288511 7 47 1
a contact +319603 +320197 47 7 1
a contact +319603 +320197 7 47 1
a contact +325540 +326448 47 7 1
a contact +325540 +326448 7 47 1
a contact +331657 +332328 47 7 1
a contact +331657 +332328 7 47 1
a contact +366093 +366840 47 7 1
a contact +366093 +366840 7 47 1
a contact +372043 +372923 47 7 1
a contact +372043 +372923 7 47 1
a contact +378413 +378782 47 7 1
a contact +378413 +378782 7 47 1
a contact +404159 +404353 47 7 1
a contact +404159 +404353 7 47 1
a contact +409942 +410824 47 7 1
a contact +409942 +410824 7 47 1
a contact +416007 +416811 47 7 1
a contact +416007 +416811 7 47 1
a contact +450594 +451177 47 7 1
a contact +450594 +451177 7 47 1
a contact +456429 +457321 47 7 1
a contact +456429 +457321 7 47 1
a contact +462635 +463281 47 7 1
a contact +462635 +463281 7 47 1
a contact +494359 +495168 47 7 1
a contact +494359 +495168 7 47 1
a contact +500378 +501255 47 7 1
a contact +500378 +501255 7 47 1
a contact +506660 +506889 47 7 1
a contact +506660 +506889 7 47 1
a contact +535203 +535425 47 7 1
a contact +535203 +535425 7 47 1
a contact +540842 +541706 47 7 1
a contact +540842 +541706 7 47 1
a contact +546936 +547722 47 7 1
a contact +546936 +547722 7 47 1
a contact +578797 +579473 47 7 1
a contact +578797 +579473 7 47 1
a contact +584763 +585670 47 7 1
a contact +584763 +585670 7 47 1
a contact +590909 +591499 47 7 1
a contact +590909 +591499 7 47 1
a contact +3946 +4723 47 9 1
a contact +3946 +4723 9 47 1
a contact +42627 +43528 47 9 1
a contact +42627 +43528 9 47 1
a contact +48817 +49360 47 9 1
a contact +48817 +49360 9 47 1
a contact +82389 +83031 47 9 1
a contact +82389 +83031 9 47 1
a contact +88295 +89160 47 9 1
a contact +88295 +89160 9 47 1
a contact +127048 +127896 47 9 1
a contact +127048 +127896 9 47 1
a contact +133113 +133880 47 9 1
a contact +133113 +133880 9 47 1
a contact +167008 +167233 47 9 1
a contact +167008 +167233 9 47 1
a contact +172682 +173566 47 9 1
a contact +172682 +173566 9 47 1
a contact +178956 +179386 47 9 1
a contact +178956 +179386 9 47 1
a contact +211507 +212219 47 9 1
a contact +211507 +212219 9 47 1
a contact +217464 +218335 47 9 1
a contact +217464 +218335 9 47 1
a contact +257103 +257944 47 9 1
a contact +257103 +257944 9 47 1
a contact +263202 +263916 47 9 1
a contact +263202 +263916 9 47 1
a contact +296049 +296451 47 9 1
a contact +296049 +296451 9 47 1
a contact +301846 +302752 47 9 1
a contact +301846 +302752 9 47 1
a contact +308120 +308488 47 9 1
a contact +308120 +308488 9 47 1
a contact +341566 +342289 47 9 1
a contact +341566 +342289 9 47 1
a contact +347531 +348369 47 9 1
a contact +347531 +348369 9 47 1
a contact +386256 +387134 47 9 1
a contact +386256 +387134 9 47 1
a contact +392367 +393061 47 9 1
a contact +392367 +393061 9 47 1
a contact +426103 +426568 47 9 1
a contact +426103 +426568 9 47 1
a contact +431903 +432787 47 9 1
a contact +431903 +432787 9 47 1
a contact +438351 +438445 47 9 1
a contact +438351 +438445 9 47 1
a contact +470697 +471477 47 9 1
a contact +470697 +471477 9 47 1
a contact +476700 +477538 47 9 1
a contact +476700 +477538 9 47 1
a contact +516310 +517177 47 9 1
a contact +516310 +517177 9 47 1
a contact +522471 +523097 47 9 1
a contact +522471 +523097 9 47 1
a contact +555193 +555760 47 9 1
a contact +555193 +555760 9 47 1
a contact +561071 +561969 47 9 1
a contact +561071 +561969 9 47 1
a contact +600754 +601537 47 9 1
a contact +600754 +601537 9 47 1
a contact +27409 +27867 47 11 1
a contact +27409 +27867 11 47 1
a contact +33281 +34170 47 11 1
a contact +33281 +34170 11 47 1
a contact +39420 +40032 47 11 1
a contact +39420 +40032 11 47 1
a contact +73616 +74353 47 11 1
a contact +73616 +74353 11 47 1
a contact +79553 +80445 47 11 1
a contact +79553 +80445 11 47 1
a contact +86032 +86177 47 11 1
a contact +86032 +86177 11 47 1
a contact +117689 +118542 47 11 1
a contact +117689 +118542 11 47 1
a contact +123755 +124527 47 11 1
a contact +123755 +124527 11 47 1
a contact +158138 +158668 47 11 1
a contact +158138 +158668 11 47 1
a contact +163939 +164845 47 11 1
a contact +163939 +164845 11 47 1
a contact +170165 +170772 47 11 1
a contact +170165 +170772 11 47 1
a contact +202117 +202879 47 11 1
a contact +202117 +202879 11 47 1
a contact +208119 +208977 47 11 1
a contact +208119 +208977 11 47 1
a contact +248355 +249230 47 11 1
a contact +248355 +249230 11 47 1
a contact +254451 +255233 47 11 1
a contact +254451 +255233 11 47 1
a contact +286581 +287163 47 11 1
a contact +286581 +287163 11 47 1
a contact +292503 +293393 47 11 1
a contact +292503 +293393 11 47 1
a contact +298684 +299191 47 11 1
a contact +298684 +299191 11 47 1
a contact +332804 +333595 47 11 1
a contact +332804 +333595 11 47 1
a contact +338789 +339661 47 11 1
a contact +338789 +339661 11 47 1
a contact +376904 +377778 47 11 1
a contact +376904 +377778 11 47 1
a contact +382997 +383715 47 11 1
a contact +382997 +383715 11 47 1
a contact +417299 +417931 47 11 1
a contact +417299 +417931 11 47 1
a contact +423161 +424068 47 11 1
a contact +423161 +424068 11 47 1
a contact +429458 +429947 47 11 1
a contact +429458 +429947 11 47 1
a contact +461323 +462130 47 11 1
a contact +461323 +462130 11 47 1
a contact +467352 +468181 47 11 1
a contact +467352 +468181 11 47 1
a contact +501893 +502185 47 11 1
a contact +501893 +502185 11 47 1
a contact +507565 +508458 47 11 1
a contact +507565 +508458 11 47 1
a contact +513711 +514434 47 11 1
a contact +513711 +514434 11 47 1
a contact +545768 +546439 47 11 1
a contact +545768 +546439 11 47 1
a contact +551728 +552610 47 11 1
a contact +551728 +552610 11 47 1
a contact +557971 +558323 47 11 1
a contact +557971 +558323 11 47 1
a contact +591999 +592832 47 11 1
a contact +591999 +592832 11 47 1
a contact +598030 +598872 47 11 1
a contact +598030 +598872 11 47 1
a contact +1759 +2569 48 3 1
a contact +1759 +2569 3 48 1
a contact +7870 +8738 48 3 1
a contact +7870 +8738 3 48 1
a contact +13947 +14851 48 3 1
a contact +13947 +14851 3 48 1
a contact +19999 +20881 48 3 1
a contact +19999 +20881 3 48 1
a contact +26032 +26823 48 3 1
a contact +26032 +26823 3 48 1
a contact +32040 +32696 48 3 1
a contact +32040 +32696 3 48 1
a contact +37998 +38551 48 3 1
a contact +37998 +38551 3 48 1
a contact +43883 +44459 48 3 1
a contact +43883 +44459 3 48 1
a contact +49734 +50435 48 3 1
a contact +49734 +50435 3 48 1
a contact +55622 +56452 48 3 1
a contact +55622 +56452 3 48 1
a contact +61589 +62490 48 3 1
a contact +61589 +62490 3 48 1
a contact +67644 +68549 48 3 1
a contact +67644 +68549 3 48 1
a contact +73778 +74633 48 3 1
a contact +73778 +74633 3 48 1
a contact +79955 +80756 48 3 1
a contact +79955 +80756 3 48 1
a contact +86123 +86922 48 3 1
a contact +86123 +86922 3 48 1
a contact +92248 +93099 48 3 1
a contact +92248 +93099 3 48 1
a contact +98333 +99232 48 3 1
a contact +98333 +99232 3 48 1
a contact +104392 +105288 48 3 1
a contact +104392 +105288 3 48 1
a contact +110431 +111255 48 3 1
a contact +110431 +111255 3 48 1
a contact +116447 +117145 48 3 1
a contact +116447 +117145 3 48 1
a contact +122423 +122997 48 3 1
a contact +122423 +122997 3 48 1
a contact +128330 +128883 48 3 1
a contact +128330 +128883 3 48 1
a contact +134182 +134843 48 3 1
a contact +134182 +134843 3 48 1
a contact +140054 +140850 48 3 1
a contact +140054 +140850 3 48 1
a contact +145996 +146883 48 3 1
a contact +145996 +146883 3 48 1
a contact +152025 +152935 48 3 1
a contact +152025 +152935 3 48 1
a contact +158138 +159011 48 3 1
a contact +158138 +159011 3 48 1
a contact +164308 +165121 48 3 1
a contact +164308 +165121 3 48 1
a contact +170484 +171276 48 3 1
a contact +170484 +171276 3 48 1
a contact +176622 +177455 48 3 1
a contact +176622 +177455 3 48 1
a contact +182717 +183606 48 3 1
a contact +182717 +183606 3 48 1
a contact +188783 +189686 48 3 1
a contact +188783 +189686 3 48 1
a contact +194827 +195679 48 3 1
a contact +194827 +195679 3 48 1
a contact +200851 +201589 48 3 1
a contact +200851 +201589 3 48 1
a contact +206842 +207446 48 3 1
a contact +206842 +207446 3 48 1
a contact +212771 +213315 48 3 1
a contact +212771 +213315 3 48 1
a contact +218633 +219254 48 3 1
a contact +218633 +219254 3 48 1
a contact +224492 +225251 48 3 1
a contact +224492 +225251 3 48 1
a contact +230410 +231277 48 3 1
a contact +230410 +231277 3 48 1
a contact +236413 +237324 48 3 1
a contact +236413 +237324 3 48 1
a contact +242503 +243392 48 3 1
a contact +242503 +243392 3 48 1
a contact +248661 +249490 48 3 1
a contact +248661 +249490 3 48 1
a contact +254841 +255632 48 3 1
a contact +254841 +255632 3 48 1
a contact +260992 +261809 48 3 1
a contact +260992 +261809 3 48 1
a contact +267099 +267974 48 3 1
a contact +267099 +267974 3 48 1
a contact +273172 +274078 48 3 1
a contact +273172 +274078 3 48 1
a contact +279222 +280096 48 3 1
a contact +279222 +280096 3 48 1
a contact +285253 +286029 48 3 1
a contact +285253 +286029 3 48 1
a contact +291256 +291896 48 3 1
a contact +291256 +291896 3 48 1
a contact +297206 +297754 48 3 1
a contact +297206 +297754 3 48 1
a contact +303083 +303670 48 3 1
a contact +303083 +303670 3 48 1
a contact +308935 +309654 48 3 1
a contact +308935 +309654 3 48 1
a contact +314832 +315673 48 3 1
a contact +314832 +315673 3 48 1
a contact +320809 +321714 48 3 1
a contact +320809 +321714 3 48 1
a contact +326874 +327775 48 3 1
a contact +326874 +327775 3 48 1
a contact +333016 +333863 48 3 1
a contact +333016 +333863 3 48 1
a contact +339195 +339992 48 3 1
a contact +339195 +339992 3 48 1
a contact +345359 +346162 48 3 1
a contact +345359 +346162 3 48 1
a contact +351478 +352336 48 3 1
a contact +351478 +352336 3 48 1
a contact +357559 +358461 48 3 1
a contact +357559 +358461 3 48 1
a contact +363616 +364506 48 3 1
a contact +363616 +364506 3 48 1
a contact +369652 +370463 48 3 1
a contact +369652 +370463 3 48 1
a contact +375665 +376345 48 3 1
a contact +375665 +376345 3 48 1
a contact +381634 +382198 48 3 1
a contact +381634 +382198 3 48 1
a contact +387531 +388093 48 3 1
a contact +387531 +388093 3 48 1
a contact +393382 +394060 48 3 1
a contact +393382 +394060 3 48 1
a contact +399261 +400071 48 3 1
a contact +399261 +400071 3 48 1
a contact +405212 +406106 48 3 1
a contact +405212 +406106 3 48 1
a contact +411252 +412161 48 3 1
a contact +411252 +412161 3 48 1
a contact +417374 +418240 48 3 1
a contact +417374 +418240 3 48 1
a contact +423548 +424356 48 3 1
a contact +423548 +424356 3 48 1
a contact +429721 +430515 48 3 1
a contact +429721 +430515 3 48 1
a contact +435854 +436694 48 3 1
a contact +435854 +436694 3 48 1
a contact +441945 +442838 48 3 1
a contact +441945 +442838 3 48 1
a contact +448007 +448908 48 3 1
a contact +448007 +448908 3 48 1
a contact +454049 +454890 48 3 1
a contact +454049 +454890 3 48 1
a contact +460070 +460792 48 3 1
a contact +460070 +460792 3 48 1
a contact +466055 +466646 48 3 1
a contact +466055 +466646 3 48 1
a contact +471975 +472522 48 3 1
a contact +471975 +472522 3 48 1
a contact +477832 +478469 48 3 1
a contact +477832 +478469 3 48 1
a contact +483696 +484471 48 3 1
a contact +483696 +484471 3 48 1
a contact +489623 +490500 48 3 1
a contact +489623 +490500 3 48 1
a contact +495637 +496549 48 3 1
a contact +495637 +496549 3 48 1
a contact +501737 +502620 48 3 1
a contact +501737 +502620 3 48 1
a contact +507900 +508723 48 3 1
a contact +507900 +508723 3 48 1
a contact +514079 +514870 48 3 1
a contact +514079 +514870 3 48 1
a contact +520226 +521049 48 3 1
a contact +520226 +521049 3 48 1
a contact +526327 +527208 48 3 1
a contact +526327 +527208 3 48 1
a contact +532397 +533302 48 3 1
a contact +532397 +533302 3 48 1
a contact +538445 +539311 48 3 1
a contact +538445 +539311 3 48 1
a contact +544473 +545234 48 3 1
a contact +544473 +545234 3 48 1
a contact +550471 +551096 48 3 1
a contact +550471 +551096 3 48 1
a contact +556413 +556957 48 3 1
a contact +556413 +556957 3 48 1
a contact +562283 +562883 48 3 1
a contact +562283 +562883 3 48 1
a contact +568137 +568872 48 3 1
a contact +568137 +568872 3 48 1
a contact +574042 +574895 48 3 1
a contact +574042 +574895 3 48 1
a contact +580030 +580938 48 3 1
a contact +580030 +580938 3 48 1
a contact +586106 +587002 48 3 1
a contact +586106 +587002 3 48 1
a contact +592254 +593095 48 3 1
a contact +592254 +593095 3 48 1
a contact +598435 +599229 48 3 1
a contact +598435 +599229 3 48 1
a contact +604594 +604800 48 3 1
a contact +604594 +604800 3 48 1
a contact +19008 +19841 48 5 1
a contact +19008 +19841 5 48 1
a contact +25011 +25900 48 5 1
a contact +25011 +25900 5 48 1
a contact +31334 +31843 48 5 1
a contact +31334 +31843 5 48 1
a contact +56643 +57249 48 5 1
a contact +56643 +57249 5 48 1
a contact +62616 +63506 48 5 1
a contact +62616 +63506 5 48 1
a contact +68691 +69463 48 5 1
a contact +68691 +69463 5 48 1
a contact +103469 +104209 48 5 1
a contact +103469 +104209 5 48 1
a contact +109388 +110297 48 5 1
a contact +109388 +110297 5 48 1
a contact +115598 +116289 48 5 1
a contact +115598 +116289 5 48 1
a contact +141117 +141475 48 5 1
a contact +141117 +141475 5 48 1
a contact +147016 +147872 48 5 1
a contact +147016 +147872 5 48 1
a contact +153065 +153911 48 5 1
a contact +153065 +153911 5 48 1
a contact +159277 +159594 48 5 1
a contact +159277 +159594 5 48 1
a contact +187965 +188559 48 5 1
a contact +187965 +188559 5 48 1
a contact +193788 +194688 48 5 1
a contact +193788 +194688 5 48 1
a contact +199907 +200711 48 5 1
a contact +199907 +200711 5 48 1
a contact +231426 +232212 48 5 1
a contact +231426 +232212 5 48 1
a contact +237448 +238334 48 5 1
a contact +237448 +238334 5 48 1
a contact +243576 +244158 48 5 1
a contact +243576 +244158 5 48 1
a contact +272529 +272861 48 5 1
a contact +272529 +272861 5 48 1
a contact +278211 +279071 48 5 1
a contact +278211 +279071 5 48 1
a contact +284248 +285119 48 5 1
a contact +284248 +285119 5 48 1
a contact +290635 +291028 48 5 1
a contact +290635 +291028 5 48 1
a contact +315848 +316520 48 5 1
a contact +315848 +316520 5 48 1
a contact +321838 +322733 48 5 1
a contact +321838 +322733 5 48 1
a contact +327926 +328655 48 5 1
a contact +327926 +328655 5 48 1
a contact +362660 +363444 48 5 1
a contact +362660 +363444 5 48 1
a contact +368615 +369520 48 5 1
a contact +368615 +369520 5 48 1
a contact +374867 +375495 48 5 1
a contact +374867 +375495 5 48 1
a contact +400297 +400779 48 5 1
a contact +400297 +400779 5 48 1
a contact +406235 +407109 48 5 1
a contact +406235 +407109 5 48 1
a contact +412294 +413115 48 5 1
a contact +412294 +413115 5 48 1
a contact +447141 +447803 48 5 1
a contact +447141 +447803 5 48 1
a contact +453005 +453913 48 5 1
a contact +453005 +453913 5 48 1
a contact +459160 +459924 48 5 1
a contact +459160 +459924 5 48 1
a contact +490641 +491461 48 5 1
a contact +490641 +491461 5 48 1
a contact +496674 +497548 48 5 1
a contact +496674 +497548 5 48 1
a contact +502828 +503323 48 5 1
a contact +502828 +503323 5 48 1
a contact +531668 +532133 48 5 1
a contact +531668 +532133 5 48 1
a contact +537419 +538299 48 5 1
a contact +537419 +538299 5 48 1
a contact +543489 +544337 48 5 1
a contact +543489 +544337 5 48 1
a contact +549973 +550179 48 5 1
a contact +549973 +550179 5 48 1
a contact +575057 +575783 48 5 1
a contact +575057 +575783 5 48 1
a contact +581061 +581957 48 5 1
a contact +581061 +581957 5 48 1
a contact +587164 +587840 48 5 1
a contact +587164 +587840 5 48 1
a contact +21905 +22683 48 7 1
a contact +21905 +22683 7 48 1
a contact +27883 +28752 48 7 1
a contact +27883 +28752 7 48 1
a contact +34338 +34545 48 7 1
a contact +34338 +34545 7 48 1
a contact +59918 +60283 48 7 1
a contact +59918 +60283 7 48 1
a contact +65771 +66664 48 7 1
a contact +65771 +66664 7 48 1
a contact +71849 +72623 48 7 1
a contact +71849 +72623 7 48 1
a contact +106391 +107029 48 7 1
a contact +106391 +107029 7 48 1
a contact +112261 +113153 48 7 1
a contact +112261 +113153 7 48 1
a contact +118504 +119094 48 7 1
a contact +118504 +119094 7 48 1
a contact +150183 +151018 48 7 1
a contact +150183 +151018 7 48 1
a contact +156215 +157077 48 7 1
a contact +156215 +157077 7 48 1
a contact +190951 +191321 48 7 1
a contact +190951 +191321 7 48 1
a contact +196667 +197542 48 7 1
a contact +196667 +197542 7 48 1
a contact +202789 +203545 48 7 1
a contact +202789 +203545 7 48 1
a contact +234614 +235335 48 7 1
a contact +234614 +235335 7 48 1
a contact +240597 +241500 48 7 1
a contact +240597 +241500 7 48 1
a contact +246766 +247289 48 7 1
a contact +246766 +247289 7 48 1
a contact +281101 +281918 48 7 1
a contact +281101 +281918 7 48 1
a contact +287122 +287968 48 7 1
a contact +287122 +287968 7 48 1
a contact +319082 +319595 48 7 1
a contact +319082 +319595 7 48 1
a contact +324991 +325895 48 7 1
a contact +324991 +325895 7 48 1
a contact +331090 +331810 48 7 1
a contact +331090 +331810 7 48 1
a contact +365570 +366275 48 7 1
a contact +365570 +366275 7 48 1
a contact +371487 +372375 48 7 1
a contact +371487 +372375 7 48 1
a contact +377794 +378276 48 7 1
a contact +377794 +378276 7 48 1
a contact +409397 +410261 48 7 1
a contact +409397 +410261 7 48 1
a contact +415448 +416279 48 7 1
a contact +415448 +416279 7 48 1
a contact +450091 +450598 48 7 1
a contact +450091 +450598 7 48 1
a contact +455881 +456769 48 7 1
a contact +455881 +456769 7 48 1
a contact +462050 +462749 48 7 1
a contact +462050 +462749 7 48 1
a contact +493819 +494595 48 7 1
a contact +493819 +494595 7 48 1
a contact +499823 +500714 48 7 1
a contact +499823 +500714 7 48 1
a contact +506041 +506431 48 7 1
a contact +506041 +506431 7 48 1
a contact +540304 +541150 48 7 1
a contact +540304 +541150 7 48 1
a contact +546365 +547181 48 7 1
a contact +546365 +547181 7 48 1
a contact +578267 +578883 48 7 1
a contact +578267 +578883 7 48 1
a contact +584212 +585121 48 7 1
a contact +584212 +585121 7 48 1
a contact +590336 +590989 48 7 1
a contact +590336 +590989 7 48 1
a contact +3377 +4190 48 9 1
a contact +3377 +4190 9 48 1
a contact +42081 +42973 48 9 1
a contact +42081 +42973 9 48 1
a contact +48227 +48859 48 9 1
a contact +48227 +48859 9 48 1
a contact +81884 +82444 48 9 1
a contact +81884 +82444 9 48 1
a contact +87738 +88616 48 9 1
a contact +87738 +88616 9 48 1
a contact +126513 +127329 48 9 1
a contact +126513 +127329 9 48 1
a contact +132545 +133353 48 9 1
a contact +132545 +133353 9 48 1
a contact +172136 +173014 48 9 1
a contact +172136 +173014 9 48 1
a contact +178344 +178893 48 9 1
a contact +178344 +178893 9 48 1
a contact +210989 +211632 48 9 1
a contact +210989 +211632 9 48 1
a contact +216907 +217795 48 9 1
a contact +216907 +217795 9 48 1
a contact +256569 +257383 48 9 1
a contact +256569 +257383 9 48 1
a contact +262626 +263389 48 9 1
a contact +262626 +263389 9 48 1
a contact +295620 +295773 48 9 1
a contact +295620 +295773 9 48 1
a contact +301298 +302201 48 9 1
a contact +301298 +302201 9 48 1
a contact +307505 +308013 48 9 1
a contact +307505 +308013 9 48 1
a contact +341049 +341713 48 9 1
a contact +341049 +341713 9 48 1
a contact +346970 +347830 48 9 1
a contact +346970 +347830 9 48 1
a contact +385716 +386572 48 9 1
a contact +385716 +386572 9 48 1
a contact +391792 +392543 48 9 1
a contact +391792 +392543 9 48 1
a contact +425638 +425944 48 9 1
a contact +425638 +425944 9 48 1
a contact +431353 +432238 48 9 1
a contact +431353 +432238 9 48 1
a contact +437654 +438034 48 9 1
a contact +437654 +438034 9 48 1
a contact +470170 +470901 48 9 1
a contact +470170 +470901 9 48 1
a contact +476139 +477003 48 9 1
a contact +476139 +477003 9 48 1
a contact +515771 +516620 48 9 1
a contact +515771 +516620 9 48 1
a contact +521885 +522579 48 9 1
a contact +521885 +522579 9 48 1
a contact +554698 +555149 48 9 1
a contact +554698 +555149 9 48 1
a contact +560518 +561423 48 9 1
a contact +560518 +561423 9 48 1
a contact +566822 +567127 48 9 1
a contact +566822 +567127 9 48 1
a contact +600229 +600968 48 9 1
a contact +600229 +600968 9 48 1
a contact +26919 +27236 48 11 1
a contact +26919 +27236 11 48 1
a contact +32733 +33616 48 11 1
a contact +32733 +33616 11 48 1
a contact +38846 +39519 48 11 1
a contact +38846 +39519 11 48 1
a contact +73098 +73784 48 11 1
a contact +73098 +73784 11 48 1
a contact +78997 +79898 48 11 1
a contact +78997 +79898 11 48 1
a contact +85356 +85731 48 11 1
a contact +85356 +85731 11 48 1
a contact +117146 +117978 48 11 1
a contact +117146 +117978 11 48 1
a contact +123192 +123998 48 11 1
a contact +123192 +123998 11 48 1
a contact +157650 +158075 48 11 1
a contact +157650 +158075 11 48 1
a contact +163392 +164294 48 11 1
a contact +163392 +164294 11 48 1
a contact +169573 +170248 48 11 1
a contact +169573 +170248 11 48 1
a contact +201583 +202301 48 11 1
a contact +201583 +202301 11 48 1
a contact +207564 +208437 48 11 1
a contact +207564 +208437 11 48 1
a contact +213890 +214051 48 11 1
a contact +213890 +214051 11 48 1
a contact +247817 +248672 48 11 1
a contact +247817 +248672 11 48 1
a contact +253879 +254696 48 11 1
a contact +253879 +254696 11 48 1
a contact +286066 +286559 48 11 1
a contact +286066 +286559 11 48 1
a contact +291953 +292843 48 11 1
a contact +291953 +292843 11 48 1
a contact +298101 +298690 48 11 1
a contact +298101 +298690 11 48 1
a contact +332279 +333030 48 11 1
a contact +332279 +333030 11 48 1
a contact +338228 +339116 48 11 1
a contact +338228 +339116 11 48 1
a contact +376359 +377218 48 11 1
a contact +376359 +377218 11 48 1
a contact +382431 +383192 48 11 1
a contact +382431 +383192 11 48 1
a contact +416793 +417352 48 11 1
a contact +416793 +417352 11 48 1
a contact +422610 +423518 48 11 1
a contact +422610 +423518 11 48 1
a contact +428853 +429434 48 11 1
a contact +428853 +429434 11 48 1
a contact +460784 +461559 48 11 1
a contact +460784 +461559 11 48 1
a contact +466794 +467645 48 11 1
a contact +466794 +467645 11 48 1
a contact +507023 +507904 48 11 1
a contact +507023 +507904 11 48 1
a contact +513132 +513901 48 11 1
a contact +513132 +513901 11 48 1
a contact +545243 +545850 48 11 1
a contact +545243 +545850 11 48 1
a contact +551176 +552064 48 11 1
a contact +551176 +552064 11 48 1
a contact +557369 +557844 48 11 1
a contact +557369 +557844 11 48 1
a contact +591469 +592271 48 11 1
a contact +591469 +592271 11 48 1
a contact +597465 +598330 48 11 1
a contact +597465 +598330 11 48 1
a contact +1199 +2005 49 3 1
a contact +1199 +2005 3 49 1
a contact +7314 +8177 49 3 1
a contact +7314 +8177 3 49 1
a contact +13393 +14297 49 3 1
a contact +13393 +14297 3 49 1
a contact +19448 +20335 49 3 1
a contact +19448 +20335 3 49 1
a contact +25483 +26285 49 3 1
a contact +25483 +26285 3 49 1
a contact +31493 +32162 49 3 1
a contact +31493 +32162 3 49 1
a contact +37457 +38015 49 3 1
a contact +37457 +38015 3 49 1
a contact +43349 +43916 49 3 1
a contact +43349 +43916 3 49 1
a contact +49199 +49888 49 3 1
a contact +49199 +49888 3 49 1
a contact +55082 +55902 49 3 1
a contact +55082 +55902 3 49 1
a contact +61041 +61939 49 3 1
a contact +61041 +61939 3 49 1
a contact +67088 +67995 49 3 1
a contact +67088 +67995 3 49 1
a contact +73215 +74076 49 3 1
a contact +73215 +74076 3 49 1
a contact +79391 +80196 49 3 1
a contact +79391 +80196 3 49 1
a contact +85562 +86358 49 3 1
a contact +85562 +86358 3 49 1
a contact +91691 +92536 49 3 1
a contact +91691 +92536 3 49 1
a contact +97779 +98675 49 3 1
a contact +97779 +98675 3 49 1
a contact +103840 +104739 49 3 1
a contact +103840 +104739 3 49 1
a contact +109881 +110714 49 3 1
a contact +109881 +110714 3 49 1
a contact +115899 +116610 49 3 1
a contact +115899 +116610 3 49 1
a contact +121880 +122463 49 3 1
a contact +121880 +122463 3 49 1
a contact +127794 +128343 49 3 1
a contact +127794 +128343 3 49 1
a contact +133649 +134296 49 3 1
a contact +133649 +134296 3 49 1
a contact +139516 +140301 49 3 1
a contact +139516 +140301 3 49 1
a contact +145450 +146332 49 3 1
a contact +145450 +146332 3 49 1
a contact +151471 +152382 49 3 1
a contact +151471 +152382 3 49 1
a contact +157577 +158455 49 3 1
a contact +157577 +158455 3 49 1
a contact +163744 +164562 49 3 1
a contact +163744 +164562 3 49 1
a contact +169922 +170713 49 3 1
a contact +169922 +170713 3 49 1
a contact +176064 +176892 49 3 1
a contact +176064 +176892 3 49 1
a contact +182163 +183047 49 3 1
a contact +182163 +183047 3 49 1
a contact +188230 +189135 49 3 1
a contact +188230 +189135 3 49 1
a contact +194277 +195136 49 3 1
a contact +194277 +195136 3 49 1
a contact +200303 +201053 49 3 1
a contact +200303 +201053 3 49 1
a contact +206297 +206912 49 3 1
a contact +206297 +206912 3 49 1
a contact +212233 +212777 49 3 1
a contact +212233 +212777 3 49 1
a contact +218099 +218709 49 3 1
a contact +218099 +218709 3 49 1
a contact +223956 +224702 49 3 1
a contact +223956 +224702 3 49 1
a contact +229867 +230727 49 3 1
a contact +229867 +230727 3 49 1
a contact +235861 +236771 49 3 1
a contact +235861 +236771 3 49 1
a contact +241944 +242837 49 3 1
a contact +241944 +242837 3 49 1
a contact +248097 +248932 49 3 1
a contact +248097 +248932 3 49 1
a contact +254278 +255070 49 3 1
a contact +254278 +255070 3 49 1
a contact +260433 +261245 49 3 1
a contact +260433 +261245 3 49 1
a contact +266544 +267413 49 3 1
a contact +266544 +267413 3 49 1
a contact +272619 +273524 49 3 1
a contact +272619 +273524 3 49 1
a contact +278671 +279551 49 3 1
a contact +278671 +279551 3 49 1
a contact +284703 +285491 49 3 1
a contact +284703 +285491 3 49 1
a contact +290710 +291362 49 3 1
a contact +290710 +291362 3 49 1
a contact +296666 +297217 49 3 1
a contact +296666 +297217 3 49 1
a contact +302549 +303127 49 3 1
a contact +302549 +303127 3 49 1
a contact +308400 +309106 49 3 1
a contact +308400 +309106 3 49 1
a contact +314291 +315123 49 3 1
a contact +314291 +315123 3 49 1
a contact +320260 +321162 49 3 1
a contact +320260 +321162 3 49 1
a contact +326317 +327221 49 3 1
a contact +326317 +327221 3 49 1
a contact +332453 +333306 49 3 1
a contact +332453 +333306 3 49 1
a contact +338631 +339431 49 3 1
a contact +338631 +339431 3 49 1
a contact +344798 +345598 49 3 1
a contact +344798 +345598 3 49 1
a contact +350921 +351774 49 3 1
a contact +350921 +351774 3 49 1
a contact +357006 +357905 49 3 1
a contact +357006 +357905 3 49 1
a contact +363064 +363958 49 3 1
a contact +363064 +363958 3 49 1
a contact +369102 +369923 49 3 1
a contact +369102 +369923 3 49 1
a contact +375117 +375811 49 3 1
a contact +375117 +375811 3 49 1
a contact +381092 +381663 49 3 1
a contact +381092 +381663 3 49 1
a contact +386996 +387552 49 3 1
a contact +386996 +387552 3 49 1
a contact +392848 +393513 49 3 1
a contact +392848 +393513 3 49 1
a contact +398722 +399521 49 3 1
a contact +398722 +399521 3 49 1
a contact +404665 +405555 49 3 1
a contact +404665 +405555 3 49 1
a contact +410697 +411608 49 3 1
a contact +410697 +411608 3 49 1
a contact +416812 +417684 49 3 1
a contact +416812 +417684 3 49 1
a contact +422984 +423796 49 3 1
a contact +422984 +423796 3 49 1
a contact +429159 +429952 49 3 1
a contact +429159 +429952 3 49 1
a contact +435296 +436131 49 3 1
a contact +435296 +436131 3 49 1
a contact +441390 +442280 49 3 1
a contact +441390 +442280 3 49 1
a contact +447455 +448358 49 3 1
a contact +447455 +448358 3 49 1
a contact +453499 +454348 49 3 1
a contact +453499 +454348 3 49 1
a contact +459522 +460256 49 3 1
a contact +459522 +460256 3 49 1
a contact +465511 +466112 49 3 1
a contact +465511 +466112 3 49 1
a contact +471438 +471983 49 3 1
a contact +471438 +471983 3 49 1
a contact +477299 +477924 49 3 1
a contact +477299 +477924 3 49 1
a contact +483159 +483922 49 3 1
a contact +483159 +483922 3 49 1
a contact +489079 +489949 49 3 1
a contact +489079 +489949 3 49 1
a contact +495085 +495996 49 3 1
a contact +495085 +495996 3 49 1
a contact +501177 +502065 49 3 1
a contact +501177 +502065 3 49 1
a contact +507336 +508164 49 3 1
a contact +507336 +508164 3 49 1
a contact +513516 +514308 49 3 1
a contact +513516 +514308 3 49 1
a contact +519667 +520485 49 3 1
a contact +519667 +520485 3 49 1
a contact +525772 +526648 49 3 1
a contact +525772 +526648 3 49 1
a contact +531844 +532750 49 3 1
a contact +531844 +532750 3 49 1
a contact +537894 +538766 49 3 1
a contact +537894 +538766 3 49 1
a contact +543924 +544696 49 3 1
a contact +543924 +544696 3 49 1
a contact +549925 +550562 49 3 1
a contact +549925 +550562 3 49 1
a contact +555874 +556420 49 3 1
a contact +555874 +556420 3 49 1
a contact +561749 +562340 49 3 1
a contact +561749 +562340 3 49 1
a contact +567602 +568324 49 3 1
a contact +567602 +568324 3 49 1
a contact +573500 +574345 49 3 1
a contact +573500 +574345 3 49 1
a contact +579480 +580386 49 3 1
a contact +579480 +580386 3 49 1
a contact +585548 +586448 49 3 1
a contact +585548 +586448 3 49 1
a contact +591691 +592537 49 3 1
a contact +591691 +592537 3 49 1
a contact +597871 +598667 49 3 1
a contact +597871 +598667 3 49 1
a contact +604033 +604800 49 3 1
a contact +604033 +604800 3 49 1
a contact +18474 +19283 49 5 1
a contact +18474 +19283 5 49 1
a contact +24452 +25351 49 5 1
a contact +24452 +25351 5 49 1
a contact +30736 +31313 49 5 1
a contact +30736 +31313 5 49 1
a contact +56110 +56655 49 5 1
a contact +56110 +56655 5 49 1
a contact +62066 +62949 49 5 1
a contact +62066 +62949 5 49 1
a contact +68132 +68931 49 5 1
a contact +68132 +68931 5 49 1
a contact +102945 +103647 49 5 1
a contact +102945 +103647 5 49 1
a contact +108836 +109746 49 5 1
a contact +108836 +109746 5 49 1
a contact +115016 +115749 49 5 1
a contact +115016 +115749 5 49 1
a contact +140622 +140834 49 5 1
a contact +140622 +140834 5 49 1
a contact +146469 +147307 49 5 1
a contact +146469 +147307 5 49 1
a contact +152509 +153371 49 5 1
a contact +152509 +153371 5 49 1
a contact +158685 +159109 49 5 1
a contact +158685 +159109 5 49 1
a contact +187456 +187988 49 5 1
a contact +187456 +187988 5 49 1
a contact +193243 +194134 49 5 1
a contact +193243 +194134 5 49 1
a contact +199336 +200165 49 5 1
a contact +199336 +200165 5 49 1
a contact +230881 +231638 49 5 1
a contact +230881 +231638 5 49 1
a contact +236894 +237787 49 5 1
a contact +236894 +237787 5 49 1
a contact +243008 +243644 49 5 1
a contact +243008 +243644 5 49 1
a contact +272076 +272239 49 5 1
a contact +272076 +272239 5 49 1
a contact +277674 +278514 49 5 1
a contact +277674 +278514 5 49 1
a contact +283686 +284571 49 5 1
a contact +283686 +284571 5 49 1
a contact +290023 +290507 49 5 1
a contact +290023 +290507 5 49 1
a contact +315310 +315933 49 5 1
a contact +315310 +315933 5 49 1
a contact +321287 +322179 49 5 1
a contact +321287 +322179 5 49 1
a contact +327365 +328127 49 5 1
a contact +327365 +328127 5 49 1
a contact +362132 +362884 49 5 1
a contact +362132 +362884 5 49 1
a contact +368060 +368969 49 5 1
a contact +368060 +368969 5 49 1
a contact +374280 +374957 49 5 1
a contact +374280 +374957 5 49 1
a contact +399776 +400169 49 5 1
a contact +399776 +400169 5 49 1
a contact +405687 +406548 49 5 1
a contact +405687 +406548 5 49 1
a contact +411738 +412578 49 5 1
a contact +411738 +412578 5 49 1
a contact +417967 +418238 49 5 1
a contact +417967 +418238 5 49 1
a contact +446624 +447237 49 5 1
a contact +446624 +447237 5 49 1
a contact +452458 +453360 49 5 1
a contact +452458 +453360 5 49 1
a contact +458585 +459380 49 5 1
a contact +458585 +459380 5 49 1
a contact +490095 +490890 49 5 1
a contact +490095 +490890 5 49 1
a contact +496120 +497004 49 5 1
a contact +496120 +497004 5 49 1
a contact +502254 +502817 49 5 1
a contact +502254 +502817 5 49 1
a contact +531177 +531547 49 5 1
a contact +531177 +531547 5 49 1
a contact +536879 +537744 49 5 1
a contact +536879 +537744 5 49 1
a contact +542924 +543790 49 5 1
a contact +542924 +543790 5 49 1
a contact +549329 +549687 49 5 1
a contact +549329 +549687 5 49 1
a contact +574516 +575202 49 5 1
a contact +574516 +575202 5 49 1
a contact +580510 +581405 49 5 1
a contact +580510 +581405 5 49 1
a contact +586601 +587318 49 5 1
a contact +586601 +587318 5 49 1
a contact +21377 +22120 49 7 1
a contact +21377 +22120 7 49 1
a contact +27324 +28204 49 7 1
a contact +27324 +28204 7 49 1
a contact +33686 +34069 49 7 1
a contact +33686 +34069 7 49 1
a contact +59457 +59615 49 7 1
a contact +59457 +59615 7 49 1
a contact +65224 +66104 49 7 1
a contact +65224 +66104 7 49 1
a contact +71287 +72094 49 7 1
a contact +71287 +72094 7 49 1
a contact +105881 +106455 49 7 1
a contact +105881 +106455 7 49 1
a contact +111711 +112602 49 7 1
a contact +111711 +112602 7 49 1
a contact +117912 +118565 49 7 1
a contact +117912 +118565 7 49 1
a contact +149641 +150447 49 7 1
a contact +149641 +150447 7 49 1
a contact +155659 +156538 49 7 1
a contact +155659 +156538 7 49 1
a contact +161931 +162184 49 7 1
a contact +161931 +162184 7 49 1
a contact +190499 +190694 49 7 1
a contact +190499 +190694 7 49 1
a contact +196125 +196987 49 7 1
a contact +196125 +196987 7 49 1
a contact +202215 +203005 49 7 1
a contact +202215 +203005 7 49 1
a contact +234080 +234750 49 7 1
a contact +234080 +234750 7 49 1
a contact +240044 +240952 49 7 1
a contact +240044 +240952 7 49 1
a contact +246187 +246785 49 7 1
a contact +246187 +246785 7 49 1
a contact +280569 +281358 49 7 1
a contact +280569 +281358 7 49 1
a contact +286558 +287422 49 7 1
a contact +286558 +287422 7 49 1
a contact +293075 +293160 49 7 1
a contact +293075 +293160 7 49 1
a contact +318572 +318980 49 7 1
a contact +318572 +318980 7 49 1
a contact +324442 +325338 49 7 1
a contact +324442 +325338 7 49 1
a contact +330525 +331287 49 7 1
a contact +330525 +331287 7 49 1
a contact +365051 +365707 49 7 1
a contact +365051 +365707 7 49 1
a contact +370933 +371825 49 7 1
a contact +370933 +371825 7 49 1
a contact +377190 +377757 49 7 1
a contact +377190 +377757 7 49 1
a contact +408852 +409695 49 7 1
a contact +408852 +409695 7 49 1
a contact +414889 +415744 49 7 1
a contact +414889 +415744 7 49 1
a contact +449600 +450008 49 7 1
a contact +449600 +450008 7 49 1
a contact +455336 +456215 49 7 1
a contact +455336 +456215 7 49 1
a contact +461469 +462212 49 7 1
a contact +461469 +462212 7 49 1
a contact +493281 +494017 49 7 1
a contact +493281 +494017 7 49 1
a contact +499269 +500170 49 7 1
a contact +499269 +500170 7 49 1
a contact +505448 +505943 49 7 1
a contact +505448 +505943 7 49 1
a contact +539767 +540592 49 7 1
a contact +539767 +540592 7 49 1
a contact +545798 +546637 49 7 1
a contact +545798 +546637 7 49 1
a contact +577743 +578285 49 7 1
a contact +577743 +578285 7 49 1
a contact +583662 +584568 49 7 1
a contact +583662 +584568 7 49 1
a contact +589767 +590472 49 7 1
a contact +589767 +590472 7 49 1
a contact +2811 +3652 49 9 1
a contact +2811 +3652 9 49 1
a contact +41538 +42414 49 9 1
a contact +41538 +42414 9 49 1
a contact +47645 +48347 49 9 1
a contact +47645 +48347 9 49 1
a contact +81393 +81843 49 9 1
a contact +81393 +81843 9 49 1
a contact +87185 +88069 49 9 1
a contact +87185 +88069 9 49 1
a contact +93600 +93758 49 9 1
a contact +93600 +93758 9 49 1
a contact +125981 +126756 49 9 1
a contact +125981 +126756 9 49 1
a contact +131980 +132821 49 9 1
a contact +131980 +132821 9 49 1
a contact +171593 +172458 49 9 1
a contact +171593 +172458 9 49 1
a contact +177748 +178382 49 9 1
a contact +177748 +178382 9 49 1
a contact +210479 +211035 49 9 1
a contact +210479 +211035 9 49 1
a contact +216352 +217251 49 9 1
a contact +216352 +217251 9 49 1
a contact +256038 +256817 49 9 1
a contact +256038 +256817 9 49 1
a contact +262054 +262856 49 9 1
a contact +262054 +262856 9 49 1
a contact +300751 +301647 49 9 1
a contact +300751 +301647 9 49 1
a contact +306910 +307516 49 9 1
a contact +306910 +307516 9 49 1
a contact +340539 +341128 49 9 1
a contact +340539 +341128 9 49 1
a contact +346412 +347286 49 9 1
a contact +346412 +347286 9 49 1
a contact +385179 +386006 49 9 1
a contact +385179 +386006 9 49 1
a contact +391222 +392017 49 9 1
a contact +391222 +392017 9 49 1
a contact +430805 +431686 49 9 1
a contact +430805 +431686 9 49 1
a contact +437033 +437548 49 9 1
a contact +437033 +437548 9 49 1
a contact +469649 +470317 49 9 1
a contact +469649 +470317 9 49 1
a contact +475580 +476464 49 9 1
a contact +475580 +476464 9 49 1
a contact +515235 +516058 49 9 1
a contact +515235 +516058 9 49 1
a contact +521305 +522053 49 9 1
a contact +521305 +522053 9 49 1
a contact +554237 +554501 49 9 1
a contact +554237 +554501 9 49 1
a contact +559968 +560873 49 9 1
a contact +559968 +560873 9 49 1
a contact +566194 +566663 49 9 1
a contact +566194 +566663 9 49 1
a contact +599709 +600393 49 9 1
a contact +599709 +600393 9 49 1
a contact +32186 +33059 49 11 1
a contact +32186 +33059 11 49 1
a contact +38276 +39000 49 11 1
a contact +38276 +39000 11 49 1
a contact +72585 +73209 49 11 1
a contact +72585 +73209 11 49 1
a contact +78442 +79349 49 11 1
a contact +78442 +79349 11 49 1
a contact +84733 +85233 49 11 1
a contact +84733 +85233 11 49 1
a contact +116605 +117410 49 11 1
a contact +116605 +117410 11 49 1
a contact +122632 +123464 49 11 1
a contact +122632 +123464 11 49 1
a contact +157187 +157456 49 11 1
a contact +157187 +157456 11 49 1
a contact +162847 +163739 49 11 1
a contact +162847 +163739 11 49 1
a contact +168989 +169717 49 11 1
a contact +168989 +169717 11 49 1
a contact +201052 +201717 49 11 1
a contact +201052 +201717 11 49 1
a contact +207009 +207892 49 11 1
a contact +207009 +207892 11 49 1
a contact +213246 +213614 49 11 1
a contact +213246 +213614 11 49 1
a contact +247283 +248112 49 11 1
a contact +247283 +248112 11 49 1
a contact +253309 +254155 49 11 1
a contact +253309 +254155 11 49 1
a contact +285567 +285937 49 11 1
a contact +285567 +285937 11 49 1
a contact +291404 +292289 49 11 1
a contact +291404 +292289 11 49 1
a contact +297525 +298179 49 11 1
a contact +297525 +298179 11 49 1
a contact +331758 +332462 49 11 1
a contact +331758 +332462 11 49 1
a contact +337670 +338569 49 11 1
a contact +337670 +338569 11 49 1
a contact +344058 +344379 49 11 1
a contact +344058 +344379 11 49 1
a contact +375815 +376655 49 11 1
a contact +375815 +376655 11 49 1
a contact +381868 +382663 49 11 1
a contact +381868 +382663 11 49 1
a contact +416299 +416762 49 11 1
a contact +416299 +416762 11 49 1
a contact +422062 +422966 49 11 1
a contact +422062 +422966 11 49 1
a contact +428257 +428911 49 11 1
a contact +428257 +428911 11 49 1
a contact +460249 +460982 49 11 1
a contact +460249 +460982 11 49 1
a contact +466237 +467105 49 11 1
a contact +466237 +467105 11 49 1
a contact +506484 +507346 49 11 1
a contact +506484 +507346 11 49 1
a contact +512557 +513363 49 11 1
a contact +512557 +513363 11 49 1
a contact +544725 +545250 49 11 1
a contact +544725 +545250 11 49 1
a contact +550624 +551515 49 11 1
a contact +550624 +551515 11 49 1
a contact +556782 +557347 49 11 1
a contact +556782 +557347 11 49 1
a contact +590942 +591707 49 11 1
a contact +590942 +591707 11 49 1
a contact +596902 +597786 49 11 1
a contact +596902 +597786 11 49 1
a contact +638 +1441 50 3 1
a contact +638 +1441 3 50 1
a contact +6758 +7615 50 3 1
a contact +6758 +7615 3 50 1
a contact +12840 +13742 50 3 1
a contact +12840 +13742 3 50 1
a contact +18896 +19787 50 3 1
a contact +18896 +19787 3 50 1
a contact +24933 +25745 50 3 1
a contact +24933 +25745 3 50 1
a contact +30946 +31628 50 3 1
a contact +30946 +31628 3 50 1
a contact +36916 +37480 50 3 1
a contact +36916 +37480 3 50 1
a contact +42814 +43375 50 3 1
a contact +42814 +43375 3 50 1
a contact +48665 +49341 50 3 1
a contact +48665 +49341 3 50 1
a contact +54543 +55352 50 3 1
a contact +54543 +55352 3 50 1
a contact +60493 +61387 50 3 1
a contact +60493 +61387 3 50 1
a contact +66532 +67441 50 3 1
a contact +66532 +67441 3 50 1
a contact +72653 +73520 50 3 1
a contact +72653 +73520 3 50 1
a contact +78827 +79635 50 3 1
a contact +78827 +79635 3 50 1
a contact +85000 +85795 50 3 1
a contact +85000 +85795 3 50 1
a contact +91134 +91973 50 3 1
a contact +91134 +91973 3 50 1
a contact +97225 +98118 50 3 1
a contact +97225 +98118 3 50 1
a contact +103288 +104189 50 3 1
a contact +103288 +104189 3 50 1
a contact +109330 +110172 50 3 1
a contact +109330 +110172 3 50 1
a contact +115351 +116074 50 3 1
a contact +115351 +116074 3 50 1
a contact +121337 +121928 50 3 1
a contact +121337 +121928 3 50 1
a contact +127257 +127804 50 3 1
a contact +127257 +127804 3 50 1
a contact +133115 +133751 50 3 1
a contact +133115 +133751 3 50 1
a contact +138978 +139751 50 3 1
a contact +138978 +139751 3 50 1
a contact +144905 +145781 50 3 1
a contact +144905 +145781 3 50 1
a contact +150918 +151829 50 3 1
a contact +150918 +151829 3 50 1
a contact +157017 +157900 50 3 1
a contact +157017 +157900 3 50 1
a contact +163180 +164003 50 3 1
a contact +163180 +164003 3 50 1
a contact +169359 +170150 50 3 1
a contact +169359 +170150 3 50 1
a contact +175505 +176328 50 3 1
a contact +175505 +176328 3 50 1
a contact +181608 +182488 50 3 1
a contact +181608 +182488 3 50 1
a contact +187678 +188583 50 3 1
a contact +187678 +188583 3 50 1
a contact +193726 +194592 50 3 1
a contact +193726 +194592 3 50 1
a contact +199754 +200516 50 3 1
a contact +199754 +200516 3 50 1
a contact +205752 +206379 50 3 1
a contact +205752 +206379 3 50 1
a contact +211695 +212240 50 3 1
a contact +211695 +212240 3 50 1
a contact +217566 +218165 50 3 1
a contact +217566 +218165 3 50 1
a contact +223420 +224153 50 3 1
a contact +223420 +224153 3 50 1
a contact +229324 +230176 50 3 1
a contact +229324 +230176 3 50 1
a contact +235311 +236219 50 3 1
a contact +235311 +236219 3 50 1
a contact +241385 +242282 50 3 1
a contact +241385 +242282 3 50 1
a contact +247534 +248374 50 3 1
a contact +247534 +248374 3 50 1
a contact +253714 +254508 50 3 1
a contact +253714 +254508 3 50 1
a contact +259873 +260681 50 3 1
a contact +259873 +260681 3 50 1
a contact +265988 +266852 50 3 1
a contact +265988 +266852 3 50 1
a contact +272066 +272970 50 3 1
a contact +272066 +272970 3 50 1
a contact +278120 +279005 50 3 1
a contact +278120 +279005 3 50 1
a contact +284154 +284952 50 3 1
a contact +284154 +284952 3 50 1
a contact +290163 +290828 50 3 1
a contact +290163 +290828 3 50 1
a contact +296125 +296682 50 3 1
a contact +296125 +296682 3 50 1
a contact +302015 +302585 50 3 1
a contact +302015 +302585 3 50 1
a contact +307865 +308558 50 3 1
a contact +307865 +308558 3 50 1
a contact +313750 +314573 50 3 1
a contact +313750 +314573 3 50 1
a contact +319711 +320610 50 3 1
a contact +319711 +320610 3 50 1
a contact +325761 +326667 50 3 1
a contact +325761 +326667 3 50 1
a contact +331890 +332750 50 3 1
a contact +331890 +332750 3 50 1
a contact +338067 +338870 50 3 1
a contact +338067 +338870 3 50 1
a contact +344237 +345034 50 3 1
a contact +344237 +345034 3 50 1
a contact +350364 +351211 50 3 1
a contact +350364 +351211 3 50 1
a contact +356452 +357349 50 3 1
a contact +356452 +357349 3 50 1
a contact +362512 +363410 50 3 1
a contact +362512 +363410 3 50 1
a contact +368552 +369382 50 3 1
a contact +368552 +369382 3 50 1
a contact +374570 +375276 50 3 1
a contact +374570 +375276 3 50 1
a contact +380549 +381129 50 3 1
a contact +380549 +381129 3 50 1
a contact +386460 +387011 50 3 1
a contact +386460 +387011 3 50 1
a contact +392315 +392966 50 3 1
a contact +392315 +392966 3 50 1
a contact +398183 +398972 50 3 1
a contact +398183 +398972 3 50 1
a contact +404120 +405003 50 3 1
a contact +404120 +405003 3 50 1
a contact +410143 +411054 50 3 1
a contact +410143 +411054 3 50 1
a contact +416251 +417128 50 3 1
a contact +416251 +417128 3 50 1
a contact +422419 +423236 50 3 1
a contact +422419 +423236 3 50 1
a contact +428597 +429388 50 3 1
a contact +428597 +429388 3 50 1
a contact +434738 +435567 50 3 1
a contact +434738 +435567 3 50 1
a contact +440835 +441721 50 3 1
a contact +440835 +441721 3 50 1
a contact +446902 +447807 50 3 1
a contact +446902 +447807 3 50 1
a contact +452948 +453805 50 3 1
a contact +452948 +453805 3 50 1
a contact +458973 +459720 50 3 1
a contact +458973 +459720 3 50 1
a contact +464967 +465578 50 3 1
a contact +464967 +465578 3 50 1
a contact +470900 +471444 50 3 1
a contact +470900 +471444 3 50 1
a contact +476765 +477379 50 3 1
a contact +476765 +477379 3 50 1
a contact +482622 +483373 50 3 1
a contact +482622 +483373 3 50 1
a contact +488535 +489398 50 3 1
a contact +488535 +489398 3 50 1
a contact +494533 +495443 50 3 1
a contact +494533 +495443 3 50 1
a contact +500618 +501510 50 3 1
a contact +500618 +501510 3 50 1
a contact +506773 +507606 50 3 1
a contact +506773 +507606 3 50 1
a contact +512953 +513745 50 3 1
a contact +512953 +513745 3 50 1
a contact +519107 +519921 50 3 1
a contact +519107 +519921 3 50 1
a contact +525217 +526088 50 3 1
a contact +525217 +526088 3 50 1
a contact +531291 +532196 50 3 1
a contact +531291 +532196 3 50 1
a contact +537343 +538221 50 3 1
a contact +537343 +538221 3 50 1
a contact +543374 +544158 50 3 1
a contact +543374 +544158 3 50 1
a contact +549379 +550028 50 3 1
a contact +549379 +550028 3 50 1
a contact +555334 +555884 50 3 1
a contact +555334 +555884 3 50 1
a contact +561215 +561796 50 3 1
a contact +561215 +561796 3 50 1
a contact +567066 +567776 50 3 1
a contact +567066 +567776 3 50 1
a contact +572959 +573794 50 3 1
a contact +572959 +573794 3 50 1
a contact +578930 +579834 50 3 1
a contact +578930 +579834 3 50 1
a contact +584990 +585894 50 3 1
a contact +584990 +585894 3 50 1
a contact +591128 +591980 50 3 1
a contact +591128 +591980 3 50 1
a contact +597307 +598106 50 3 1
a contact +597307 +598106 3 50 1
a contact +603473 +604274 50 3 1
a contact +603473 +604274 3 50 1
a contact +17944 +18724 50 5 1
a contact +17944 +18724 5 50 1
a contact +23895 +24800 50 5 1
a contact +23895 +24800 5 50 1
a contact +30144 +30778 50 5 1
a contact +30144 +30778 5 50 1
a contact +55581 +56054 50 5 1
a contact +55581 +56054 5 50 1
a contact +61516 +62389 50 5 1
a contact +61516 +62389 5 50 1
a contact +67574 +68397 50 5 1
a contact +67574 +68397 5 50 1
a contact +102425 +103082 50 5 1
a contact +102425 +103082 5 50 1
a contact +108286 +109193 50 5 1
a contact +108286 +109193 5 50 1
a contact +114438 +115206 50 5 1
a contact +114438 +115206 5 50 1
a contact +145922 +146739 50 5 1
a contact +145922 +146739 5 50 1
a contact +151954 +152829 50 5 1
a contact +151954 +152829 5 50 1
a contact +158106 +158610 50 5 1
a contact +158106 +158610 5 50 1
a contact +186955 +187410 50 5 1
a contact +186955 +187410 5 50 1
a contact +192701 +193579 50 5 1
a contact +192701 +193579 5 50 1
a contact +198768 +199619 50 5 1
a contact +198768 +199619 5 50 1
a contact +205240 +205469 50 5 1
a contact +205240 +205469 5 50 1
a contact +230339 +231060 50 5 1
a contact +230339 +231060 5 50 1
a contact +236342 +237237 50 5 1
a contact +236342 +237237 5 50 1
a contact +242443 +243124 50 5 1
a contact +242443 +243124 5 50 1
a contact +277140 +277957 50 5 1
a contact +277140 +277957 5 50 1
a contact +283126 +284022 50 5 1
a contact +283126 +284022 5 50 1
a contact +289422 +289978 50 5 1
a contact +289422 +289978 5 50 1
a contact +314775 +315341 50 5 1
a contact +314775 +315341 5 50 1
a contact +320737 +321622 50 5 1
a contact +320737 +321622 5 50 1
a contact +326806 +327597 50 5 1
a contact +326806 +327597 5 50 1
a contact +361607 +362322 50 5 1
a contact +361607 +362322 5 50 1
a contact +367508 +368417 50 5 1
a contact +367508 +368417 5 50 1
a contact +373697 +374417 50 5 1
a contact +373697 +374417 5 50 1
a contact +399271 +399540 50 5 1
a contact +399271 +399540 5 50 1
a contact +405139 +405983 50 5 1
a contact +405139 +405983 5 50 1
a contact +411182 +412039 50 5 1
a contact +411182 +412039 5 50 1
a contact +417368 +417761 50 5 1
a contact +417368 +417761 5 50 1
a contact +446114 +446666 50 5 1
a contact +446114 +446666 5 50 1
a contact +451912 +452806 50 5 1
a contact +451912 +452806 5 50 1
a contact +458014 +458835 50 5 1
a contact +458014 +458835 5 50 1
a contact +489551 +490317 50 5 1
a contact +489551 +490317 5 50 1
a contact +495567 +496457 50 5 1
a contact +495567 +496457 5 50 1
a contact +501685 +502304 50 5 1
a contact +501685 +502304 5 50 1
a contact +530708 +530941 50 5 1
a contact +530708 +530941 5 50 1
a contact +536341 +537187 50 5 1
a contact +536341 +537187 5 50 1
a contact +542360 +543242 50 5 1
a contact +542360 +543242 5 50 1
a contact +548713 +549170 50 5 1
a contact +548713 +549170 5 50 1
a contact +573977 +574617 50 5 1
a contact +573977 +574617 5 50 1
a contact +579958 +580852 50 5 1
a contact +579958 +580852 5 50 1
a contact +586040 +586791 50 5 1
a contact +586040 +586791 5 50 1
a contact +20854 +21554 50 7 1
a contact +20854 +21554 7 50 1
a contact +26767 +27656 50 7 1
a contact +26767 +27656 7 50 1
a contact +33068 +33561 50 7 1
a contact +33068 +33561 7 50 1
a contact +64678 +65541 50 7 1
a contact +64678 +65541 7 50 1
a contact +70727 +71562 50 7 1
a contact +70727 +71562 7 50 1
a contact +105378 +105875 50 7 1
a contact +105378 +105875 7 50 1
a contact +111163 +112049 50 7 1
a contact +111163 +112049 7 50 1
a contact +117327 +118031 50 7 1
a contact +117327 +118031 7 50 1
a contact +149101 +149873 50 7 1
a contact +149101 +149873 7 50 1
a contact +155104 +155996 50 7 1
a contact +155104 +155996 7 50 1
a contact +161316 +161720 50 7 1
a contact +161316 +161720 7 50 1
a contact +195586 +196430 50 7 1
a contact +195586 +196430 7 50 1
a contact +201644 +202463 50 7 1
a contact +201644 +202463 7 50 1
a contact +233551 +234159 50 7 1
a contact +233551 +234159 7 50 1
a contact +239493 +240401 50 7 1
a contact +239493 +240401 7 50 1
a contact +245614 +246274 50 7 1
a contact +245614 +246274 7 50 1
a contact +280041 +280795 50 7 1
a contact +280041 +280795 7 50 1
a contact +285998 +286875 50 7 1
a contact +285998 +286875 7 50 1
a contact +292384 +292722 50 7 1
a contact +292384 +292722 7 50 1
a contact +318088 +318335 50 7 1
a contact +318088 +318335 7 50 1
a contact +323894 +324779 50 7 1
a contact +323894 +324779 7 50 1
a contact +329962 +330759 50 7 1
a contact +329962 +330759 7 50 1
a contact +364538 +365135 50 7 1
a contact +364538 +365135 7 50 1
a contact +370382 +371274 50 7 1
a contact +370382 +371274 7 50 1
a contact +376596 +377230 50 7 1
a contact +376596 +377230 7 50 1
a contact +408310 +409126 50 7 1
a contact +408310 +409126 7 50 1
a contact +414332 +415206 50 7 1
a contact +414332 +415206 7 50 1
a contact +420638 +420811 50 7 1
a contact +420638 +420811 7 50 1
a contact +449131 +449397 50 7 1
a contact +449131 +449397 7 50 1
a contact +454793 +455660 50 7 1
a contact +454793 +455660 7 50 1
a contact +460893 +461673 50 7 1
a contact +460893 +461673 7 50 1
a contact +492746 +493434 50 7 1
a contact +492746 +493434 7 50 1
a contact +498716 +499623 50 7 1
a contact +498716 +499623 7 50 1
a contact +504867 +505443 50 7 1
a contact +504867 +505443 7 50 1
a contact +539234 +540032 50 7 1
a contact +539234 +540032 7 50 1
a contact +545233 +546092 50 7 1
a contact +545233 +546092 7 50 1
a contact +577229 +577674 50 7 1
a contact +577229 +577674 7 50 1
a contact +583112 +584012 50 7 1
a contact +583112 +584012 7 50 1
a contact +589201 +589950 50 7 1
a contact +589201 +589950 7 50 1
a contact +2250 +3111 50 9 1
a contact +2250 +3111 9 50 1
a contact +40998 +41851 50 9 1
a contact +40998 +41851 9 50 1
a contact +47070 +47827 50 9 1
a contact +47070 +47827 9 50 1
a contact +80932 +81212 50 9 1
a contact +80932 +81212 9 50 1
a contact +86634 +87519 50 9 1
a contact +86634 +87519 9 50 1
a contact +92925 +93324 50 9 1
a contact +92925 +93324 9 50 1
a contact +125454 +126178 50 9 1
a contact +125454 +126178 9 50 1
a contact +131419 +132285 50 9 1
a contact +131419 +132285 9 50 1
a contact +171053 +171899 50 9 1
a contact +171053 +171899 9 50 1
a contact +177162 +177863 50 9 1
a contact +177162 +177863 9 50 1
a contact +209986 +210421 50 9 1
a contact +209986 +210421 9 50 1
a contact +215799 +216704 50 9 1
a contact +215799 +216704 9 50 1
a contact +222091 +222420 50 9 1
a contact +222091 +222420 9 50 1
a contact +255513 +256246 50 9 1
a contact +255513 +256246 9 50 1
a contact +261487 +262320 50 9 1
a contact +261487 +262320 9 50 1
a contact +300207 +301089 50 9 1
a contact +300207 +301089 9 50 1
a contact +306326 +307006 50 9 1
a contact +306326 +307006 9 50 1
a contact +340043 +340533 50 9 1
a contact +340043 +340533 9 50 1
a contact +345857 +346740 50 9 1
a contact +345857 +346740 9 50 1
a contact +384646 +385435 50 9 1
a contact +384646 +385435 9 50 1
a contact +390656 +391487 50 9 1
a contact +390656 +391487 9 50 1
a contact +430261 +431131 50 9 1
a contact +430261 +431131 9 50 1
a contact +436433 +437042 50 9 1
a contact +436433 +437042 9 50 1
a contact +469136 +469723 50 9 1
a contact +469136 +469723 9 50 1
a contact +475024 +475921 50 9 1
a contact +475024 +475921 9 50 1
a contact +514703 +515493 50 9 1
a contact +514703 +515493 9 50 1
a contact +520732 +521522 50 9 1
a contact +520732 +521522 9 50 1
a contact +559421 +560320 50 9 1
a contact +559421 +560320 9 50 1
a contact +565594 +566171 50 9 1
a contact +565594 +566171 9 50 1
a contact +599196 +599812 50 9 1
a contact +599196 +599812 9 50 1
a contact +31640 +32498 50 11 1
a contact +31640 +32498 11 50 1
a contact +37710 +38475 50 11 1
a contact +37710 +38475 11 50 1
a contact +72080 +72629 50 11 1
a contact +72080 +72629 11 50 1
a contact +77891 +78798 50 11 1
a contact +77891 +78798 11 50 1
a contact +84128 +84718 50 11 1
a contact +84128 +84718 11 50 1
a contact +116067 +116837 50 11 1
a contact +116067 +116837 11 50 1
a contact +122074 +122927 50 11 1
a contact +122074 +122927 11 50 1
a contact +162305 +163184 50 11 1
a contact +162305 +163184 11 50 1
a contact +168409 +169183 50 11 1
a contact +168409 +169183 11 50 1
a contact +200527 +201125 50 11 1
a contact +200527 +201125 11 50 1
a contact +206457 +207345 50 11 1
a contact +206457 +207345 11 50 1
a contact +212645 +213132 50 11 1
a contact +212645 +213132 11 50 1
a contact +246752 +247550 50 11 1
a contact +246752 +247550 11 50 1
a contact +252744 +253612 50 11 1
a contact +252744 +253612 11 50 1
a contact +285120 +285261 50 11 1
a contact +285120 +285261 11 50 1
a contact +290856 +291733 50 11 1
a contact +290856 +291733 11 50 1
a contact +296954 +297662 50 11 1
a contact +296954 +297662 11 50 1
a contact +331243 +331889 50 11 1
a contact +331243 +331889 11 50 1
a contact +337115 +338020 50 11 1
a contact +337115 +338020 11 50 1
a contact +343425 +343890 50 11 1
a contact +343425 +343890 11 50 1
a contact +375273 +376087 50 11 1
a contact +375273 +376087 11 50 1
a contact +381306 +382131 50 11 1
a contact +381306 +382131 11 50 1
a contact +415825 +416154 50 11 1
a contact +415825 +416154 11 50 1
a contact +421516 +422412 50 11 1
a contact +421516 +422412 11 50 1
a contact +427670 +428383 50 11 1
a contact +427670 +428383 11 50 1
a contact +459717 +460400 50 11 1
a contact +459717 +460400 11 50 1
a contact +465682 +466562 50 11 1
a contact +465682 +466562 11 50 1
a contact +471939 +472257 50 11 1
a contact +471939 +472257 11 50 1
a contact +505949 +506787 50 11 1
a contact +505949 +506787 11 50 1
a contact +511986 +512823 50 11 1
a contact +511986 +512823 11 50 1
a contact +544219 +544635 50 11 1
a contact +544219 +544635 11 50 1
a contact +550075 +550962 50 11 1
a contact +550075 +550962 11 50 1
a contact +556204 +556838 50 11 1
a contact +556204 +556838 11 50 1
a contact +590419 +591139 50 11 1
a contact +590419 +591139 11 50 1
a contact +596343 +597239 50 11 1
a contact +596343 +597239 11 50 1
a contact +602767 +603020 50 11 1
a contact +602767 +603020 11 50 1
a contact +78 +878 51 3 1
a contact +78 +878 3 51 1
a contact +6202 +7054 51 3 1
a contact +6202 +7054 3 51 1
a contact +12287 +13186 51 3 1
a contact +12287 +13186 3 51 1
a contact +18345 +19240 51 3 1
a contact +18345 +19240 3 51 1
a contact +24383 +25205 51 3 1
a contact +24383 +25205 3 51 1
a contact +30399 +31094 51 3 1
a contact +30399 +31094 3 51 1
a contact +36374 +36946 51 3 1
a contact +36374 +36946 3 51 1
a contact +42279 +42834 51 3 1
a contact +42279 +42834 3 51 1
a contact +48132 +48795 51 3 1
a contact +48132 +48795 3 51 1
a contact +54004 +54803 51 3 1
a contact +54004 +54803 3 51 1
a contact +59947 +60836 51 3 1
a contact +59947 +60836 3 51 1
a contact +65978 +66889 51 3 1
a contact +65978 +66889 3 51 1
a contact +72093 +72965 51 3 1
a contact +72093 +72965 3 51 1
a contact +78264 +79076 51 3 1
a contact +78264 +79076 3 51 1
a contact +84439 +85232 51 3 1
a contact +84439 +85232 3 51 1
a contact +90576 +91411 51 3 1
a contact +90576 +91411 3 51 1
a contact +96671 +97561 51 3 1
a contact +96671 +97561 3 51 1
a contact +102736 +103639 51 3 1
a contact +102736 +103639 3 51 1
a contact +108780 +109630 51 3 1
a contact +108780 +109630 3 51 1
a contact +114804 +115539 51 3 1
a contact +114804 +115539 3 51 1
a contact +120794 +121395 51 3 1
a contact +120794 +121395 3 51 1
a contact +126721 +127265 51 3 1
a contact +126721 +127265 3 51 1
a contact +132582 +133206 51 3 1
a contact +132582 +133206 3 51 1
a contact +138442 +139203 51 3 1
a contact +138442 +139203 3 51 1
a contact +144361 +145230 51 3 1
a contact +144361 +145230 3 51 1
a contact +150366 +151277 51 3 1
a contact +150366 +151277 3 51 1
a contact +156458 +157345 51 3 1
a contact +156458 +157345 3 51 1
a contact +162616 +163445 51 3 1
a contact +162616 +163445 3 51 1
a contact +168796 +169588 51 3 1
a contact +168796 +169588 3 51 1
a contact +174947 +175765 51 3 1
a contact +174947 +175765 3 51 1
a contact +181053 +181929 51 3 1
a contact +181053 +181929 3 51 1
a contact +187125 +188031 51 3 1
a contact +187125 +188031 3 51 1
a contact +193175 +194048 51 3 1
a contact +193175 +194048 3 51 1
a contact +199205 +199979 51 3 1
a contact +199205 +199979 3 51 1
a contact +205207 +205845 51 3 1
a contact +205207 +205845 3 51 1
a contact +211156 +211703 51 3 1
a contact +211156 +211703 3 51 1
a contact +217032 +217622 51 3 1
a contact +217032 +217622 3 51 1
a contact +222885 +223606 51 3 1
a contact +222885 +223606 3 51 1
a contact +228783 +229626 51 3 1
a contact +228783 +229626 3 51 1
a contact +234761 +235667 51 3 1
a contact +234761 +235667 3 51 1
a contact +240828 +241729 51 3 1
a contact +240828 +241729 3 51 1
a contact +246971 +247818 51 3 1
a contact +246971 +247818 3 51 1
a contact +253151 +253947 51 3 1
a contact +253151 +253947 3 51 1
a contact +259314 +260118 51 3 1
a contact +259314 +260118 3 51 1
a contact +265432 +266291 51 3 1
a contact +265432 +266291 3 51 1
a contact +271513 +272415 51 3 1
a contact +271513 +272415 3 51 1
a contact +277569 +278458 51 3 1
a contact +277569 +278458 3 51 1
a contact +283605 +284413 51 3 1
a contact +283605 +284413 3 51 1
a contact +289617 +290295 51 3 1
a contact +289617 +290295 3 51 1
a contact +295585 +296147 51 3 1
a contact +295585 +296147 3 51 1
a contact +301481 +302044 51 3 1
a contact +301481 +302044 3 51 1
a contact +307332 +308012 51 3 1
a contact +307332 +308012 3 51 1
a contact +313211 +314024 51 3 1
a contact +313211 +314024 3 51 1
a contact +319164 +320059 51 3 1
a contact +319164 +320059 3 51 1
a contact +325206 +326114 51 3 1
a contact +325206 +326114 3 51 1
a contact +331329 +332194 51 3 1
a contact +331329 +332194 3 51 1
a contact +337504 +338310 51 3 1
a contact +337504 +338310 3 51 1
a contact +343676 +344471 51 3 1
a contact +343676 +344471 3 51 1
a contact +349808 +350649 51 3 1
a contact +349808 +350649 3 51 1
a contact +355898 +356792 51 3 1
a contact +355898 +356792 3 51 1
a contact +361960 +362861 51 3 1
a contact +361960 +362861 3 51 1
a contact +368002 +368841 51 3 1
a contact +368002 +368841 3 51 1
a contact +374022 +374741 51 3 1
a contact +374022 +374741 3 51 1
a contact +380007 +380595 51 3 1
a contact +380007 +380595 3 51 1
a contact +385925 +386472 51 3 1
a contact +385925 +386472 3 51 1
a contact +391782 +392421 51 3 1
a contact +391782 +392421 3 51 1
a contact +397646 +398423 51 3 1
a contact +397646 +398423 3 51 1
a contact +403575 +404453 51 3 1
a contact +403575 +404453 3 51 1
a contact +409590 +410502 51 3 1
a contact +409590 +410502 3 51 1
a contact +415692 +416573 51 3 1
a contact +415692 +416573 3 51 1
a contact +421856 +422678 51 3 1
a contact +421856 +422678 3 51 1
a contact +428035 +428826 51 3 1
a contact +428035 +428826 3 51 1
a contact +434180 +435004 51 3 1
a contact +434180 +435004 3 51 1
a contact +440281 +441163 51 3 1
a contact +440281 +441163 3 51 1
a contact +446350 +447256 51 3 1
a contact +446350 +447256 3 51 1
a contact +452398 +453262 51 3 1
a contact +452398 +453262 3 51 1
a contact +458425 +459184 51 3 1
a contact +458425 +459184 3 51 1
a contact +464423 +465045 51 3 1
a contact +464423 +465045 3 51 1
a contact +470363 +470907 51 3 1
a contact +470363 +470907 3 51 1
a contact +476232 +476835 51 3 1
a contact +476232 +476835 3 51 1
a contact +482087 +482825 51 3 1
a contact +482087 +482825 3 51 1
a contact +487993 +488848 51 3 1
a contact +487993 +488848 3 51 1
a contact +493983 +494892 51 3 1
a contact +493983 +494892 3 51 1
a contact +500060 +500956 51 3 1
a contact +500060 +500956 3 51 1
a contact +506210 +507049 51 3 1
a contact +506210 +507049 3 51 1
a contact +512390 +513184 51 3 1
a contact +512390 +513184 3 51 1
a contact +518548 +519357 51 3 1
a contact +518548 +519357 3 51 1
a contact +524661 +525528 51 3 1
a contact +524661 +525528 3 51 1
a contact +530739 +531643 51 3 1
a contact +530739 +531643 3 51 1
a contact +536792 +537675 51 3 1
a contact +536792 +537675 3 51 1
a contact +542826 +543620 51 3 1
a contact +542826 +543620 3 51 1
a contact +548834 +549495 51 3 1
a contact +548834 +549495 3 51 1
a contact +554794 +555349 51 3 1
a contact +554794 +555349 3 51 1
a contact +560682 +561254 51 3 1
a contact +560682 +561254 3 51 1
a contact +566532 +567229 51 3 1
a contact +566532 +567229 3 51 1
a contact +572419 +573245 51 3 1
a contact +572419 +573245 3 51 1
a contact +578382 +579283 51 3 1
a contact +578382 +579283 3 51 1
a contact +584435 +585340 51 3 1
a contact +584435 +585340 3 51 1
a contact +590566 +591424 51 3 1
a contact +590566 +591424 3 51 1
a contact +596744 +597545 51 3 1
a contact +596744 +597545 3 51 1
a contact +602912 +603710 51 3 1
a contact +602912 +603710 3 51 1
a contact +17416 +18164 51 5 1
a contact +17416 +18164 5 51 1
a contact +23341 +24250 51 5 1
a contact +23341 +24250 5 51 1
a contact +29557 +30240 51 5 1
a contact +29557 +30240 5 51 1
a contact +55061 +55443 51 5 1
a contact +55061 +55443 5 51 1
a contact +60969 +61828 51 5 1
a contact +60969 +61828 5 51 1
a contact +67019 +67861 51 5 1
a contact +67019 +67861 5 51 1
a contact +73242 +73529 51 5 1
a contact +73242 +73529 5 51 1
a contact +101910 +102516 51 5 1
a contact +101910 +102516 5 51 1
a contact +107740 +108641 51 5 1
a contact +107740 +108641 5 51 1
a contact +113864 +114662 51 5 1
a contact +113864 +114662 5 51 1
a contact +145377 +146169 51 5 1
a contact +145377 +146169 5 51 1
a contact +151401 +152286 51 5 1
a contact +151401 +152286 5 51 1
a contact +157533 +158103 51 5 1
a contact +157533 +158103 5 51 1
a contact +186466 +186824 51 5 1
a contact +186466 +186824 5 51 1
a contact +192162 +193024 51 5 1
a contact +192162 +193024 5 51 1
a contact +198203 +199072 51 5 1
a contact +198203 +199072 5 51 1
a contact +204602 +204973 51 5 1
a contact +204602 +204973 5 51 1
a contact +229799 +230480 51 5 1
a contact +229799 +230480 5 51 1
a contact +235791 +236686 51 5 1
a contact +235791 +236686 5 51 1
a contact +241881 +242602 51 5 1
a contact +241881 +242602 5 51 1
a contact +276609 +277399 51 5 1
a contact +276609 +277399 5 51 1
a contact +282569 +283472 51 5 1
a contact +282569 +283472 5 51 1
a contact +288829 +289445 51 5 1
a contact +288829 +289445 5 51 1
a contact +314245 +314743 51 5 1
a contact +314245 +314743 5 51 1
a contact +320188 +321064 51 5 1
a contact +320188 +321064 5 51 1
a contact +326249 +327064 51 5 1
a contact +326249 +327064 5 51 1
a contact +361087 +361759 51 5 1
a contact +361087 +361759 5 51 1
a contact +366958 +367866 51 5 1
a contact +366958 +367866 5 51 1
a contact +373119 +373875 51 5 1
a contact +373119 +373875 5 51 1
a contact +404593 +405417 51 5 1
a contact +404593 +405417 5 51 1
a contact +410628 +411499 51 5 1
a contact +410628 +411499 5 51 1
a contact +416786 +417266 51 5 1
a contact +416786 +417266 5 51 1
a contact +445610 +446092 51 5 1
a contact +445610 +446092 5 51 1
a contact +451370 +452253 51 5 1
a contact +451370 +452253 5 51 1
a contact +457445 +458289 51 5 1
a contact +457445 +458289 5 51 1
a contact +463955 +464110 51 5 1
a contact +463955 +464110 5 51 1
a contact +489008 +489741 51 5 1
a contact +489008 +489741 5 51 1
a contact +495015 +495909 51 5 1
a contact +495015 +495909 5 51 1
a contact +501120 +501787 51 5 1
a contact +501120 +501787 5 51 1
a contact +535806 +536631 51 5 1
a contact +535806 +536631 5 51 1
a contact +541801 +542693 51 5 1
a contact +541801 +542693 5 51 1
a contact +548109 +548644 51 5 1
a contact +548109 +548644 5 51 1
a contact +573441 +574027 51 5 1
a contact +573441 +574027 5 51 1
a contact +579409 +580297 51 5 1
a contact +579409 +580297 5 51 1
a contact +585481 +586263 51 5 1
a contact +585481 +586263 5 51 1
a contact +20337 +20986 51 7 1
a contact +20337 +20986 7 51 1
a contact +26214 +27106 51 7 1
a contact +26214 +27106 7 51 1
a contact +32466 +33041 51 7 1
a contact +32466 +33041 7 51 1
a contact +64135 +64975 51 7 1
a contact +64135 +64975 7 51 1
a contact +70170 +71027 51 7 1
a contact +70170 +71027 7 51 1
a contact +104889 +105285 51 7 1
a contact +104889 +105285 7 51 1
a contact +110618 +111496 51 7 1
a contact +110618 +111496 7 51 1
a contact +116748 +117495 51 7 1
a contact +116748 +117495 7 51 1
a contact +148564 +149295 51 7 1
a contact +148564 +149295 7 51 1
a contact +154550 +155452 51 7 1
a contact +154550 +155452 7 51 1
a contact +160726 +161231 51 7 1
a contact +160726 +161231 7 51 1
a contact +195050 +195873 51 7 1
a contact +195050 +195873 7 51 1
a contact +201077 +201919 51 7 1
a contact +201077 +201919 7 51 1
a contact +233028 +233560 51 7 1
a contact +233028 +233560 7 51 1
a contact +238943 +239849 51 7 1
a contact +238943 +239849 7 51 1
a contact +245046 +245757 51 7 1
a contact +245046 +245757 7 51 1
a contact +279517 +280232 51 7 1
a contact +279517 +280232 7 51 1
a contact +285441 +286327 51 7 1
a contact +285441 +286327 7 51 1
a contact +291760 +292221 51 7 1
a contact +291760 +292221 7 51 1
a contact +323349 +324217 51 7 1
a contact +323349 +324217 7 51 1
a contact +329402 +330229 51 7 1
a contact +329402 +330229 7 51 1
a contact +364033 +364558 51 7 1
a contact +364033 +364558 7 51 1
a contact +369833 +370722 51 7 1
a contact +369833 +370722 7 51 1
a contact +376010 +376698 51 7 1
a contact +376010 +376698 7 51 1
a contact +407769 +408553 51 7 1
a contact +407769 +408553 7 51 1
a contact +413777 +414666 51 7 1
a contact +413777 +414666 7 51 1
a contact +420005 +420368 51 7 1
a contact +420005 +420368 7 51 1
a contact +454254 +455104 51 7 1
a contact +454254 +455104 7 51 1
a contact +460322 +461132 51 7 1
a contact +460322 +461132 7 51 1
a contact +492215 +492845 51 7 1
a contact +492215 +492845 7 51 1
a contact +498165 +499074 51 7 1
a contact +498165 +499074 7 51 1
a contact +504293 +504934 51 7 1
a contact +504293 +504934 7 51 1
a contact +538705 +539472 51 7 1
a contact +538705 +539472 7 51 1
a contact +544673 +545546 51 7 1
a contact +544673 +545546 7 51 1
a contact +551088 +551371 51 7 1
a contact +551088 +551371 7 51 1
a contact +576733 +577043 51 7 1
a contact +576733 +577043 7 51 1
a contact +582565 +583454 51 7 1
a contact +582565 +583454 7 51 1
a contact +588638 +589424 51 7 1
a contact +588638 +589424 7 51 1
a contact +1692 +2568 51 9 1
a contact +1692 +2568 9 51 1
a contact +40462 +41285 51 9 1
a contact +40462 +41285 9 51 1
a contact +46501 +47301 51 9 1
a contact +46501 +47301 9 51 1
a contact +86087 +86967 51 9 1
a contact +86087 +86967 9 51 1
a contact +92308 +92835 51 9 1
a contact +92308 +92835 9 51 1
a contact +124934 +125594 51 9 1
a contact +124934 +125594 9 51 1
a contact +130861 +131746 51 9 1
a contact +130861 +131746 9 51 1
a contact +170518 +171338 51 9 1
a contact +170518 +171338 9 51 1
a contact +176584 +177337 51 9 1
a contact +176584 +177337 9 51 1
a contact +209534 +209766 51 9 1
a contact +209534 +209766 9 51 1
a contact +215250 +216154 51 9 1
a contact +215250 +216154 9 51 1
a contact +221469 +221952 51 9 1
a contact +221469 +221952 9 51 1
a contact +254994 +255672 51 9 1
a contact +254994 +255672 9 51 1
a contact +260925 +261780 51 9 1
a contact +260925 +261780 9 51 1
a contact +299666 +300528 51 9 1
a contact +299666 +300528 9 51 1
a contact +305750 +306489 51 9 1
a contact +305750 +306489 9 51 1
a contact +339569 +339916 51 9 1
a contact +339569 +339916 9 51 1
a contact +345306 +346191 51 9 1
a contact +345306 +346191 9 51 1
a contact +351627 +351969 51 9 1
a contact +351627 +351969 9 51 1
a contact +384118 +384860 51 9 1
a contact +384118 +384860 9 51 1
a contact +390094 +390953 51 9 1
a contact +390094 +390953 9 51 1
a contact +429721 +430574 51 9 1
a contact +429721 +430574 9 51 1
a contact +435844 +436525 51 9 1
a contact +435844 +436525 9 51 1
a contact +468637 +469116 51 9 1
a contact +468637 +469116 9 51 1
a contact +474471 +475375 51 9 1
a contact +474471 +475375 9 51 1
a contact +480799 +481053 51 9 1
a contact +480799 +481053 9 51 1
a contact +514176 +514925 51 9 1
a contact +514176 +514925 9 51 1
a contact +520164 +520988 51 9 1
a contact +520164 +520988 9 51 1
a contact +558876 +559763 51 9 1
a contact +558876 +559763 9 51 1
a contact +565008 +565666 51 9 1
a contact +565008 +565666 9 51 1
a contact +598695 +599221 51 9 1
a contact +598695 +599221 9 51 1
a contact +604530 +604800 51 9 1
a contact +604530 +604800 9 51 1
a contact +31097 +31934 51 11 1
a contact +31097 +31934 11 51 1
a contact +37148 +37947 51 11 1
a contact +37148 +37947 11 51 1
a contact +71588 +72038 51 11 1
a contact +71588 +72038 11 51 1
a contact +77343 +78247 51 11 1
a contact +77343 +78247 11 51 1
a contact +83534 +84196 51 11 1
a contact +83534 +84196 11 51 1
a contact +115532 +116260 51 11 1
a contact +115532 +116260 11 51 1
a contact +121518 +122388 51 11 1
a contact +121518 +122388 11 51 1
a contact +127900 +127942 51 11 1
a contact +127900 +127942 11 51 1
a contact +161767 +162627 51 11 1
a contact +161767 +162627 11 51 1
a contact +167836 +168646 51 11 1
a contact +167836 +168646 11 51 1
a contact +200011 +200525 51 11 1
a contact +200011 +200525 11 51 1
a contact +205906 +206796 51 11 1
a contact +205906 +206796 11 51 1
a contact +212060 +212633 51 11 1
a contact +212060 +212633 11 51 1
a contact +246226 +246986 51 11 1
a contact +246226 +246986 11 51 1
a contact +252183 +253068 51 11 1
a contact +252183 +253068 11 51 1
a contact +290310 +291173 51 11 1
a contact +290310 +291173 11 51 1
a contact +296387 +297139 51 11 1
a contact +296387 +297139 11 51 1
a contact +330736 +331311 51 11 1
a contact +330736 +331311 11 51 1
a contact +336563 +337471 51 11 1
a contact +336563 +337471 11 51 1
a contact +342816 +343380 51 11 1
a contact +342816 +343380 11 51 1
a contact +374735 +375517 51 11 1
a contact +374735 +375517 11 51 1
a contact +380748 +381595 51 11 1
a contact +380748 +381595 11 51 1
a contact +420974 +421858 51 11 1
a contact +420974 +421858 11 51 1
a contact +427090 +427850 51 11 1
a contact +427090 +427850 11 51 1
a contact +459190 +459812 51 11 1
a contact +459190 +459812 11 51 1
a contact +465129 +466016 51 11 1
a contact +465129 +466016 11 51 1
a contact +471331 +471784 51 11 1
a contact +471331 +471784 11 51 1
a contact +505417 +506226 51 11 1
a contact +505417 +506226 11 51 1
a contact +511421 +512282 51 11 1
a contact +511421 +512282 11 51 1
a contact +543745 +543988 51 11 1
a contact +543745 +543988 11 51 1
a contact +549527 +550407 51 11 1
a contact +549527 +550407 11 51 1
a contact +555632 +556324 51 11 1
a contact +555632 +556324 11 51 1
a contact +589903 +590569 51 11 1
a contact +589903 +590569 11 51 1
a contact +595788 +596692 51 11 1
a contact +595788 +596692 11 51 1
a contact +602120 +602545 51 11 1
a contact +602120 +602545 11 51 1
a contact +0 +316 52 3 1
a contact +0 +316 3 52 1
a contact +5647 +6493 52 3 1
a contact +5647 +6493 3 52 1
a contact +11735 +12631 52 3 1
a contact +11735 +12631 3 52 1
a contact +17795 +18693 52 3 1
a contact +17795 +18693 3 52 1
a contact +23835 +24666 52 3 1
a contact +23835 +24666 3 52 1
a contact +29853 +30561 52 3 1
a contact +29853 +30561 3 52 1
a contact +35833 +36414 52 3 1
a contact +35833 +36414 3 52 1
a contact +41745 +42295 52 3 1
a contact +41745 +42295 3 52 1
a contact +47600 +48250 52 3 1
a contact +47600 +48250 3 52 1
a contact +53468 +54255 52 3 1
a contact +53468 +54255 3 52 1
a contact +59403 +60286 52 3 1
a contact +59403 +60286 3 52 1
a contact +65426 +66337 52 3 1
a contact +65426 +66337 3 52 1
a contact +71534 +72411 52 3 1
a contact +71534 +72411 3 52 1
a contact +77701 +78518 52 3 1
a contact +77701 +78518 3 52 1
a contact +83879 +84670 52 3 1
a contact +83879 +84670 3 52 1
a contact +90020 +90849 52 3 1
a contact +90020 +90849 3 52 1
a contact +96118 +97004 52 3 1
a contact +96118 +97004 3 52 1
a contact +102185 +103090 52 3 1
a contact +102185 +103090 3 52 1
a contact +108231 +109089 52 3 1
a contact +108231 +109089 3 52 1
a contact +114257 +115004 52 3 1
a contact +114257 +115004 3 52 1
a contact +120251 +120863 52 3 1
a contact +120251 +120863 3 52 1
a contact +126185 +126729 52 3 1
a contact +126185 +126729 3 52 1
a contact +132050 +132663 52 3 1
a contact +132050 +132663 3 52 1
a contact +137907 +138656 52 3 1
a contact +137907 +138656 3 52 1
a contact +143819 +144681 52 3 1
a contact +143819 +144681 3 52 1
a contact +149816 +150726 52 3 1
a contact +149816 +150726 3 52 1
a contact +155900 +156792 52 3 1
a contact +155900 +156792 3 52 1
a contact +162054 +162888 52 3 1
a contact +162054 +162888 3 52 1
a contact +168235 +169027 52 3 1
a contact +168235 +169027 3 52 1
a contact +174390 +175202 52 3 1
a contact +174390 +175202 3 52 1
a contact +180499 +181370 52 3 1
a contact +180499 +181370 3 52 1
a contact +186574 +187479 52 3 1
a contact +186574 +187479 3 52 1
a contact +192626 +193504 52 3 1
a contact +192626 +193504 3 52 1
a contact +198658 +199443 52 3 1
a contact +198658 +199443 3 52 1
a contact +204663 +205313 52 3 1
a contact +204663 +205313 3 52 1
a contact +210618 +211169 52 3 1
a contact +210618 +211169 3 52 1
a contact +216500 +217080 52 3 1
a contact +216500 +217080 3 52 1
a contact +222351 +223060 52 3 1
a contact +222351 +223060 3 52 1
a contact +228243 +229077 52 3 1
a contact +228243 +229077 3 52 1
a contact +234214 +235117 52 3 1
a contact +234214 +235117 3 52 1
a contact +240273 +241176 52 3 1
a contact +240273 +241176 3 52 1
a contact +246410 +247262 52 3 1
a contact +246410 +247262 3 52 1
a contact +252589 +253388 52 3 1
a contact +252589 +253388 3 52 1
a contact +258755 +259555 52 3 1
a contact +258755 +259555 3 52 1
a contact +264877 +265731 52 3 1
a contact +264877 +265731 3 52 1
a contact +270961 +271861 52 3 1
a contact +270961 +271861 3 52 1
a contact +277019 +277912 52 3 1
a contact +277019 +277912 3 52 1
a contact +283056 +283875 52 3 1
a contact +283056 +283875 3 52 1
a contact +289071 +289762 52 3 1
a contact +289071 +289762 3 52 1
a contact +295045 +295614 52 3 1
a contact +295045 +295614 3 52 1
a contact +300947 +301504 52 3 1
a contact +300947 +301504 3 52 1
a contact +306799 +307467 52 3 1
a contact +306799 +307467 3 52 1
a contact +312674 +313476 52 3 1
a contact +312674 +313476 3 52 1
a contact +318619 +319510 52 3 1
a contact +318619 +319510 3 52 1
a contact +324653 +325563 52 3 1
a contact +324653 +325563 3 52 1
a contact +330769 +331640 52 3 1
a contact +330769 +331640 3 52 1
a contact +336941 +337752 52 3 1
a contact +336941 +337752 3 52 1
a contact +343116 +343909 52 3 1
a contact +343116 +343909 3 52 1
a contact +349252 +350088 52 3 1
a contact +349252 +350088 3 52 1
a contact +355346 +356236 52 3 1
a contact +355346 +356236 3 52 1
a contact +361410 +362312 52 3 1
a contact +361410 +362312 3 52 1
a contact +367453 +368301 52 3 1
a contact +367453 +368301 3 52 1
a contact +373476 +374207 52 3 1
a contact +373476 +374207 3 52 1
a contact +379465 +380063 52 3 1
a contact +379465 +380063 3 52 1
a contact +385390 +385935 52 3 1
a contact +385390 +385935 3 52 1
a contact +391250 +391877 52 3 1
a contact +391250 +391877 3 52 1
a contact +397110 +397876 52 3 1
a contact +397110 +397876 3 52 1
a contact +403032 +403904 52 3 1
a contact +403032 +403904 3 52 1
a contact +409040 +409951 52 3 1
a contact +409040 +409951 3 52 1
a contact +415134 +416020 52 3 1
a contact +415134 +416020 3 52 1
a contact +421294 +422121 52 3 1
a contact +421294 +422121 3 52 1
a contact +427474 +428265 52 3 1
a contact +427474 +428265 3 52 1
a contact +433623 +434442 52 3 1
a contact +433623 +434442 3 52 1
a contact +439728 +440605 52 3 1
a contact +439728 +440605 3 52 1
a contact +445799 +446705 52 3 1
a contact +445799 +446705 3 52 1
a contact +451849 +452719 52 3 1
a contact +451849 +452719 3 52 1
a contact +457878 +458648 52 3 1
a contact +457878 +458648 3 52 1
a contact +463879 +464513 52 3 1
a contact +463879 +464513 3 52 1
a contact +469826 +470372 52 3 1
a contact +469826 +470372 3 52 1
a contact +475700 +476293 52 3 1
a contact +475700 +476293 3 52 1
a contact +481553 +482278 52 3 1
a contact +481553 +482278 3 52 1
a contact +487453 +488299 52 3 1
a contact +487453 +488299 3 52 1
a contact +493434 +494341 52 3 1
a contact +493434 +494341 3 52 1
a contact +499504 +500403 52 3 1
a contact +499504 +500403 3 52 1
a contact +505648 +506493 52 3 1
a contact +505648 +506493 3 52 1
a contact +511828 +512624 52 3 1
a contact +511828 +512624 3 52 1
a contact +517990 +518795 52 3 1
a contact +517990 +518795 3 52 1
a contact +524107 +524968 52 3 1
a contact +524107 +524968 3 52 1
a contact +530187 +531090 52 3 1
a contact +530187 +531090 3 52 1
a contact +536242 +537130 52 3 1
a contact +536242 +537130 3 52 1
a contact +542278 +543083 52 3 1
a contact +542278 +543083 3 52 1
a contact +548289 +548963 52 3 1
a contact +548289 +548963 3 52 1
a contact +554255 +554815 52 3 1
a contact +554255 +554815 3 52 1
a contact +560149 +560714 52 3 1
a contact +560149 +560714 3 52 1
a contact +566000 +566684 52 3 1
a contact +566000 +566684 3 52 1
a contact +571881 +572696 52 3 1
a contact +571881 +572696 3 52 1
a contact +577836 +578733 52 3 1
a contact +577836 +578733 3 52 1
a contact +583881 +584789 52 3 1
a contact +583881 +584789 3 52 1
a contact +590006 +590869 52 3 1
a contact +590006 +590869 3 52 1
a contact +596181 +596987 52 3 1
a contact +596181 +596987 3 52 1
a contact +602353 +603148 52 3 1
a contact +602353 +603148 3 52 1
a contact +16893 +17604 52 5 1
a contact +16893 +17604 5 52 1
a contact +22791 +23700 52 5 1
a contact +22791 +23700 5 52 1
a contact +28977 +29701 52 5 1
a contact +28977 +29701 5 52 1
a contact +54561 +54812 52 5 1
a contact +54561 +54812 5 52 1
a contact +60423 +61265 52 5 1
a contact +60423 +61265 5 52 1
a contact +66465 +67324 52 5 1
a contact +66465 +67324 5 52 1
a contact +72647 +73051 52 5 1
a contact +72647 +73051 5 52 1
a contact +101401 +101947 52 5 1
a contact +101401 +101947 5 52 1
a contact +107196 +108089 52 5 1
a contact +107196 +108089 5 52 1
a contact +113295 +114119 52 5 1
a contact +113295 +114119 5 52 1
a contact +144835 +145598 52 5 1
a contact +144835 +145598 5 52 1
a contact +150850 +151741 52 5 1
a contact +150850 +151741 5 52 1
a contact +156966 +157591 52 5 1
a contact +156966 +157591 5 52 1
a contact +186003 +186215 52 5 1
a contact +186003 +186215 5 52 1
a contact +191626 +192470 52 5 1
a contact +191626 +192470 5 52 1
a contact +197642 +198525 52 5 1
a contact +197642 +198525 5 52 1
a contact +203990 +204456 52 5 1
a contact +203990 +204456 5 52 1
a contact +229262 +229896 52 5 1
a contact +229262 +229896 5 52 1
a contact +235242 +236134 52 5 1
a contact +235242 +236134 5 52 1
a contact +241322 +242077 52 5 1
a contact +241322 +242077 5 52 1
a contact +276082 +276841 52 5 1
a contact +276082 +276841 5 52 1
a contact +282015 +282923 52 5 1
a contact +282015 +282923 5 52 1
a contact +288242 +288909 52 5 1
a contact +288242 +288909 5 52 1
a contact +313723 +314138 52 5 1
a contact +313723 +314138 5 52 1
a contact +319641 +320505 52 5 1
a contact +319641 +320505 5 52 1
a contact +325694 +326530 52 5 1
a contact +325694 +326530 5 52 1
a contact +331936 +332172 52 5 1
a contact +331936 +332172 5 52 1
a contact +360571 +361195 52 5 1
a contact +360571 +361195 5 52 1
a contact +366412 +367315 52 5 1
a contact +366412 +367315 5 52 1
a contact +372545 +373333 52 5 1
a contact +372545 +373333 5 52 1
a contact +404049 +404849 52 5 1
a contact +404049 +404849 5 52 1
a contact +410075 +410957 52 5 1
a contact +410075 +410957 5 52 1
a contact +416213 +416763 52 5 1
a contact +416213 +416763 5 52 1
a contact +445117 +445510 52 5 1
a contact +445117 +445510 5 52 1
a contact +450831 +451699 52 5 1
a contact +450831 +451699 5 52 1
a contact +456881 +457744 52 5 1
a contact +456881 +457744 5 52 1
a contact +463301 +463632 52 5 1
a contact +463301 +463632 5 52 1
a contact +488468 +489163 52 5 1
a contact +488468 +489163 5 52 1
a contact +494464 +495360 52 5 1
a contact +494464 +495360 5 52 1
a contact +500558 +501266 52 5 1
a contact +500558 +501266 5 52 1
a contact +535275 +536075 52 5 1
a contact +535275 +536075 5 52 1
a contact +541244 +542145 52 5 1
a contact +541244 +542145 5 52 1
a contact +547515 +548113 52 5 1
a contact +547515 +548113 5 52 1
a contact +572911 +573433 52 5 1
a contact +572911 +573433 5 52 1
a contact +578861 +579740 52 5 1
a contact +578861 +579740 5 52 1
a contact +584924 +585732 52 5 1
a contact +584924 +585732 5 52 1
a contact +19826 +20415 52 7 1
a contact +19826 +20415 7 52 1
a contact +25665 +26557 52 7 1
a contact +25665 +26557 7 52 1
a contact +31875 +32515 52 7 1
a contact +31875 +32515 7 52 1
a contact +63594 +64407 52 7 1
a contact +63594 +64407 7 52 1
a contact +69615 +70490 52 7 1
a contact +69615 +70490 7 52 1
a contact +75907 +76111 52 7 1
a contact +75907 +76111 7 52 1
a contact +104427 +104671 52 7 1
a contact +104427 +104671 7 52 1
a contact +110077 +110943 52 7 1
a contact +110077 +110943 7 52 1
a contact +116174 +116957 52 7 1
a contact +116174 +116957 7 52 1
a contact +148031 +148713 52 7 1
a contact +148031 +148713 7 52 1
a contact +153999 +154906 52 7 1
a contact +153999 +154906 7 52 1
a contact +160147 +160731 52 7 1
a contact +160147 +160731 7 52 1
a contact +194519 +195315 52 7 1
a contact +194519 +195315 7 52 1
a contact +200515 +201376 52 7 1
a contact +200515 +201376 7 52 1
a contact +232517 +232950 52 7 1
a contact +232517 +232950 7 52 1
a contact +238396 +239294 52 7 1
a contact +238396 +239294 7 52 1
a contact +244482 +245236 52 7 1
a contact +244482 +245236 7 52 1
a contact +278999 +279666 52 7 1
a contact +278999 +279666 7 52 1
a contact +284888 +285779 52 7 1
a contact +284888 +285779 7 52 1
a contact +291155 +291705 52 7 1
a contact +291155 +291705 7 52 1
a contact +322805 +323653 52 7 1
a contact +322805 +323653 7 52 1
a contact +328845 +329696 52 7 1
a contact +328845 +329696 7 52 1
a contact +363540 +363973 52 7 1
a contact +363540 +363973 7 52 1
a contact +369289 +370170 52 7 1
a contact +369289 +370170 7 52 1
a contact +375430 +376164 52 7 1
a contact +375430 +376164 7 52 1
a contact +407233 +407978 52 7 1
a contact +407233 +407978 7 52 1
a contact +413224 +414123 52 7 1
a contact +413224 +414123 7 52 1
a contact +419411 +419886 52 7 1
a contact +419411 +419886 7 52 1
a contact +453718 +454548 52 7 1
a contact +453718 +454548 7 52 1
a contact +459756 +460591 52 7 1
a contact +459756 +460591 7 52 1
a contact +491692 +492250 52 7 1
a contact +491692 +492250 7 52 1
a contact +497616 +498523 52 7 1
a contact +497616 +498523 7 52 1
a contact +503725 +504420 52 7 1
a contact +503725 +504420 7 52 1
a contact +538181 +538910 52 7 1
a contact +538181 +538910 7 52 1
a contact +544116 +545000 52 7 1
a contact +544116 +545000 7 52 1
a contact +550455 +550880 52 7 1
a contact +550455 +550880 7 52 1
a contact +582020 +582894 52 7 1
a contact +582020 +582894 7 52 1
a contact +588079 +588896 52 7 1
a contact +588079 +588896 7 52 1
a contact +1140 +2023 52 9 1
a contact +1140 +2023 9 52 1
a contact +39931 +40716 52 9 1
a contact +39931 +40716 9 52 1
a contact +45937 +46772 52 9 1
a contact +45937 +46772 9 52 1
a contact +85545 +86414 52 9 1
a contact +85545 +86414 9 52 1
a contact +91711 +92329 52 9 1
a contact +91711 +92329 9 52 1
a contact +124424 +125001 52 9 1
a contact +124424 +125001 9 52 1
a contact +130307 +131205 52 9 1
a contact +130307 +131205 9 52 1
a contact +169988 +170775 52 9 1
a contact +169988 +170775 9 52 1
a contact +176013 +176807 52 9 1
a contact +176013 +176807 9 52 1
a contact +214704 +215602 52 9 1
a contact +214704 +215602 9 52 1
a contact +220873 +221460 52 9 1
a contact +220873 +221460 9 52 1
a contact +254484 +255091 52 9 1
a contact +254484 +255091 9 52 1
a contact +260368 +261239 52 9 1
a contact +260368 +261239 9 52 1
a contact +299130 +299964 52 9 1
a contact +299130 +299964 9 52 1
a contact +305180 +305967 52 9 1
a contact +305180 +305967 9 52 1
a contact +344759 +345641 52 9 1
a contact +344759 +345641 9 52 1
a contact +351001 +351491 52 9 1
a contact +351001 +351491 9 52 1
a contact +383596 +384279 52 9 1
a contact +383596 +384279 9 52 1
a contact +389536 +390416 52 9 1
a contact +389536 +390416 9 52 1
a contact +429186 +430015 52 9 1
a contact +429186 +430015 9 52 1
a contact +435265 +436003 52 9 1
a contact +435265 +436003 9 52 1
a contact +468166 +468483 52 9 1
a contact +468166 +468483 9 52 1
a contact +473923 +474828 52 9 1
a contact +473923 +474828 9 52 1
a contact +480162 +480602 52 9 1
a contact +480162 +480602 9 52 1
a contact +513656 +514354 52 9 1
a contact +513656 +514354 9 52 1
a contact +519602 +520450 52 9 1
a contact +519602 +520450 9 52 1
a contact +558336 +559205 52 9 1
a contact +558336 +559205 9 52 1
a contact +564431 +565152 52 9 1
a contact +564431 +565152 9 52 1
a contact +598213 +598615 52 9 1
a contact +598213 +598615 9 52 1
a contact +603979 +604800 52 9 1
a contact +603979 +604800 9 52 1
a contact +30558 +31368 52 11 1
a contact +30558 +31368 11 52 1
a contact +36589 +37416 52 11 1
a contact +36589 +37416 11 52 1
a contact +71119 +71429 52 11 1
a contact +71119 +71429 11 52 1
a contact +76800 +77695 52 11 1
a contact +76800 +77695 11 52 1
a contact +82950 +83668 52 11 1
a contact +82950 +83668 11 52 1
a contact +115002 +115679 52 11 1
a contact +115002 +115679 11 52 1
a contact +120965 +121846 52 11 1
a contact +120965 +121846 11 52 1
a contact +127214 +127551 52 11 1
a contact +127214 +127551 11 52 1
a contact +161234 +162069 52 11 1
a contact +161234 +162069 11 52 1
a contact +167268 +168108 52 11 1
a contact +167268 +168108 11 52 1
a contact +199509 +199910 52 11 1
a contact +199509 +199910 11 52 1
a contact +205358 +206245 52 11 1
a contact +205358 +206245 11 52 1
a contact +211484 +212126 52 11 1
a contact +211484 +212126 11 52 1
a contact +245706 +246421 52 11 1
a contact +245706 +246421 11 52 1
a contact +251626 +252523 52 11 1
a contact +251626 +252523 11 52 1
a contact +258036 +258314 52 11 1
a contact +258036 +258314 11 52 1
a contact +289768 +290612 52 11 1
a contact +289768 +290612 11 52 1
a contact +295825 +296613 52 11 1
a contact +295825 +296613 11 52 1
a contact +330240 +330726 52 11 1
a contact +330240 +330726 11 52 1
a contact +336016 +336921 52 11 1
a contact +336016 +336921 11 52 1
a contact +342221 +342861 52 11 1
a contact +342221 +342861 11 52 1
a contact +374200 +374943 52 11 1
a contact +374200 +374943 11 52 1
a contact +380193 +381058 52 11 1
a contact +380193 +381058 11 52 1
a contact +420436 +421302 52 11 1
a contact +420436 +421302 11 52 1
a contact +426516 +427315 52 11 1
a contact +426516 +427315 11 52 1
a contact +458672 +459216 52 11 1
a contact +458672 +459216 11 52 1
a contact +464579 +465469 52 11 1
a contact +464579 +465469 11 52 1
a contact +470744 +471291 52 11 1
a contact +470744 +471291 11 52 1
a contact +504891 +505665 52 11 1
a contact +504891 +505665 11 52 1
a contact +510859 +511739 52 11 1
a contact +510859 +511739 11 52 1
a contact +548982 +549850 52 11 1
a contact +548982 +549850 11 52 1
a contact +555065 +555804 52 11 1
a contact +555065 +555804 11 52 1
a contact +589394 +589994 52 11 1
a contact +589394 +589994 11 52 1
a contact +595236 +596144 52 11 1
a contact +595236 +596144 11 52 1
a contact +601507 +602041 52 11 1
a contact +601507 +602041 11 52 1
a contact +5093 +5933 53 3 1
a contact +5093 +5933 3 53 1
a contact +11183 +12077 53 3 1
a contact +11183 +12077 3 53 1
a contact +17246 +18146 53 3 1
a contact +17246 +18146 3 53 1
a contact +23288 +24128 53 3 1
a contact +23288 +24128 3 53 1
a contact +29308 +30028 53 3 1
a contact +29308 +30028 3 53 1
a contact +35293 +35882 53 3 1
a contact +35293 +35882 3 53 1
a contact +41212 +41759 53 3 1
a contact +41212 +41759 3 53 1
a contact +47069 +47707 53 3 1
a contact +47069 +47707 3 53 1
a contact +52933 +53709 53 3 1
a contact +52933 +53709 3 53 1
a contact +58861 +59738 53 3 1
a contact +58861 +59738 3 53 1
a contact +64876 +65787 53 3 1
a contact +64876 +65787 3 53 1
a contact +70976 +71858 53 3 1
a contact +70976 +71858 3 53 1
a contact +77140 +77962 53 3 1
a contact +77140 +77962 3 53 1
a contact +83319 +84110 53 3 1
a contact +83319 +84110 3 53 1
a contact +89465 +90288 53 3 1
a contact +89465 +90288 3 53 1
a contact +95566 +96447 53 3 1
a contact +95566 +96447 3 53 1
a contact +101636 +102541 53 3 1
a contact +101636 +102541 3 53 1
a contact +107683 +108548 53 3 1
a contact +107683 +108548 3 53 1
a contact +113711 +114470 53 3 1
a contact +113711 +114470 3 53 1
a contact +119709 +120332 53 3 1
a contact +119709 +120332 3 53 1
a contact +125650 +126194 53 3 1
a contact +125650 +126194 3 53 1
a contact +131519 +132121 53 3 1
a contact +131519 +132121 3 53 1
a contact +137374 +138111 53 3 1
a contact +137374 +138111 3 53 1
a contact +143280 +144133 53 3 1
a contact +143280 +144133 3 53 1
a contact +149268 +150177 53 3 1
a contact +149268 +150177 3 53 1
a contact +155345 +156241 53 3 1
a contact +155345 +156241 3 53 1
a contact +161494 +162334 53 3 1
a contact +161494 +162334 3 53 1
a contact +167674 +168468 53 3 1
a contact +167674 +168468 3 53 1
a contact +173833 +174641 53 3 1
a contact +173833 +174641 3 53 1
a contact +179946 +180812 53 3 1
a contact +179946 +180812 3 53 1
a contact +186024 +186928 53 3 1
a contact +186024 +186928 3 53 1
a contact +192077 +192961 53 3 1
a contact +192077 +192961 3 53 1
a contact +198111 +198907 53 3 1
a contact +198111 +198907 3 53 1
a contact +204120 +204782 53 3 1
a contact +204120 +204782 3 53 1
a contact +210081 +210636 53 3 1
a contact +210081 +210636 3 53 1
a contact +215969 +216541 53 3 1
a contact +215969 +216541 3 53 1
a contact +221819 +222515 53 3 1
a contact +221819 +222515 3 53 1
a contact +227705 +228530 53 3 1
a contact +227705 +228530 3 53 1
a contact +233668 +234568 53 3 1
a contact +233668 +234568 3 53 1
a contact +239720 +240626 53 3 1
a contact +239720 +240626 3 53 1
a contact +245851 +246709 53 3 1
a contact +245851 +246709 3 53 1
a contact +252028 +252830 53 3 1
a contact +252028 +252830 3 53 1
a contact +258197 +258994 53 3 1
a contact +258197 +258994 3 53 1
a contact +264323 +265172 53 3 1
a contact +264323 +265172 3 53 1
a contact +270410 +271308 53 3 1
a contact +270410 +271308 3 53 1
a contact +276470 +277367 53 3 1
a contact +276470 +277367 3 53 1
a contact +282509 +283338 53 3 1
a contact +282509 +283338 3 53 1
a contact +288527 +289230 53 3 1
a contact +288527 +289230 3 53 1
a contact +294505 +295083 53 3 1
a contact +294505 +295083 3 53 1
a contact +300415 +300966 53 3 1
a contact +300415 +300966 3 53 1
a contact +306268 +306923 53 3 1
a contact +306268 +306923 3 53 1
a contact +312138 +312929 53 3 1
a contact +312138 +312929 3 53 1
a contact +318076 +318961 53 3 1
a contact +318076 +318961 3 53 1
a contact +324101 +325013 53 3 1
a contact +324101 +325013 3 53 1
a contact +330211 +331087 53 3 1
a contact +330211 +331087 3 53 1
a contact +336380 +337196 53 3 1
a contact +336380 +337196 3 53 1
a contact +342557 +343349 53 3 1
a contact +342557 +343349 3 53 1
a contact +348697 +349528 53 3 1
a contact +348697 +349528 3 53 1
a contact +354794 +355681 53 3 1
a contact +354794 +355681 3 53 1
a contact +360860 +361764 53 3 1
a contact +360860 +361764 3 53 1
a contact +366906 +367761 53 3 1
a contact +366906 +367761 3 53 1
a contact +372930 +373674 53 3 1
a contact +372930 +373674 3 53 1
a contact +378923 +379532 53 3 1
a contact +378923 +379532 3 53 1
a contact +384855 +385399 53 3 1
a contact +384855 +385399 3 53 1
a contact +390719 +391335 53 3 1
a contact +390719 +391335 3 53 1
a contact +396577 +397330 53 3 1
a contact +396577 +397330 3 53 1
a contact +402491 +403356 53 3 1
a contact +402491 +403356 3 53 1
a contact +408491 +409401 53 3 1
a contact +408491 +409401 3 53 1
a contact +414577 +415468 53 3 1
a contact +414577 +415468 3 53 1
a contact +420733 +421565 53 3 1
a contact +420733 +421565 3 53 1
a contact +426913 +427705 53 3 1
a contact +426913 +427705 3 53 1
a contact +433067 +433881 53 3 1
a contact +433067 +433881 3 53 1
a contact +439175 +440048 53 3 1
a contact +439175 +440048 3 53 1
a contact +445249 +446155 53 3 1
a contact +445249 +446155 3 53 1
a contact +451300 +452177 53 3 1
a contact +451300 +452177 3 53 1
a contact +457332 +458113 53 3 1
a contact +457332 +458113 3 53 1
a contact +463336 +463982 53 3 1
a contact +463336 +463982 3 53 1
a contact +469289 +469838 53 3 1
a contact +469289 +469838 3 53 1
a contact +475169 +475752 53 3 1
a contact +475169 +475752 3 53 1
a contact +481020 +481733 53 3 1
a contact +481020 +481733 3 53 1
a contact +486914 +487752 53 3 1
a contact +486914 +487752 3 53 1
a contact +492888 +493792 53 3 1
a contact +492888 +493792 3 53 1
a contact +498949 +499852 53 3 1
a contact +498949 +499852 3 53 1
a contact +505088 +505939 53 3 1
a contact +505088 +505939 3 53 1
a contact +511267 +512066 53 3 1
a contact +511267 +512066 3 53 1
a contact +517433 +518234 53 3 1
a contact +517433 +518234 3 53 1
a contact +523554 +524409 53 3 1
a contact +523554 +524409 3 53 1
a contact +529636 +530537 53 3 1
a contact +529636 +530537 3 53 1
a contact +535693 +536586 53 3 1
a contact +535693 +536586 3 53 1
a contact +541731 +542546 53 3 1
a contact +541731 +542546 3 53 1
a contact +547745 +548431 53 3 1
a contact +547745 +548431 3 53 1
a contact +553716 +554283 53 3 1
a contact +553716 +554283 3 53 1
a contact +559617 +560175 53 3 1
a contact +559617 +560175 3 53 1
a contact +565468 +566140 53 3 1
a contact +565468 +566140 3 53 1
a contact +571344 +572150 53 3 1
a contact +571344 +572150 3 53 1
a contact +577292 +578184 53 3 1
a contact +577292 +578184 3 53 1
a contact +583328 +584238 53 3 1
a contact +583328 +584238 3 53 1
a contact +589447 +590316 53 3 1
a contact +589447 +590316 3 53 1
a contact +595620 +596430 53 3 1
a contact +595620 +596430 3 53 1
a contact +601794 +602588 53 3 1
a contact +601794 +602588 3 53 1
a contact +16375 +17043 53 5 1
a contact +16375 +17043 5 53 1
a contact +22244 +23151 53 5 1
a contact +22244 +23151 5 53 1
a contact +28401 +29162 53 5 1
a contact +28401 +29162 5 53 1
a contact +59879 +60701 53 5 1
a contact +59879 +60701 5 53 1
a contact +65913 +66785 53 5 1
a contact +65913 +66785 5 53 1
a contact +72069 +72557 53 5 1
a contact +72069 +72557 5 53 1
a contact +100901 +101374 53 5 1
a contact +100901 +101374 5 53 1
a contact +106656 +107538 53 5 1
a contact +106656 +107538 5 53 1
a contact +112729 +113575 53 5 1
a contact +112729 +113575 5 53 1
a contact +119225 +119407 53 5 1
a contact +119225 +119407 5 53 1
a contact +144294 +145024 53 5 1
a contact +144294 +145024 5 53 1
a contact +150300 +151195 53 5 1
a contact +150300 +151195 5 53 1
a contact +156404 +157075 53 5 1
a contact +156404 +157075 5 53 1
a contact +191094 +191916 53 5 1
a contact +191094 +191916 5 53 1
a contact +197085 +197979 53 5 1
a contact +197085 +197979 5 53 1
a contact +203390 +203931 53 5 1
a contact +203390 +203931 5 53 1
a contact +228729 +229308 53 5 1
a contact +228729 +229308 5 53 1
a contact +234694 +235581 53 5 1
a contact +234694 +235581 5 53 1
a contact +240765 +241550 53 5 1
a contact +240765 +241550 5 53 1
a contact +275559 +276282 53 5 1
a contact +275559 +276282 5 53 1
a contact +281465 +282375 53 5 1
a contact +281465 +282375 5 53 1
a contact +287661 +288372 53 5 1
a contact +287661 +288372 5 53 1
a contact +313216 +313517 53 5 1
a contact +313216 +313517 5 53 1
a contact +319096 +319944 53 5 1
a contact +319096 +319944 5 53 1
a contact +325141 +325995 53 5 1
a contact +325141 +325995 5 53 1
a contact +331335 +331704 53 5 1
a contact +331335 +331704 5 53 1
a contact +360062 +360629 53 5 1
a contact +360062 +360629 5 53 1
a contact +365869 +366764 53 5 1
a contact +365869 +366764 5 53 1
a contact +371976 +372791 53 5 1
a contact +371976 +372791 5 53 1
a contact +403507 +404280 53 5 1
a contact +403507 +404280 5 53 1
a contact +409525 +410414 53 5 1
a contact +409525 +410414 5 53 1
a contact +415646 +416254 53 5 1
a contact +415646 +416254 5 53 1
a contact +444644 +444914 53 5 1
a contact +444644 +444914 5 53 1
a contact +450296 +451146 53 5 1
a contact +450296 +451146 5 53 1
a contact +456321 +457199 53 5 1
a contact +456321 +457199 5 53 1
a contact +462684 +463121 53 5 1
a contact +462684 +463121 5 53 1
a contact +487932 +488582 53 5 1
a contact +487932 +488582 5 53 1
a contact +493916 +494810 53 5 1
a contact +493916 +494810 5 53 1
a contact +500000 +500744 53 5 1
a contact +500000 +500744 5 53 1
a contact +534748 +535518 53 5 1
a contact +534748 +535518 5 53 1
a contact +540691 +541598 53 5 1
a contact +540691 +541598 5 53 1
a contact +546928 +547580 53 5 1
a contact +546928 +547580 5 53 1
a contact +572388 +572832 53 5 1
a contact +572388 +572832 5 53 1
a contact +578315 +579183 53 5 1
a contact +578315 +579183 5 53 1
a contact +584370 +585200 53 5 1
a contact +584370 +585200 5 53 1
a contact +590641 +590808 53 5 1
a contact +590641 +590808 5 53 1
a contact +19324 +19840 53 7 1
a contact +19324 +19840 7 53 1
a contact +25119 +26007 53 7 1
a contact +25119 +26007 7 53 1
a contact +31292 +31985 53 7 1
a contact +31292 +31985 7 53 1
a contact +63056 +63836 53 7 1
a contact +63056 +63836 7 53 1
a contact +69062 +69952 53 7 1
a contact +69062 +69952 7 53 1
a contact +75285 +75661 53 7 1
a contact +75285 +75661 7 53 1
a contact +109541 +110389 53 7 1
a contact +109541 +110389 7 53 1
a contact +115606 +116419 53 7 1
a contact +115606 +116419 7 53 1
a contact +147503 +148126 53 7 1
a contact +147503 +148126 7 53 1
a contact +153451 +154359 53 7 1
a contact +153451 +154359 7 53 1
a contact +159576 +160223 53 7 1
a contact +159576 +160223 7 53 1
a contact +193993 +194756 53 7 1
a contact +193993 +194756 7 53 1
a contact +199957 +200832 53 7 1
a contact +199957 +200832 7 53 1
a contact +206363 +206665 53 7 1
a contact +206363 +206665 7 53 1
a contact +232027 +232318 53 7 1
a contact +232027 +232318 7 53 1
a contact +237851 +238738 53 7 1
a contact +237851 +238738 7 53 1
a contact +243922 +244712 53 7 1
a contact +243922 +244712 7 53 1
a contact +278487 +279098 53 7 1
a contact +278487 +279098 7 53 1
a contact +284339 +285231 53 7 1
a contact +284339 +285231 7 53 1
a contact +290562 +291182 53 7 1
a contact +290562 +291182 7 53 1
a contact +322265 +323088 53 7 1
a contact +322265 +323088 7 53 1
a contact +328291 +329161 53 7 1
a contact +328291 +329161 7 53 1
a contact +334639 +334720 53 7 1
a contact +334639 +334720 7 53 1
a contact +363067 +363372 53 7 1
a contact +363067 +363372 7 53 1
a contact +368749 +369619 53 7 1
a contact +368749 +369619 7 53 1
a contact +374856 +375628 53 7 1
a contact +374856 +375628 7 53 1
a contact +406700 +407399 53 7 1
a contact +406700 +407399 7 53 1
a contact +412674 +413580 53 7 1
a contact +412674 +413580 7 53 1
a contact +418831 +419390 53 7 1
a contact +418831 +419390 7 53 1
a contact +453187 +453992 53 7 1
a contact +453187 +453992 7 53 1
a contact +459194 +460049 53 7 1
a contact +459194 +460049 7 53 1
a contact +491177 +491646 53 7 1
a contact +491177 +491646 7 53 1
a contact +497070 +497971 53 7 1
a contact +497070 +497971 7 53 1
a contact +503161 +503901 53 7 1
a contact +503161 +503901 7 53 1
a contact +537662 +538346 53 7 1
a contact +537662 +538346 7 53 1
a contact +543564 +544453 53 7 1
a contact +543564 +544453 7 53 1
a contact +549847 +550370 53 7 1
a contact +549847 +550370 7 53 1
a contact +581478 +582333 53 7 1
a contact +581478 +582333 7 53 1
a contact +587522 +588365 53 7 1
a contact +587522 +588365 7 53 1
a contact +591 +1477 53 9 1
a contact +591 +1477 9 53 1
a contact +6902 +7264 53 9 1
a contact +6902 +7264 9 53 1
a contact +39406 +40142 53 9 1
a contact +39406 +40142 9 53 1
a contact +45378 +46240 53 9 1
a contact +45378 +46240 9 53 1
a contact +85008 +85859 53 9 1
a contact +85008 +85859 9 53 1
a contact +91126 +91814 53 9 1
a contact +91126 +91814 9 53 1
a contact +123929 +124395 53 9 1
a contact +123929 +124395 9 53 1
a contact +129757 +130661 53 9 1
a contact +129757 +130661 9 53 1
a contact +136072 +136352 53 9 1
a contact +136072 +136352 9 53 1
a contact +169464 +170209 53 9 1
a contact +169464 +170209 9 53 1
a contact +175448 +176274 53 9 1
a contact +175448 +176274 9 53 1
a contact +214163 +215048 53 9 1
a contact +214163 +215048 9 53 1
a contact +220290 +220956 53 9 1
a contact +220290 +220956 9 53 1
a contact +253987 +254502 53 9 1
a contact +253987 +254502 9 53 1
a contact +259815 +260696 53 9 1
a contact +259815 +260696 9 53 1
a contact +298599 +299398 53 9 1
a contact +298599 +299398 9 53 1
a contact +304616 +305441 53 9 1
a contact +304616 +305441 9 53 1
a contact +344217 +345090 53 9 1
a contact +344217 +345090 9 53 1
a contact +350400 +350991 53 9 1
a contact +350400 +350991 9 53 1
a contact +383084 +383691 53 9 1
a contact +383084 +383691 9 53 1
a contact +388983 +389877 53 9 1
a contact +388983 +389877 9 53 1
a contact +428656 +429454 53 9 1
a contact +428656 +429454 9 53 1
a contact +434694 +435476 53 9 1
a contact +434694 +435476 9 53 1
a contact +473377 +474278 53 9 1
a contact +473377 +474278 9 53 1
a contact +479561 +480117 53 9 1
a contact +479561 +480117 9 53 1
a contact +513145 +513777 53 9 1
a contact +513145 +513777 9 53 1
a contact +519044 +519911 53 9 1
a contact +519044 +519911 9 53 1
a contact +557800 +558644 53 9 1
a contact +557800 +558644 9 53 1
a contact +563861 +564633 53 9 1
a contact +563861 +564633 9 53 1
a contact +597780 +597963 53 9 1
a contact +597780 +597963 9 53 1
a contact +603432 +604316 53 9 1
a contact +603432 +604316 9 53 1
a contact +30021 +30800 53 11 1
a contact +30021 +30800 11 53 1
a contact +36033 +36882 53 11 1
a contact +36033 +36882 11 53 1
a contact +76260 +77142 53 11 1
a contact +76260 +77142 11 53 1
a contact +82373 +83137 53 11 1
a contact +82373 +83137 11 53 1
a contact +114478 +115093 53 11 1
a contact +114478 +115093 11 53 1
a contact +120414 +121302 53 11 1
a contact +120414 +121302 11 53 1
a contact +126612 +127076 53 11 1
a contact +126612 +127076 11 53 1
a contact +160705 +161511 53 11 1
a contact +160705 +161511 11 53 1
a contact +166705 +167568 53 11 1
a contact +166705 +167568 11 53 1
a contact +199043 +199259 53 11 1
a contact +199043 +199259 11 53 1
a contact +204813 +205692 53 11 1
a contact +204813 +205692 11 53 1
a contact +210915 +211612 53 11 1
a contact +210915 +211612 11 53 1
a contact +245192 +245852 53 11 1
a contact +245192 +245852 11 53 1
a contact +251073 +251977 53 11 1
a contact +251073 +251977 11 53 1
a contact +257398 +257836 53 11 1
a contact +257398 +257836 11 53 1
a contact +289229 +290049 53 11 1
a contact +289229 +290049 11 53 1
a contact +295266 +296085 53 11 1
a contact +295266 +296085 11 53 1
a contact +329763 +330127 53 11 1
a contact +329763 +330127 11 53 1
a contact +335472 +336370 53 11 1
a contact +335472 +336370 11 53 1
a contact +341635 +342336 53 11 1
a contact +341635 +342336 11 53 1
a contact +373670 +374365 53 11 1
a contact +373670 +374365 11 53 1
a contact +379640 +380518 53 11 1
a contact +379640 +380518 11 53 1
a contact +385915 +386192 53 11 1
a contact +385915 +386192 11 53 1
a contact +419903 +420747 53 11 1
a contact +419903 +420747 11 53 1
a contact +425948 +426779 53 11 1
a contact +425948 +426779 11 53 1
a contact +458165 +458608 53 11 1
a contact +458165 +458608 11 53 1
a contact +464032 +464920 53 11 1
a contact +464032 +464920 11 53 1
a contact +470167 +470787 53 11 1
a contact +470167 +470787 11 53 1
a contact +504370 +505101 53 11 1
a contact +504370 +505101 11 53 1
a contact +510302 +511196 53 11 1
a contact +510302 +511196 11 53 1
a contact +516758 +516949 53 11 1
a contact +516758 +516949 11 53 1
a contact +548440 +549291 53 11 1
a contact +548440 +549291 11 53 1
a contact +554503 +555281 53 11 1
a contact +554503 +555281 11 53 1
a contact +588896 +589414 53 11 1
a contact +588896 +589414 11 53 1
a contact +594689 +595596 53 11 1
a contact +594689 +595596 11 53 1
a contact +600910 +601526 53 11 1
a contact +600910 +601526 11 53 1
a contact +4539 +5374 54 3 1
a contact +4539 +5374 3 54 1
a contact +10633 +11523 54 3 1
a contact +10633 +11523 3 54 1
a contact +16697 +17600 54 3 1
a contact +16697 +17600 3 54 1
a contact +22741 +23589 54 3 1
a contact +22741 +23589 3 54 1
a contact +28764 +29496 54 3 1
a contact +28764 +29496 3 54 1
a contact +34753 +35352 54 3 1
a contact +34753 +35352 3 54 1
a contact +40679 +41223 54 3 1
a contact +40679 +41223 3 54 1
a contact +46539 +47165 54 3 1
a contact +46539 +47165 3 54 1
a contact +52399 +53164 54 3 1
a contact +52399 +53164 3 54 1
a contact +58321 +59191 54 3 1
a contact +58321 +59191 3 54 1
a contact +64327 +65238 54 3 1
a contact +64327 +65238 3 54 1
a contact +70420 +71307 54 3 1
a contact +70420 +71307 3 54 1
a contact +76580 +77407 54 3 1
a contact +76580 +77407 3 54 1
a contact +82760 +83551 54 3 1
a contact +82760 +83551 3 54 1
a contact +88910 +89728 54 3 1
a contact +88910 +89728 3 54 1
a contact +95015 +95892 54 3 1
a contact +95015 +95892 3 54 1
a contact +101087 +101992 54 3 1
a contact +101087 +101992 3 54 1
a contact +107136 +108008 54 3 1
a contact +107136 +108008 3 54 1
a contact +113166 +113937 54 3 1
a contact +113166 +113937 3 54 1
a contact +119167 +119802 54 3 1
a contact +119167 +119802 3 54 1
a contact +125115 +125661 54 3 1
a contact +125115 +125661 3 54 1
a contact +130989 +131581 54 3 1
a contact +130989 +131581 3 54 1
a contact +136842 +137566 54 3 1
a contact +136842 +137566 3 54 1
a contact +142741 +143587 54 3 1
a contact +142741 +143587 3 54 1
a contact +148722 +149629 54 3 1
a contact +148722 +149629 3 54 1
a contact +154791 +155690 54 3 1
a contact +154791 +155690 3 54 1
a contact +160935 +161780 54 3 1
a contact +160935 +161780 3 54 1
a contact +167115 +167910 54 3 1
a contact +167115 +167910 3 54 1
a contact +173277 +174081 54 3 1
a contact +173277 +174081 3 54 1
a contact +179394 +180254 54 3 1
a contact +179394 +180254 3 54 1
a contact +185474 +186377 54 3 1
a contact +185474 +186377 3 54 1
a contact +191530 +192418 54 3 1
a contact +191530 +192418 3 54 1
a contact +197565 +198372 54 3 1
a contact +197565 +198372 3 54 1
a contact +203577 +204252 54 3 1
a contact +203577 +204252 3 54 1
a contact +209544 +210104 54 3 1
a contact +209544 +210104 3 54 1
a contact +215438 +216002 54 3 1
a contact +215438 +216002 3 54 1
a contact +221289 +221972 54 3 1
a contact +221289 +221972 3 54 1
a contact +227169 +227984 54 3 1
a contact +227169 +227984 3 54 1
a contact +233124 +234020 54 3 1
a contact +233124 +234020 3 54 1
a contact +239168 +240076 54 3 1
a contact +239168 +240076 3 54 1
a contact +245292 +246156 54 3 1
a contact +245292 +246156 3 54 1
a contact +251467 +252273 54 3 1
a contact +251467 +252273 3 54 1
a contact +257639 +258435 54 3 1
a contact +257639 +258435 3 54 1
a contact +263770 +264613 54 3 1
a contact +263770 +264613 3 54 1
a contact +269860 +270755 54 3 1
a contact +269860 +270755 3 54 1
a contact +275921 +276821 54 3 1
a contact +275921 +276821 3 54 1
a contact +281963 +282800 54 3 1
a contact +281963 +282800 3 54 1
a contact +287983 +288699 54 3 1
a contact +287983 +288699 3 54 1
a contact +293966 +294552 54 3 1
a contact +293966 +294552 3 54 1
a contact +299882 +300430 54 3 1
a contact +299882 +300430 3 54 1
a contact +305738 +306381 54 3 1
a contact +305738 +306381 3 54 1
a contact +311604 +312384 54 3 1
a contact +311604 +312384 3 54 1
a contact +317534 +318414 54 3 1
a contact +317534 +318414 3 54 1
a contact +323552 +324463 54 3 1
a contact +323552 +324463 3 54 1
a contact +329655 +330535 54 3 1
a contact +329655 +330535 3 54 1
a contact +335820 +336640 54 3 1
a contact +335820 +336640 3 54 1
a contact +341998 +342789 54 3 1
a contact +341998 +342789 3 54 1
a contact +348143 +348968 54 3 1
a contact +348143 +348968 3 54 1
a contact +354243 +355126 54 3 1
a contact +354243 +355126 3 54 1
a contact +360312 +361217 54 3 1
a contact +360312 +361217 3 54 1
a contact +366359 +367221 54 3 1
a contact +366359 +367221 3 54 1
a contact +372386 +373141 54 3 1
a contact +372386 +373141 3 54 1
a contact +378382 +379002 54 3 1
a contact +378382 +379002 3 54 1
a contact +384321 +384865 54 3 1
a contact +384321 +384865 3 54 1
a contact +390189 +390794 54 3 1
a contact +390189 +390794 3 54 1
a contact +396044 +396785 54 3 1
a contact +396044 +396785 3 54 1
a contact +401952 +402809 54 3 1
a contact +401952 +402809 3 54 1
a contact +407943 +408853 54 3 1
a contact +407943 +408853 3 54 1
a contact +414022 +414917 54 3 1
a contact +414022 +414917 3 54 1
a contact +420173 +421011 54 3 1
a contact +420173 +421011 3 54 1
a contact +426354 +427147 54 3 1
a contact +426354 +427147 3 54 1
a contact +432511 +433321 54 3 1
a contact +432511 +433321 3 54 1
a contact +438623 +439491 54 3 1
a contact +438623 +439491 3 54 1
a contact +444700 +445605 54 3 1
a contact +444700 +445605 3 54 1
a contact +450753 +451635 54 3 1
a contact +450753 +451635 3 54 1
a contact +456786 +457579 54 3 1
a contact +456786 +457579 3 54 1
a contact +462794 +463452 54 3 1
a contact +462794 +463452 3 54 1
a contact +468753 +469306 54 3 1
a contact +468753 +469306 3 54 1
a contact +474639 +475213 54 3 1
a contact +474639 +475213 3 54 1
a contact +480489 +481189 54 3 1
a contact +480489 +481189 3 54 1
a contact +486377 +487205 54 3 1
a contact +486377 +487205 3 54 1
a contact +492343 +493244 54 3 1
a contact +492343 +493244 3 54 1
a contact +498397 +499302 54 3 1
a contact +498397 +499302 3 54 1
a contact +504530 +505386 54 3 1
a contact +504530 +505386 3 54 1
a contact +510707 +511508 54 3 1
a contact +510707 +511508 3 54 1
a contact +516876 +517674 54 3 1
a contact +516876 +517674 3 54 1
a contact +523001 +523851 54 3 1
a contact +523001 +523851 3 54 1
a contact +529086 +529985 54 3 1
a contact +529086 +529985 3 54 1
a contact +535145 +536041 54 3 1
a contact +535145 +536041 3 54 1
a contact +541184 +542010 54 3 1
a contact +541184 +542010 3 54 1
a contact +547201 +547900 54 3 1
a contact +547201 +547900 3 54 1
a contact +553178 +553752 54 3 1
a contact +553178 +553752 3 54 1
a contact +559085 +559638 54 3 1
a contact +559085 +559638 3 54 1
a contact +564938 +565597 54 3 1
a contact +564938 +565597 3 54 1
a contact +570809 +571604 54 3 1
a contact +570809 +571604 3 54 1
a contact +576750 +577637 54 3 1
a contact +576750 +577637 3 54 1
a contact +582778 +583689 54 3 1
a contact +582778 +583689 3 54 1
a contact +588890 +589764 54 3 1
a contact +588890 +589764 3 54 1
a contact +595060 +595874 54 3 1
a contact +595060 +595874 3 54 1
a contact +601236 +602028 54 3 1
a contact +601236 +602028 3 54 1
a contact +15862 +16481 54 5 1
a contact +15862 +16481 5 54 1
a contact +21700 +22602 54 5 1
a contact +21700 +22602 5 54 1
a contact +27830 +28622 54 5 1
a contact +27830 +28622 5 54 1
a contact +59337 +60135 54 5 1
a contact +59337 +60135 5 54 1
a contact +65362 +66245 54 5 1
a contact +65362 +66245 5 54 1
a contact +71499 +72054 54 5 1
a contact +71499 +72054 5 54 1
a contact +100412 +100794 54 5 1
a contact +100412 +100794 5 54 1
a contact +106120 +106986 54 5 1
a contact +106120 +106986 5 54 1
a contact +112167 +113032 54 5 1
a contact +112167 +113032 5 54 1
a contact +118580 +118924 54 5 1
a contact +118580 +118924 5 54 1
a contact +143757 +144448 54 5 1
a contact +143757 +144448 5 54 1
a contact +149752 +150648 54 5 1
a contact +149752 +150648 5 54 1
a contact +155845 +156557 54 5 1
a contact +155845 +156557 5 54 1
a contact +190565 +191361 54 5 1
a contact +190565 +191361 5 54 1
a contact +196531 +197433 54 5 1
a contact +196531 +197433 5 54 1
a contact +202799 +203402 54 5 1
a contact +202799 +203402 5 54 1
a contact +228201 +228716 54 5 1
a contact +228201 +228716 5 54 1
a contact +234148 +235027 54 5 1
a contact +234148 +235027 5 54 1
a contact +240211 +241021 54 5 1
a contact +240211 +241021 5 54 1
a contact +275040 +275723 54 5 1
a contact +275040 +275723 5 54 1
a contact +280918 +281827 54 5 1
a contact +280918 +281827 5 54 1
a contact +287086 +287834 54 5 1
a contact +287086 +287834 5 54 1
a contact +312762 +312843 54 5 1
a contact +312762 +312843 5 54 1
a contact +318553 +319382 54 5 1
a contact +318553 +319382 5 54 1
a contact +324589 +325458 54 5 1
a contact +324589 +325458 5 54 1
a contact +330754 +331215 54 5 1
a contact +330754 +331215 5 54 1
a contact +359560 +360059 54 5 1
a contact +359560 +360059 5 54 1
a contact +365329 +366214 54 5 1
a contact +365329 +366214 5 54 1
a contact +371410 +372249 54 5 1
a contact +371410 +372249 5 54 1
a contact +377966 +378029 54 5 1
a contact +377966 +378029 5 54 1
a contact +402967 +403708 54 5 1
a contact +402967 +403708 5 54 1
a contact +408976 +409870 54 5 1
a contact +408976 +409870 5 54 1
a contact +415084 +415740 54 5 1
a contact +415084 +415740 5 54 1
a contact +449763 +450593 54 5 1
a contact +449763 +450593 5 54 1
a contact +455763 +456654 54 5 1
a contact +455763 +456654 5 54 1
a contact +462082 +462600 54 5 1
a contact +462082 +462600 5 54 1
a contact +487399 +487998 54 5 1
a contact +487399 +487998 5 54 1
a contact +493369 +494259 54 5 1
a contact +493369 +494259 5 54 1
a contact +499444 +500219 54 5 1
a contact +499444 +500219 5 54 1
a contact +534225 +534961 54 5 1
a contact +534225 +534961 5 54 1
a contact +540141 +541051 54 5 1
a contact +540141 +541051 5 54 1
a contact +546347 +547044 54 5 1
a contact +546347 +547044 5 54 1
a contact +571875 +572219 54 5 1
a contact +571875 +572219 5 54 1
a contact +577770 +578624 54 5 1
a contact +577770 +578624 5 54 1
a contact +583817 +584666 54 5 1
a contact +583817 +584666 5 54 1
a contact +590025 +590356 54 5 1
a contact +590025 +590356 5 54 1
a contact +18834 +19256 54 7 1
a contact +18834 +19256 7 54 1
a contact +24577 +25458 54 7 1
a contact +24577 +25458 7 54 1
a contact +30715 +31453 54 7 1
a contact +30715 +31453 7 54 1
a contact +62522 +63262 54 7 1
a contact +62522 +63262 7 54 1
a contact +68512 +69412 54 7 1
a contact +68512 +69412 7 54 1
a contact +74695 +75179 54 7 1
a contact +74695 +75179 7 54 1
a contact +109008 +109835 54 7 1
a contact +109008 +109835 7 54 1
a contact +115042 +115879 54 7 1
a contact +115042 +115879 7 54 1
a contact +146982 +147533 54 7 1
a contact +146982 +147533 7 54 1
a contact +152904 +153810 54 7 1
a contact +152904 +153810 7 54 1
a contact +159011 +159710 54 7 1
a contact +159011 +159710 7 54 1
a contact +193471 +194196 54 7 1
a contact +193471 +194196 7 54 1
a contact +199403 +200288 54 7 1
a contact +199403 +200288 7 54 1
a contact +205736 +206173 54 7 1
a contact +205736 +206173 7 54 1
a contact +237308 +238181 54 7 1
a contact +237308 +238181 7 54 1
a contact +243365 +244185 54 7 1
a contact +243365 +244185 7 54 1
a contact +277983 +278525 54 7 1
a contact +277983 +278525 7 54 1
a contact +283794 +284683 54 7 1
a contact +283794 +284683 7 54 1
a contact +289978 +290655 54 7 1
a contact +289978 +290655 7 54 1
a contact +321728 +322519 54 7 1
a contact +321728 +322519 7 54 1
a contact +327739 +328624 54 7 1
a contact +327739 +328624 7 54 1
a contact +333980 +334310 54 7 1
a contact +333980 +334310 7 54 1
a contact +368212 +369067 54 7 1
a contact +368212 +369067 7 54 1
a contact +374287 +375091 54 7 1
a contact +374287 +375091 7 54 1
a contact +406171 +406815 54 7 1
a contact +406171 +406815 7 54 1
a contact +412126 +413034 54 7 1
a contact +412126 +413034 7 54 1
a contact +418259 +418886 54 7 1
a contact +418259 +418886 7 54 1
a contact +452661 +453435 54 7 1
a contact +452661 +453435 7 54 1
a contact +458636 +459506 54 7 1
a contact +458636 +459506 7 54 1
a contact +465075 +465312 54 7 1
a contact +465075 +465312 7 54 1
a contact +490679 +491026 54 7 1
a contact +490679 +491026 7 54 1
a contact +496525 +497417 54 7 1
a contact +496525 +497417 7 54 1
a contact +502601 +503380 54 7 1
a contact +502601 +503380 7 54 1
a contact +537150 +537780 54 7 1
a contact +537150 +537780 7 54 1
a contact +543015 +543907 54 7 1
a contact +543015 +543907 7 54 1
a contact +549252 +549850 54 7 1
a contact +549252 +549850 7 54 1
a contact +580938 +581769 54 7 1
a contact +580938 +581769 7 54 1
a contact +586968 +587832 54 7 1
a contact +586968 +587832 7 54 1
a contact +47 +929 54 9 1
a contact +47 +929 9 54 1
a contact +6282 +6784 54 9 1
a contact +6282 +6784 9 54 1
a contact +38887 +39563 54 9 1
a contact +38887 +39563 9 54 1
a contact +44823 +45705 54 9 1
a contact +44823 +45705 9 54 1
a contact +84475 +85302 54 9 1
a contact +84475 +85302 9 54 1
a contact +90550 +91293 54 9 1
a contact +90550 +91293 9 54 1
a contact +123465 +123758 54 9 1
a contact +123465 +123758 9 54 1
a contact +129210 +130115 54 9 1
a contact +129210 +130115 9 54 1
a contact +135443 +135897 54 9 1
a contact +135443 +135897 9 54 1
a contact +168947 +169639 54 9 1
a contact +168947 +169639 9 54 1
a contact +174888 +175739 54 9 1
a contact +174888 +175739 9 54 1
a contact +213625 +214491 54 9 1
a contact +213625 +214491 9 54 1
a contact +219716 +220443 54 9 1
a contact +219716 +220443 9 54 1
a contact +253509 +253895 54 9 1
a contact +253509 +253895 9 54 1
a contact +259266 +260152 54 9 1
a contact +259266 +260152 9 54 1
a contact +265612 +265907 54 9 1
a contact +265612 +265907 9 54 1
a contact +298073 +298827 54 9 1
a contact +298073 +298827 9 54 1
a contact +304057 +304911 54 9 1
a contact +304057 +304911 9 54 1
a contact +343679 +344537 54 9 1
a contact +343679 +344537 9 54 1
a contact +349813 +350479 54 9 1
a contact +349813 +350479 9 54 1
a contact +382584 +383092 54 9 1
a contact +382584 +383092 9 54 1
a contact +388433 +389336 54 9 1
a contact +388433 +389336 9 54 1
a contact +394795 +394976 54 9 1
a contact +394795 +394976 9 54 1
a contact +428131 +428891 54 9 1
a contact +428131 +428891 9 54 1
a contact +434129 +434945 54 9 1
a contact +434129 +434945 9 54 1
a contact +472836 +473726 54 9 1
a contact +472836 +473726 9 54 1
a contact +478976 +479618 54 9 1
a contact +478976 +479618 9 54 1
a contact +512644 +513192 54 9 1
a contact +512644 +513192 9 54 1
a contact +518491 +519370 54 9 1
a contact +518491 +519370 9 54 1
a contact +557268 +558080 54 9 1
a contact +557268 +558080 9 54 1
a contact +563297 +564109 54 9 1
a contact +563297 +564109 9 54 1
a contact +602890 +603767 54 9 1
a contact +602890 +603767 9 54 1
a contact +29489 +30227 54 11 1
a contact +29489 +30227 11 54 1
a contact +35480 +36346 54 11 1
a contact +35480 +36346 11 54 1
a contact +75725 +76589 54 11 1
a contact +75725 +76589 11 54 1
a contact +81802 +82604 54 11 1
a contact +81802 +82604 11 54 1
a contact +113963 +114498 54 11 1
a contact +113963 +114498 11 54 1
a contact +119867 +120757 54 11 1
a contact +119867 +120757 11 54 1
a contact +126028 +126583 54 11 1
a contact +126028 +126583 11 54 1
a contact +160181 +160951 54 11 1
a contact +160181 +160951 11 54 1
a contact +166146 +167027 54 11 1
a contact +166146 +167027 11 54 1
a contact +204270 +205137 54 11 1
a contact +204270 +205137 11 54 1
a contact +210351 +211094 54 11 1
a contact +210351 +211094 11 54 1
a contact +244686 +245279 54 11 1
a contact +244686 +245279 11 54 1
a contact +250524 +251431 54 11 1
a contact +250524 +251431 11 54 1
a contact +256789 +257333 54 11 1
a contact +256789 +257333 11 54 1
a contact +288692 +289482 54 11 1
a contact +288692 +289482 11 54 1
a contact +294711 +295553 54 11 1
a contact +294711 +295553 11 54 1
a contact +329337 +329480 54 11 1
a contact +329337 +329480 11 54 1
a contact +334933 +335820 54 11 1
a contact +334933 +335820 11 54 1
a contact +341057 +341807 54 11 1
a contact +341057 +341807 11 54 1
a contact +373145 +373782 54 11 1
a contact +373145 +373782 11 54 1
a contact +379090 +379977 54 11 1
a contact +379090 +379977 11 54 1
a contact +385303 +385730 54 11 1
a contact +385303 +385730 11 54 1
a contact +419373 +420190 54 11 1
a contact +419373 +420190 11 54 1
a contact +425385 +426241 54 11 1
a contact +425385 +426241 11 54 1
a contact +457683 +457976 54 11 1
a contact +457683 +457976 11 54 1
a contact +463487 +464369 54 11 1
a contact +463487 +464369 11 54 1
a contact +469597 +470277 54 11 1
a contact +469597 +470277 11 54 1
a contact +503855 +504535 54 11 1
a contact +503855 +504535 11 54 1
a contact +509750 +510652 54 11 1
a contact +509750 +510652 11 54 1
a contact +516099 +516492 54 11 1
a contact +516099 +516492 11 54 1
a contact +547901 +548730 54 11 1
a contact +547901 +548730 11 54 1
a contact +553945 +554754 54 11 1
a contact +553945 +554754 11 54 1
a contact +588412 +588822 54 11 1
a contact +588412 +588822 11 54 1
a contact +594146 +595047 54 11 1
a contact +594146 +595047 11 54 1
a contact +600322 +601004 54 11 1
a contact +600322 +601004 11 54 1
a contact +4125 +4918 55 3 1
a contact +4125 +4918 3 55 1
a contact +10273 +11096 55 3 1
a contact +10273 +11096 3 55 1
a contact +16376 +17256 55 3 1
a contact +16376 +17256 3 55 1
a contact +22446 +23352 55 3 1
a contact +22446 +23352 3 55 1
a contact +28495 +29362 55 3 1
a contact +28495 +29362 3 55 1
a contact +34524 +35287 55 3 1
a contact +34524 +35287 3 55 1
a contact +40523 +41149 55 3 1
a contact +40523 +41149 3 55 1
a contact +46467 +47009 55 3 1
a contact +46467 +47009 3 55 1
a contact +52339 +52934 55 3 1
a contact +52339 +52934 3 55 1
a contact +58192 +58922 55 3 1
a contact +58192 +58922 3 55 1
a contact +64095 +64945 55 3 1
a contact +64095 +64945 3 55 1
a contact +70080 +70988 55 3 1
a contact +70080 +70988 3 55 1
a contact +76153 +77051 55 3 1
a contact +76153 +77051 3 55 1
a contact +82300 +83143 55 3 1
a contact +82300 +83143 3 55 1
a contact +88481 +89276 55 3 1
a contact +88481 +89276 3 55 1
a contact +94640 +95449 55 3 1
a contact +94640 +95449 3 55 1
a contact +100756 +101620 55 3 1
a contact +100756 +101620 3 55 1
a contact +106834 +107738 55 3 1
a contact +106834 +107738 3 55 1
a contact +112889 +113774 55 3 1
a contact +112889 +113774 3 55 1
a contact +118924 +119723 55 3 1
a contact +118924 +119723 3 55 1
a contact +124934 +125599 55 3 1
a contact +124934 +125599 3 55 1
a contact +130897 +131452 55 3 1
a contact +130897 +131452 3 55 1
a contact +136788 +137354 55 3 1
a contact +136788 +137354 3 55 1
a contact +142638 +143327 55 3 1
a contact +142638 +143327 3 55 1
a contact +148521 +149342 55 3 1
a contact +148521 +149342 3 55 1
a contact +154481 +155379 55 3 1
a contact +154481 +155379 3 55 1
a contact +160529 +161436 55 3 1
a contact +160529 +161436 3 55 1
a contact +166658 +167518 55 3 1
a contact +166658 +167518 3 55 1
a contact +172834 +173638 55 3 1
a contact +172834 +173638 3 55 1
a contact +179004 +179802 55 3 1
a contact +179004 +179802 3 55 1
a contact +185132 +185979 55 3 1
a contact +185132 +185979 3 55 1
a contact +191220 +192117 55 3 1
a contact +191220 +192117 3 55 1
a contact +197281 +198179 55 3 1
a contact +197281 +198179 3 55 1
a contact +203322 +204152 55 3 1
a contact +203322 +204152 3 55 1
a contact +209340 +210047 55 3 1
a contact +209340 +210047 3 55 1
a contact +215321 +215899 55 3 1
a contact +215321 +215899 3 55 1
a contact +221233 +221781 55 3 1
a contact +221233 +221781 3 55 1
a contact +227087 +227735 55 3 1
a contact +227087 +227735 3 55 1
a contact +232955 +233741 55 3 1
a contact +232955 +233741 3 55 1
a contact +238890 +239772 55 3 1
a contact +238890 +239772 3 55 1
a contact +244912 +245823 55 3 1
a contact +244912 +245823 3 55 1
a contact +251019 +251897 55 3 1
a contact +251019 +251897 3 55 1
a contact +257186 +258005 55 3 1
a contact +257186 +258005 3 55 1
a contact +263364 +264156 55 3 1
a contact +263364 +264156 3 55 1
a contact +269505 +270335 55 3 1
a contact +269505 +270335 3 55 1
a contact +275604 +276490 55 3 1
a contact +275604 +276490 3 55 1
a contact +281671 +282576 55 3 1
a contact +281671 +282576 3 55 1
a contact +287718 +288575 55 3 1
a contact +287718 +288575 3 55 1
a contact +293744 +294490 55 3 1
a contact +293744 +294490 3 55 1
a contact +299738 +300349 55 3 1
a contact +299738 +300349 3 55 1
a contact +305673 +306214 55 3 1
a contact +305673 +306214 3 55 1
a contact +311538 +312148 55 3 1
a contact +311538 +312148 3 55 1
a contact +317394 +318142 55 3 1
a contact +317394 +318142 3 55 1
a contact +323306 +324167 55 3 1
a contact +323306 +324167 3 55 1
a contact +329302 +330212 55 3 1
a contact +329302 +330212 3 55 1
a contact +335386 +336279 55 3 1
a contact +335386 +336279 3 55 1
a contact +341539 +342375 55 3 1
a contact +341539 +342375 3 55 1
a contact +347720 +348513 55 3 1
a contact +347720 +348513 3 55 1
a contact +353875 +354688 55 3 1
a contact +353875 +354688 3 55 1
a contact +359985 +360856 55 3 1
a contact +359985 +360856 3 55 1
a contact +366060 +366965 55 3 1
a contact +366060 +366965 3 55 1
a contact +372112 +372991 55 3 1
a contact +372112 +372991 3 55 1
a contact +378144 +378929 55 3 1
a contact +378144 +378929 3 55 1
a contact +384150 +384799 55 3 1
a contact +384150 +384799 3 55 1
a contact +390106 +390654 55 3 1
a contact +390106 +390654 3 55 1
a contact +395988 +396565 55 3 1
a contact +395988 +396565 3 55 1
a contact +401839 +402545 55 3 1
a contact +401839 +402545 3 55 1
a contact +407730 +408563 55 3 1
a contact +407730 +408563 3 55 1
a contact +413700 +414603 55 3 1
a contact +413700 +414603 3 55 1
a contact +419759 +420663 55 3 1
a contact +419759 +420663 3 55 1
a contact +425895 +426749 55 3 1
a contact +425895 +426749 3 55 1
a contact +432074 +432874 55 3 1
a contact +432074 +432874 3 55 1
a contact +438240 +439041 55 3 1
a contact +438240 +439041 3 55 1
a contact +444363 +445217 55 3 1
a contact +444363 +445217 3 55 1
a contact +450447 +451347 55 3 1
a contact +450447 +451347 3 55 1
a contact +456505 +457398 55 3 1
a contact +456505 +457398 3 55 1
a contact +462543 +463361 55 3 1
a contact +462543 +463361 3 55 1
a contact +468558 +469248 55 3 1
a contact +468558 +469248 3 55 1
a contact +474532 +475100 55 3 1
a contact +474532 +475100 3 55 1
a contact +480435 +480989 55 3 1
a contact +480435 +480989 3 55 1
a contact +486287 +486952 55 3 1
a contact +486287 +486952 3 55 1
a contact +492161 +492961 55 3 1
a contact +492161 +492961 3 55 1
a contact +498106 +498995 55 3 1
a contact +498106 +498995 3 55 1
a contact +504138 +505049 55 3 1
a contact +504138 +505049 3 55 1
a contact +510255 +511126 55 3 1
a contact +510255 +511126 3 55 1
a contact +516426 +517238 55 3 1
a contact +516426 +517238 3 55 1
a contact +522601 +523395 55 3 1
a contact +522601 +523395 3 55 1
a contact +528737 +529574 55 3 1
a contact +528737 +529574 3 55 1
a contact +534831 +535722 55 3 1
a contact +534831 +535722 3 55 1
a contact +540896 +541798 55 3 1
a contact +540896 +541798 3 55 1
a contact +546940 +547787 55 3 1
a contact +546940 +547787 3 55 1
a contact +552963 +553693 55 3 1
a contact +552963 +553693 3 55 1
a contact +558952 +559549 55 3 1
a contact +558952 +559549 3 55 1
a contact +564878 +565420 55 3 1
a contact +564878 +565420 3 55 1
a contact +570737 +571362 55 3 1
a contact +570737 +571362 3 55 1
a contact +576598 +577361 55 3 1
a contact +576598 +577361 3 55 1
a contact +582519 +583389 55 3 1
a contact +582519 +583389 3 55 1
a contact +588526 +589437 55 3 1
a contact +588526 +589437 3 55 1
a contact +594619 +595506 55 3 1
a contact +594619 +595506 3 55 1
a contact +600779 +601607 55 3 1
a contact +600779 +601607 3 55 1
a contact +21734 +22173 55 5 1
a contact +21734 +22173 5 55 1
a contact +27472 +28347 55 5 1
a contact +27472 +28347 5 55 1
a contact +33535 +34389 55 5 1
a contact +33535 +34389 5 55 1
a contact +39990 +40253 55 5 1
a contact +39990 +40253 5 55 1
a contact +65108 +65825 55 5 1
a contact +65108 +65825 5 55 1
a contact +71111 +72007 55 5 1
a contact +71111 +72007 5 55 1
a contact +77211 +77898 55 5 1
a contact +77211 +77898 5 55 1
a contact +111912 +112724 55 5 1
a contact +111912 +112724 5 55 1
a contact +117894 +118791 55 5 1
a contact +117894 +118791 5 55 1
a contact +124183 +124752 55 5 1
a contact +124183 +124752 5 55 1
a contact +149545 +150105 55 5 1
a contact +149545 +150105 5 55 1
a contact +155506 +156391 55 5 1
a contact +155506 +156391 5 55 1
a contact +161575 +162369 55 5 1
a contact +161575 +162369 5 55 1
a contact +196381 +197089 55 5 1
a contact +196381 +197089 5 55 1
a contact +202277 +203186 55 5 1
a contact +202277 +203186 5 55 1
a contact +208461 +209188 55 5 1
a contact +208461 +209188 5 55 1
a contact +234046 +234297 55 5 1
a contact +234046 +234297 5 55 1
a contact +239908 +240750 55 5 1
a contact +239908 +240750 5 55 1
a contact +245951 +246810 55 5 1
a contact +245951 +246810 5 55 1
a contact +252134 +252538 55 5 1
a contact +252134 +252538 5 55 1
a contact +280890 +281431 55 5 1
a contact +280890 +281431 5 55 1
a contact +286683 +287575 55 5 1
a contact +286683 +287575 5 55 1
a contact +292780 +293606 55 5 1
a contact +292780 +293606 5 55 1
a contact +324320 +325083 55 5 1
a contact +324320 +325083 5 55 1
a contact +330335 +331227 55 5 1
a contact +330335 +331227 5 55 1
a contact +336453 +337078 55 5 1
a contact +336453 +337078 5 55 1
a contact +365498 +365693 55 5 1
a contact +365498 +365693 5 55 1
a contact +371113 +371955 55 5 1
a contact +371113 +371955 5 55 1
a contact +377128 +378012 55 5 1
a contact +377128 +378012 5 55 1
a contact +383472 +383945 55 5 1
a contact +383472 +383945 5 55 1
a contact +408747 +409381 55 5 1
a contact +408747 +409381 5 55 1
a contact +414728 +415620 55 5 1
a contact +414728 +415620 5 55 1
a contact +420808 +421564 55 5 1
a contact +420808 +421564 5 55 1
a contact +455569 +456326 55 5 1
a contact +455569 +456326 5 55 1
a contact +461501 +462410 55 5 1
a contact +461501 +462410 5 55 1
a contact +467726 +468397 55 5 1
a contact +467726 +468397 5 55 1
a contact +493208 +493623 55 5 1
a contact +493208 +493623 5 55 1
a contact +499127 +499990 55 5 1
a contact +499127 +499990 5 55 1
a contact +505180 +506016 55 5 1
a contact +505180 +506016 5 55 1
a contact +511423 +511660 55 5 1
a contact +511423 +511660 5 55 1
a contact +540059 +540679 55 5 1
a contact +540059 +540679 5 55 1
a contact +545898 +546801 55 5 1
a contact +545898 +546801 5 55 1
a contact +552030 +552820 55 5 1
a contact +552030 +552820 5 55 1
a contact +583534 +584335 55 5 1
a contact +583534 +584335 5 55 1
a contact +589561 +590443 55 5 1
a contact +589561 +590443 5 55 1
a contact +595700 +596250 55 5 1
a contact +595700 +596250 5 55 1
a contact +30357 +31198 55 7 1
a contact +30357 +31198 7 55 1
a contact +36410 +37234 55 7 1
a contact +36410 +37234 7 55 1
a contact +68323 +68922 55 7 1
a contact +68323 +68922 7 55 1
a contact +74262 +75170 55 7 1
a contact +74262 +75170 7 55 1
a contact +80381 +81048 55 7 1
a contact +80381 +81048 7 55 1
a contact +114814 +115562 55 7 1
a contact +114814 +115562 7 55 1
a contact +120766 +121645 55 7 1
a contact +120766 +121645 7 55 1
a contact +127139 +127502 55 7 1
a contact +127139 +127502 7 55 1
a contact +152870 +153087 55 7 1
a contact +152870 +153087 7 55 1
a contact +158664 +159546 55 7 1
a contact +158664 +159546 7 55 1
a contact +164730 +165531 55 7 1
a contact +164730 +165531 7 55 1
a contact +199314 +199899 55 7 1
a contact +199314 +199899 7 55 1
a contact +205151 +206043 55 7 1
a contact +205151 +206043 7 55 1
a contact +211359 +212003 55 7 1
a contact +211359 +212003 7 55 1
a contact +243080 +243892 55 7 1
a contact +243080 +243892 7 55 1
a contact +249101 +249977 55 7 1
a contact +249101 +249977 7 55 1
a contact +255392 +255600 55 7 1
a contact +255392 +255600 7 55 1
a contact +283920 +284150 55 7 1
a contact +283920 +284150 7 55 1
a contact +289564 +290428 55 7 1
a contact +289564 +290428 7 55 1
a contact +295659 +296444 55 7 1
a contact +295659 +296444 7 55 1
a contact +327517 +328198 55 7 1
a contact +327517 +328198 7 55 1
a contact +333485 +334392 55 7 1
a contact +333485 +334392 7 55 1
a contact +339633 +340218 55 7 1
a contact +339633 +340218 7 55 1
a contact +374006 +374800 55 7 1
a contact +374006 +374800 7 55 1
a contact +380001 +380862 55 7 1
a contact +380001 +380862 7 55 1
a contact +412003 +412434 55 7 1
a contact +412003 +412434 7 55 1
a contact +417882 +418780 55 7 1
a contact +417882 +418780 7 55 1
a contact +423968 +424723 55 7 1
a contact +423968 +424723 7 55 1
a contact +458486 +459150 55 7 1
a contact +458486 +459150 7 55 1
a contact +464374 +465265 55 7 1
a contact +464374 +465265 7 55 1
a contact +470639 +471194 55 7 1
a contact +470639 +471194 7 55 1
a contact +502291 +503139 55 7 1
a contact +502291 +503139 7 55 1
a contact +508331 +509182 55 7 1
a contact +508331 +509182 7 55 1
a contact +543030 +543455 55 7 1
a contact +543030 +543455 7 55 1
a contact +548775 +549656 55 7 1
a contact +548775 +549656 7 55 1
a contact +554914 +555651 55 7 1
a contact +554914 +555651 7 55 1
a contact +586718 +587463 55 7 1
a contact +586718 +587463 7 55 1
a contact +592710 +593610 55 7 1
a contact +592710 +593610 7 55 1
a contact +598897 +599373 55 7 1
a contact +598897 +599373 7 55 1
a contact +5824 +6667 55 9 1
a contact +5824 +6667 9 55 1
a contact +11926 +12636 55 9 1
a contact +11926 +12636 9 55 1
a contact +44765 +45178 55 9 1
a contact +44765 +45178 9 55 1
a contact +50568 +51474 55 9 1
a contact +50568 +51474 9 55 1
a contact +56848 +57204 55 9 1
a contact +56848 +57204 9 55 1
a contact +90286 +91012 55 9 1
a contact +90286 +91012 9 55 1
a contact +96254 +97091 55 9 1
a contact +96254 +97091 9 55 1
a contact +134977 +135856 55 9 1
a contact +134977 +135856 9 55 1
a contact +141091 +141781 55 9 1
a contact +141091 +141781 9 55 1
a contact +174821 +175293 55 9 1
a contact +174821 +175293 9 55 1
a contact +180626 +181509 55 9 1
a contact +180626 +181509 9 55 1
a contact +187105 +187136 55 9 1
a contact +187105 +187136 9 55 1
a contact +219417 +220201 55 9 1
a contact +219417 +220201 9 55 1
a contact +225423 +226259 55 9 1
a contact +225423 +226259 9 55 1
a contact +265032 +265899 55 9 1
a contact +265032 +265899 9 55 1
a contact +271196 +271817 55 9 1
a contact +271196 +271817 9 55 1
a contact +303911 +304485 55 9 1
a contact +303911 +304485 9 55 1
a contact +309793 +310691 55 9 1
a contact +309793 +310691 9 55 1
a contact +349475 +350260 55 9 1
a contact +349475 +350260 9 55 1
a contact +355498 +356294 55 9 1
a contact +355498 +356294 9 55 1
a contact +394190 +395088 55 9 1
a contact +394190 +395088 9 55 1
a contact +400358 +400948 55 9 1
a contact +400358 +400948 9 55 1
a contact +433972 +434575 55 9 1
a contact +433972 +434575 9 55 1
a contact +439853 +440726 55 9 1
a contact +439853 +440726 9 55 1
a contact +478617 +479450 55 9 1
a contact +478617 +479450 9 55 1
a contact +484666 +485454 55 9 1
a contact +484666 +485454 9 55 1
a contact +524245 +525127 55 9 1
a contact +524245 +525127 9 55 1
a contact +530484 +530980 55 9 1
a contact +530484 +530980 9 55 1
a contact +563083 +563764 55 9 1
a contact +563083 +563764 9 55 1
a contact +569022 +569903 55 9 1
a contact +569022 +569903 9 55 1
a contact +3175 +3955 55 11 1
a contact +3175 +3955 11 55 1
a contact +35300 +35888 55 11 1
a contact +35300 +35888 11 55 1
a contact +41226 +42115 55 11 1
a contact +41226 +42115 11 55 1
a contact +47410 +47909 55 11 1
a contact +47410 +47909 11 55 1
a contact +81525 +82317 55 11 1
a contact +81525 +82317 11 55 1
a contact +87511 +88383 55 11 1
a contact +87511 +88383 11 55 1
a contact +119927 +119989 55 11 1
a contact +119927 +119989 11 55 1
a contact +125625 +126501 55 11 1
a contact +125625 +126501 11 55 1
a contact +131721 +132435 55 11 1
a contact +131721 +132435 11 55 1
a contact +166018 +166654 55 11 1
a contact +166018 +166654 11 55 1
a contact +171883 +172790 55 11 1
a contact +171883 +172790 11 55 1
a contact +178184 +178667 55 11 1
a contact +178184 +178667 11 55 1
a contact +210043 +210854 55 11 1
a contact +210043 +210854 11 55 1
a contact +216074 +216902 55 11 1
a contact +216074 +216902 11 55 1
a contact +250610 +250910 55 11 1
a contact +250610 +250910 11 55 1
a contact +256286 +257181 55 11 1
a contact +256286 +257181 11 55 1
a contact +262434 +263156 55 11 1
a contact +262434 +263156 11 55 1
a contact +294488 +295164 55 11 1
a contact +294488 +295164 11 55 1
a contact +300451 +301332 55 11 1
a contact +300451 +301332 11 55 1
a contact +306699 +307039 55 11 1
a contact +306699 +307039 11 55 1
a contact +340720 +341555 55 11 1
a contact +340720 +341555 11 55 1
a contact +346753 +347594 55 11 1
a contact +346753 +347594 11 55 1
a contact +378995 +379393 55 11 1
a contact +378995 +379393 11 55 1
a contact +384844 +385731 55 11 1
a contact +384844 +385731 11 55 1
a contact +390970 +391613 55 11 1
a contact +390970 +391613 11 55 1
a contact +425193 +425905 55 11 1
a contact +425193 +425905 11 55 1
a contact +431111 +432009 55 11 1
a contact +431111 +432009 11 55 1
a contact +437516 +437807 55 11 1
a contact +437516 +437807 11 55 1
a contact +469254 +470098 55 11 1
a contact +469254 +470098 11 55 1
a contact +475311 +476100 55 11 1
a contact +475311 +476100 11 55 1
a contact +509729 +510209 55 11 1
a contact +509729 +510209 11 55 1
a contact +515502 +516407 55 11 1
a contact +515502 +516407 11 55 1
a contact +521705 +522349 55 11 1
a contact +521705 +522349 11 55 1
a contact +553686 +554428 55 11 1
a contact +553686 +554428 11 55 1
a contact +559679 +560544 55 11 1
a contact +559679 +560544 11 55 1
a contact +599923 +600788 55 11 1
a contact +599923 +600788 11 55 1
a contact +3567 +4359 56 3 1
a contact +3567 +4359 3 56 1
a contact +9718 +10536 56 3 1
a contact +9718 +10536 3 56 1
a contact +15825 +16700 56 3 1
a contact +15825 +16700 3 56 1
a contact +21898 +22803 56 3 1
a contact +21898 +22803 3 56 1
a contact +27948 +28821 56 3 1
a contact +27948 +28821 3 56 1
a contact +33979 +34753 56 3 1
a contact +33979 +34753 3 56 1
a contact +39982 +40620 56 3 1
a contact +39982 +40620 3 56 1
a contact +45932 +46477 56 3 1
a contact +45932 +46477 3 56 1
a contact +51809 +52394 56 3 1
a contact +51809 +52394 3 56 1
a contact +57660 +58378 56 3 1
a contact +57660 +58378 3 56 1
a contact +63557 +64398 56 3 1
a contact +63557 +64398 3 56 1
a contact +69534 +70440 56 3 1
a contact +69534 +70440 3 56 1
a contact +75600 +76501 56 3 1
a contact +75600 +76501 3 56 1
a contact +81742 +82590 56 3 1
a contact +81742 +82590 3 56 1
a contact +87921 +88719 56 3 1
a contact +87921 +88719 3 56 1
a contact +94084 +94889 56 3 1
a contact +94084 +94889 3 56 1
a contact +100203 +101063 56 3 1
a contact +100203 +101063 3 56 1
a contact +106285 +107187 56 3 1
a contact +106285 +107187 3 56 1
a contact +112341 +113231 56 3 1
a contact +112341 +113231 3 56 1
a contact +118378 +119187 56 3 1
a contact +118378 +119187 3 56 1
a contact +124391 +125069 56 3 1
a contact +124391 +125069 3 56 1
a contact +130360 +130921 56 3 1
a contact +130360 +130921 3 56 1
a contact +136257 +136816 56 3 1
a contact +136257 +136816 3 56 1
a contact +142108 +142784 56 3 1
a contact +142108 +142784 3 56 1
a contact +147986 +148796 56 3 1
a contact +147986 +148796 3 56 1
a contact +153938 +154832 56 3 1
a contact +153938 +154832 3 56 1
a contact +159978 +160887 56 3 1
a contact +159978 +160887 3 56 1
a contact +166100 +166966 56 3 1
a contact +166100 +166966 3 56 1
a contact +172274 +173082 56 3 1
a contact +172274 +173082 3 56 1
a contact +178447 +179242 56 3 1
a contact +178447 +179242 3 56 1
a contact +184579 +185421 56 3 1
a contact +184579 +185421 3 56 1
a contact +190670 +191564 56 3 1
a contact +190670 +191564 3 56 1
a contact +196733 +197634 56 3 1
a contact +196733 +197634 3 56 1
a contact +202775 +203615 56 3 1
a contact +202775 +203615 3 56 1
a contact +208796 +209516 56 3 1
a contact +208796 +209516 3 56 1
a contact +214782 +215369 56 3 1
a contact +214782 +215369 3 56 1
a contact +220701 +221245 56 3 1
a contact +220701 +221245 3 56 1
a contact +226558 +227193 56 3 1
a contact +226558 +227193 3 56 1
a contact +232421 +233195 56 3 1
a contact +232421 +233195 3 56 1
a contact +238349 +239225 56 3 1
a contact +238349 +239225 3 56 1
a contact +244363 +245275 56 3 1
a contact +244363 +245275 3 56 1
a contact +250463 +251346 56 3 1
a contact +250463 +251346 3 56 1
a contact +256626 +257450 56 3 1
a contact +256626 +257450 3 56 1
a contact +262805 +263597 56 3 1
a contact +262805 +263597 3 56 1
a contact +268951 +269775 56 3 1
a contact +268951 +269775 3 56 1
a contact +275053 +275935 56 3 1
a contact +275053 +275935 3 56 1
a contact +281123 +282028 56 3 1
a contact +281123 +282028 3 56 1
a contact +287171 +288035 56 3 1
a contact +287171 +288035 3 56 1
a contact +293199 +293958 56 3 1
a contact +293199 +293958 3 56 1
a contact +299197 +299819 56 3 1
a contact +299197 +299819 3 56 1
a contact +305139 +305681 56 3 1
a contact +305139 +305681 3 56 1
a contact +311008 +311607 56 3 1
a contact +311008 +311607 3 56 1
a contact +316862 +317597 56 3 1
a contact +316862 +317597 3 56 1
a contact +322767 +323620 56 3 1
a contact +322767 +323620 3 56 1
a contact +328755 +329664 56 3 1
a contact +328755 +329664 3 56 1
a contact +334831 +335728 56 3 1
a contact +334831 +335728 3 56 1
a contact +340980 +341821 56 3 1
a contact +340980 +341821 3 56 1
a contact +347160 +347956 56 3 1
a contact +347160 +347956 3 56 1
a contact +353319 +354129 56 3 1
a contact +353319 +354129 3 56 1
a contact +359433 +360299 56 3 1
a contact +359433 +360299 3 56 1
a contact +365511 +366415 56 3 1
a contact +365511 +366415 3 56 1
a contact +371565 +372448 56 3 1
a contact +371565 +372448 3 56 1
a contact +377599 +378394 56 3 1
a contact +377599 +378394 3 56 1
a contact +383608 +384269 56 3 1
a contact +383608 +384269 3 56 1
a contact +389570 +390122 56 3 1
a contact +389570 +390122 3 56 1
a contact +395458 +396027 56 3 1
a contact +395458 +396027 3 56 1
a contact +401308 +402002 56 3 1
a contact +401308 +402002 3 56 1
a contact +407193 +408017 56 3 1
a contact +407193 +408017 3 56 1
a contact +413156 +414055 56 3 1
a contact +413156 +414055 3 56 1
a contact +419206 +420113 56 3 1
a contact +419206 +420113 3 56 1
a contact +425337 +426196 56 3 1
a contact +425337 +426196 3 56 1
a contact +431514 +432317 56 3 1
a contact +431514 +432317 3 56 1
a contact +437683 +438482 56 3 1
a contact +437683 +438482 3 56 1
a contact +443810 +444659 56 3 1
a contact +443810 +444659 3 56 1
a contact +449897 +450795 56 3 1
a contact +449897 +450795 3 56 1
a contact +455957 +456854 56 3 1
a contact +455957 +456854 3 56 1
a contact +461997 +462825 56 3 1
a contact +461997 +462825 3 56 1
a contact +468015 +468717 56 3 1
a contact +468015 +468717 3 56 1
a contact +473994 +474569 56 3 1
a contact +473994 +474569 3 56 1
a contact +479904 +480453 56 3 1
a contact +479904 +480453 3 56 1
a contact +485757 +486409 56 3 1
a contact +485757 +486409 3 56 1
a contact +491626 +492416 56 3 1
a contact +491626 +492416 3 56 1
a contact +497564 +498448 56 3 1
a contact +497564 +498448 3 56 1
a contact +503588 +504500 56 3 1
a contact +503588 +504500 3 56 1
a contact +509698 +510574 56 3 1
a contact +509698 +510574 3 56 1
a contact +515866 +516683 56 3 1
a contact +515866 +516683 3 56 1
a contact +522043 +522836 56 3 1
a contact +522043 +522836 3 56 1
a contact +528183 +529015 56 3 1
a contact +528183 +529015 3 56 1
a contact +534281 +535168 56 3 1
a contact +534281 +535168 3 56 1
a contact +540347 +541252 56 3 1
a contact +540347 +541252 3 56 1
a contact +546393 +547248 56 3 1
a contact +546393 +547248 3 56 1
a contact +552418 +553161 56 3 1
a contact +552418 +553161 3 56 1
a contact +558412 +559019 56 3 1
a contact +558412 +559019 3 56 1
a contact +564344 +564885 56 3 1
a contact +564344 +564885 3 56 1
a contact +570208 +570821 56 3 1
a contact +570208 +570821 3 56 1
a contact +576065 +576816 56 3 1
a contact +576065 +576816 3 56 1
a contact +581979 +582842 56 3 1
a contact +581979 +582842 3 56 1
a contact +587978 +588889 56 3 1
a contact +587978 +588889 3 56 1
a contact +594064 +594955 56 3 1
a contact +594064 +594955 3 56 1
a contact +600219 +601053 56 3 1
a contact +600219 +601053 3 56 1
a contact +21251 +21588 56 5 1
a contact +21251 +21588 5 56 1
a contact +26936 +27796 56 5 1
a contact +26936 +27796 5 56 1
a contact +32974 +33845 56 5 1
a contact +32974 +33845 5 56 1
a contact +39363 +39753 56 5 1
a contact +39363 +39753 5 56 1
a contact +64572 +65248 56 5 1
a contact +64572 +65248 5 56 1
a contact +70563 +71459 56 5 1
a contact +70563 +71459 5 56 1
a contact +76653 +77378 56 5 1
a contact +76653 +77378 5 56 1
a contact +111385 +112170 56 5 1
a contact +111385 +112170 5 56 1
a contact +117341 +118245 56 5 1
a contact +117341 +118245 5 56 1
a contact +123595 +124221 56 5 1
a contact +123595 +124221 5 56 1
a contact +149019 +149510 56 5 1
a contact +149019 +149510 5 56 1
a contact +154961 +155836 56 5 1
a contact +154961 +155836 5 56 1
a contact +161021 +161839 56 5 1
a contact +161021 +161839 5 56 1
a contact +195864 +196529 56 5 1
a contact +195864 +196529 5 56 1
a contact +201731 +202638 56 5 1
a contact +201731 +202638 5 56 1
a contact +207887 +208650 56 5 1
a contact +207887 +208650 5 56 1
a contact +239366 +240187 56 5 1
a contact +239366 +240187 5 56 1
a contact +245400 +246273 56 5 1
a contact +245400 +246273 5 56 1
a contact +251557 +252045 56 5 1
a contact +251557 +252045 5 56 1
a contact +280391 +280859 56 5 1
a contact +280391 +280859 5 56 1
a contact +286144 +287024 56 5 1
a contact +286144 +287024 5 56 1
a contact +292216 +293063 56 5 1
a contact +292216 +293063 5 56 1
a contact +298703 +298903 56 5 1
a contact +298703 +298903 5 56 1
a contact +323781 +324510 56 5 1
a contact +323781 +324510 5 56 1
a contact +329787 +330682 56 5 1
a contact +329787 +330682 5 56 1
a contact +335891 +336563 56 5 1
a contact +335891 +336563 5 56 1
a contact +370582 +371402 56 5 1
a contact +370582 +371402 5 56 1
a contact +376572 +377466 56 5 1
a contact +376572 +377466 5 56 1
a contact +382874 +383421 56 5 1
a contact +382874 +383421 5 56 1
a contact +408215 +408795 56 5 1
a contact +408215 +408795 5 56 1
a contact +414181 +415068 56 5 1
a contact +414181 +415068 5 56 1
a contact +420253 +421038 56 5 1
a contact +420253 +421038 5 56 1
a contact +455047 +455768 56 5 1
a contact +455047 +455768 5 56 1
a contact +460953 +461862 56 5 1
a contact +460953 +461862 5 56 1
a contact +467147 +467861 56 5 1
a contact +467147 +467861 5 56 1
a contact +492702 +493004 56 5 1
a contact +492702 +493004 5 56 1
a contact +498583 +499431 56 5 1
a contact +498583 +499431 5 56 1
a contact +504628 +505482 56 5 1
a contact +504628 +505482 5 56 1
a contact +510822 +511192 56 5 1
a contact +510822 +511192 5 56 1
a contact +539551 +540114 56 5 1
a contact +539551 +540114 5 56 1
a contact +545356 +546251 56 5 1
a contact +545356 +546251 5 56 1
a contact +551462 +552279 56 5 1
a contact +551462 +552279 5 56 1
a contact +582993 +583767 56 5 1
a contact +582993 +583767 5 56 1
a contact +589012 +589901 56 5 1
a contact +589012 +589901 5 56 1
a contact +595134 +595742 56 5 1
a contact +595134 +595742 5 56 1
a contact +29826 +30644 56 7 1
a contact +29826 +30644 7 56 1
a contact +35848 +36693 56 7 1
a contact +35848 +36693 7 56 1
a contact +67804 +68325 56 7 1
a contact +67804 +68325 7 56 1
a contact +73716 +74621 56 7 1
a contact +73716 +74621 7 56 1
a contact +79817 +80533 56 7 1
a contact +79817 +80533 7 56 1
a contact +114294 +115001 56 7 1
a contact +114294 +115001 7 56 1
a contact +120213 +121100 56 7 1
a contact +120213 +121100 7 56 1
a contact +126523 +127001 56 7 1
a contact +126523 +127001 7 56 1
a contact +158122 +158988 56 7 1
a contact +158122 +158988 7 56 1
a contact +164174 +165004 56 7 1
a contact +164174 +165004 7 56 1
a contact +198814 +199325 56 7 1
a contact +198814 +199325 7 56 1
a contact +204607 +205494 56 7 1
a contact +204607 +205494 7 56 1
a contact +210777 +211474 56 7 1
a contact +210777 +211474 7 56 1
a contact +242543 +243322 56 7 1
a contact +242543 +243322 7 56 1
a contact +248549 +249439 56 7 1
a contact +248549 +249439 7 56 1
a contact +254772 +255150 56 7 1
a contact +254772 +255150 7 56 1
a contact +289028 +289876 56 7 1
a contact +289028 +289876 7 56 1
a contact +295092 +295907 56 7 1
a contact +295092 +295907 7 56 1
a contact +326990 +327612 56 7 1
a contact +326990 +327612 7 56 1
a contact +332938 +333846 56 7 1
a contact +332938 +333846 7 56 1
a contact +339063 +339711 56 7 1
a contact +339063 +339711 7 56 1
a contact +373481 +374242 56 7 1
a contact +373481 +374242 7 56 1
a contact +379444 +380319 56 7 1
a contact +379444 +380319 7 56 1
a contact +385844 +386157 56 7 1
a contact +385844 +386157 7 56 1
a contact +411514 +411803 56 7 1
a contact +411514 +411803 7 56 1
a contact +417338 +418225 56 7 1
a contact +417338 +418225 7 56 1
a contact +423410 +424200 56 7 1
a contact +423410 +424200 7 56 1
a contact +457976 +458583 56 7 1
a contact +457976 +458583 7 56 1
a contact +463826 +464719 56 7 1
a contact +463826 +464719 7 56 1
a contact +470048 +470672 56 7 1
a contact +470048 +470672 7 56 1
a contact +501752 +502574 56 7 1
a contact +501752 +502574 7 56 1
a contact +507778 +508649 56 7 1
a contact +507778 +508649 7 56 1
a contact +514122 +514213 56 7 1
a contact +514122 +514213 7 56 1
a contact +542560 +542854 56 7 1
a contact +542560 +542854 7 56 1
a contact +548236 +549105 56 7 1
a contact +548236 +549105 7 56 1
a contact +554342 +555117 56 7 1
a contact +554342 +555117 7 56 1
a contact +586187 +586885 56 7 1
a contact +586187 +586885 7 56 1
a contact +592161 +593067 56 7 1
a contact +592161 +593067 7 56 1
a contact +598318 +598878 56 7 1
a contact +598318 +598878 7 56 1
a contact +5293 +6109 56 9 1
a contact +5293 +6109 9 56 1
a contact +11353 +12113 56 9 1
a contact +11353 +12113 9 56 1
a contact +44329 +44514 56 9 1
a contact +44329 +44514 9 56 1
a contact +50023 +50927 56 9 1
a contact +50023 +50927 9 56 1
a contact +56235 +56734 56 9 1
a contact +56235 +56734 9 56 1
a contact +89772 +90440 56 9 1
a contact +89772 +90440 9 56 1
a contact +95696 +96555 56 9 1
a contact +95696 +96555 9 56 1
a contact +134440 +135299 56 9 1
a contact +134440 +135299 9 56 1
a contact +140519 +141266 56 9 1
a contact +140519 +141266 9 56 1
a contact +174356 +174675 56 9 1
a contact +174356 +174675 9 56 1
a contact +180079 +180964 56 9 1
a contact +180079 +180964 9 56 1
a contact +186386 +186755 56 9 1
a contact +186386 +186755 9 56 1
a contact +218893 +219628 56 9 1
a contact +218893 +219628 9 56 1
a contact +224865 +225728 56 9 1
a contact +224865 +225728 9 56 1
a contact +264495 +265346 56 9 1
a contact +264495 +265346 9 56 1
a contact +270612 +271303 56 9 1
a contact +270612 +271303 9 56 1
a contact +303418 +303879 56 9 1
a contact +303418 +303879 9 56 1
a contact +309244 +310149 56 9 1
a contact +309244 +310149 9 56 1
a contact +315556 +315844 56 9 1
a contact +315556 +315844 9 56 1
a contact +348952 +349695 56 9 1
a contact +348952 +349695 9 56 1
a contact +354935 +355762 56 9 1
a contact +354935 +355762 9 56 1
a contact +393650 +394535 56 9 1
a contact +393650 +394535 9 56 1
a contact +399776 +400444 56 9 1
a contact +399776 +400444 9 56 1
a contact +433476 +433986 56 9 1
a contact +433476 +433986 9 56 1
a contact +439302 +440184 56 9 1
a contact +439302 +440184 9 56 1
a contact +478086 +478884 56 9 1
a contact +478086 +478884 9 56 1
a contact +484103 +484929 56 9 1
a contact +484103 +484929 9 56 1
a contact +523704 +524577 56 9 1
a contact +523704 +524577 9 56 1
a contact +529886 +530480 56 9 1
a contact +529886 +530480 9 56 1
a contact +562572 +563176 56 9 1
a contact +562572 +563176 9 56 1
a contact +568470 +569365 56 9 1
a contact +568470 +569365 9 56 1
a contact +2605 +3421 56 11 1
a contact +2605 +3421 11 56 1
a contact +34788 +35289 56 11 1
a contact +34788 +35289 11 56 1
a contact +40679 +41568 56 11 1
a contact +40679 +41568 11 56 1
a contact +46829 +47412 56 11 1
a contact +46829 +47412 11 56 1
a contact +81003 +81756 56 11 1
a contact +81003 +81756 11 56 1
a contact +86954 +87841 56 11 1
a contact +86954 +87841 11 56 1
a contact +125084 +125945 56 11 1
a contact +125084 +125945 11 56 1
a contact +131158 +131915 56 11 1
a contact +131158 +131915 11 56 1
a contact +165516 +166078 56 11 1
a contact +165516 +166078 11 56 1
a contact +171336 +172243 56 11 1
a contact +171336 +172243 11 56 1
a contact +177581 +178158 56 11 1
a contact +177581 +178158 11 56 1
a contact +209508 +210286 56 11 1
a contact +209508 +210286 11 56 1
a contact +215520 +216370 56 11 1
a contact +215520 +216370 11 56 1
a contact +255748 +256629 56 11 1
a contact +255748 +256629 11 56 1
a contact +261859 +262626 56 11 1
a contact +261859 +262626 11 56 1
a contact +293966 +294578 56 11 1
a contact +293966 +294578 11 56 1
a contact +299902 +300790 56 11 1
a contact +299902 +300790 11 56 1
a contact +306099 +306565 56 11 1
a contact +306099 +306565 11 56 1
a contact +340193 +340997 56 11 1
a contact +340193 +340997 11 56 1
a contact +346191 +347056 56 11 1
a contact +346191 +347056 11 56 1
a contact +378532 +378743 56 11 1
a contact +378532 +378743 11 56 1
a contact +384300 +385179 56 11 1
a contact +384300 +385179 11 56 1
a contact +390402 +391101 56 11 1
a contact +390402 +391101 11 56 1
a contact +424681 +425337 56 11 1
a contact +424681 +425337 11 56 1
a contact +430560 +431465 56 11 1
a contact +430560 +431465 11 56 1
a contact +436882 +437327 56 11 1
a contact +436882 +437327 11 56 1
a contact +468716 +469535 56 11 1
a contact +468716 +469535 11 56 1
a contact +474753 +475572 56 11 1
a contact +474753 +475572 11 56 1
a contact +509254 +509610 56 11 1
a contact +509254 +509610 11 56 1
a contact +514960 +515857 56 11 1
a contact +514960 +515857 11 56 1
a contact +521121 +521825 56 11 1
a contact +521121 +521825 11 56 1
a contact +553157 +553851 56 11 1
a contact +553157 +553851 11 56 1
a contact +559127 +560006 56 11 1
a contact +559127 +560006 11 56 1
a contact +565401 +565682 56 11 1
a contact +565401 +565682 11 56 1
a contact +599390 +600233 56 11 1
a contact +599390 +600233 11 56 1
a contact +3007 +3801 57 3 1
a contact +3007 +3801 3 57 1
a contact +9162 +9976 57 3 1
a contact +9162 +9976 3 57 1
a contact +15273 +16143 57 3 1
a contact +15273 +16143 3 57 1
a contact +21348 +22253 57 3 1
a contact +21348 +22253 3 57 1
a contact +27400 +28279 57 3 1
a contact +27400 +28279 3 57 1
a contact +33433 +34219 57 3 1
a contact +33433 +34219 3 57 1
a contact +39439 +40089 57 3 1
a contact +39439 +40089 3 57 1
a contact +45396 +45944 57 3 1
a contact +45396 +45944 3 57 1
a contact +51278 +51855 57 3 1
a contact +51278 +51855 3 57 1
a contact +57129 +57834 57 3 1
a contact +57129 +57834 3 57 1
a contact +63019 +63852 57 3 1
a contact +63019 +63852 3 57 1
a contact +68989 +69891 57 3 1
a contact +68989 +69891 3 57 1
a contact +75046 +75951 57 3 1
a contact +75046 +75951 3 57 1
a contact +81182 +82036 57 3 1
a contact +81182 +82036 3 57 1
a contact +87361 +88161 57 3 1
a contact +87361 +88161 3 57 1
a contact +93527 +94328 57 3 1
a contact +93527 +94328 3 57 1
a contact +99650 +100504 57 3 1
a contact +99650 +100504 3 57 1
a contact +105735 +106635 57 3 1
a contact +105735 +106635 3 57 1
a contact +111793 +112687 57 3 1
a contact +111793 +112687 3 57 1
a contact +117831 +118651 57 3 1
a contact +117831 +118651 3 57 1
a contact +123847 +124538 57 3 1
a contact +123847 +124538 3 57 1
a contact +129822 +130390 57 3 1
a contact +129822 +130390 3 57 1
a contact +135725 +136279 57 3 1
a contact +135725 +136279 3 57 1
a contact +141577 +142241 57 3 1
a contact +141577 +142241 3 57 1
a contact +147450 +148250 57 3 1
a contact +147450 +148250 3 57 1
a contact +153394 +154284 57 3 1
a contact +153394 +154284 3 57 1
a contact +159426 +160337 57 3 1
a contact +159426 +160337 3 57 1
a contact +165542 +166414 57 3 1
a contact +165542 +166414 3 57 1
a contact +171713 +172526 57 3 1
a contact +171713 +172526 3 57 1
a contact +177888 +178682 57 3 1
a contact +177888 +178682 3 57 1
a contact +184025 +184861 57 3 1
a contact +184025 +184861 3 57 1
a contact +190119 +191010 57 3 1
a contact +190119 +191010 3 57 1
a contact +196184 +197087 57 3 1
a contact +196184 +197087 3 57 1
a contact +202228 +203076 57 3 1
a contact +202228 +203076 3 57 1
a contact +208251 +208983 57 3 1
a contact +208251 +208983 3 57 1
a contact +214241 +214839 57 3 1
a contact +214241 +214839 3 57 1
a contact +220167 +220709 57 3 1
a contact +220167 +220709 3 57 1
a contact +226027 +226651 57 3 1
a contact +226027 +226651 3 57 1
a contact +231887 +232650 57 3 1
a contact +231887 +232650 3 57 1
a contact +237808 +238678 57 3 1
a contact +237808 +238678 3 57 1
a contact +243814 +244725 57 3 1
a contact +243814 +244725 3 57 1
a contact +249907 +250794 57 3 1
a contact +249907 +250794 3 57 1
a contact +256066 +256895 57 3 1
a contact +256066 +256895 3 57 1
a contact +262246 +263038 57 3 1
a contact +262246 +263038 3 57 1
a contact +268396 +269215 57 3 1
a contact +268396 +269215 3 57 1
a contact +274501 +275378 57 3 1
a contact +274501 +275378 3 57 1
a contact +280573 +281479 57 3 1
a contact +280573 +281479 3 57 1
a contact +286623 +287494 57 3 1
a contact +286623 +287494 3 57 1
a contact +292653 +293424 57 3 1
a contact +292653 +293424 3 57 1
a contact +298655 +299289 57 3 1
a contact +298655 +299289 3 57 1
a contact +304603 +305147 57 3 1
a contact +304603 +305147 3 57 1
a contact +310478 +311067 57 3 1
a contact +310478 +311067 3 57 1
a contact +316330 +317052 57 3 1
a contact +316330 +317052 3 57 1
a contact +322229 +323073 57 3 1
a contact +322229 +323073 3 57 1
a contact +328209 +329115 57 3 1
a contact +328209 +329115 3 57 1
a contact +334277 +335177 57 3 1
a contact +334277 +335177 3 57 1
a contact +340421 +341267 57 3 1
a contact +340421 +341267 3 57 1
a contact +346600 +347397 57 3 1
a contact +346600 +347397 3 57 1
a contact +352762 +353568 57 3 1
a contact +352762 +353568 3 57 1
a contact +358880 +359741 57 3 1
a contact +358880 +359741 3 57 1
a contact +364961 +365864 57 3 1
a contact +364961 +365864 3 57 1
a contact +371017 +371905 57 3 1
a contact +371017 +371905 3 57 1
a contact +377053 +377859 57 3 1
a contact +377053 +377859 3 57 1
a contact +383065 +383738 57 3 1
a contact +383065 +383738 3 57 1
a contact +389032 +389591 57 3 1
a contact +389032 +389591 3 57 1
a contact +394927 +395488 57 3 1
a contact +394927 +395488 3 57 1
a contact +400777 +401458 57 3 1
a contact +400777 +401458 3 57 1
a contact +406657 +407471 57 3 1
a contact +406657 +407471 3 57 1
a contact +412611 +413507 57 3 1
a contact +412611 +413507 3 57 1
a contact +418654 +419563 57 3 1
a contact +418654 +419563 3 57 1
a contact +424778 +425643 57 3 1
a contact +424778 +425643 3 57 1
a contact +430953 +431760 57 3 1
a contact +430953 +431760 3 57 1
a contact +437125 +437921 57 3 1
a contact +437125 +437921 3 57 1
a contact +443256 +444100 57 3 1
a contact +443256 +444100 3 57 1
a contact +449346 +450241 57 3 1
a contact +449346 +450241 3 57 1
a contact +455408 +456308 57 3 1
a contact +455408 +456308 3 57 1
a contact +461450 +462287 57 3 1
a contact +461450 +462287 3 57 1
a contact +467470 +468185 57 3 1
a contact +467470 +468185 3 57 1
a contact +473454 +474038 57 3 1
a contact +473454 +474038 3 57 1
a contact +479371 +479916 57 3 1
a contact +479371 +479916 3 57 1
a contact +485227 +485867 57 3 1
a contact +485227 +485867 3 57 1
a contact +491092 +491870 57 3 1
a contact +491092 +491870 3 57 1
a contact +497022 +497900 57 3 1
a contact +497022 +497900 3 57 1
a contact +503038 +503950 57 3 1
a contact +503038 +503950 3 57 1
a contact +509141 +510022 57 3 1
a contact +509141 +510022 3 57 1
a contact +515306 +516127 57 3 1
a contact +515306 +516127 3 57 1
a contact +521484 +522276 57 3 1
a contact +521484 +522276 3 57 1
a contact +527629 +528455 57 3 1
a contact +527629 +528455 3 57 1
a contact +533729 +534612 57 3 1
a contact +533729 +534612 3 57 1
a contact +539798 +540703 57 3 1
a contact +539798 +540703 3 57 1
a contact +545846 +546708 57 3 1
a contact +545846 +546708 3 57 1
a contact +551873 +552628 57 3 1
a contact +551873 +552628 3 57 1
a contact +557870 +558489 57 3 1
a contact +557870 +558489 3 57 1
a contact +563810 +564351 57 3 1
a contact +563810 +564351 3 57 1
a contact +569678 +570280 57 3 1
a contact +569678 +570280 3 57 1
a contact +575532 +576271 57 3 1
a contact +575532 +576271 3 57 1
a contact +581440 +582295 57 3 1
a contact +581440 +582295 3 57 1
a contact +587430 +588339 57 3 1
a contact +587430 +588339 3 57 1
a contact +593509 +594404 57 3 1
a contact +593509 +594404 3 57 1
a contact +599659 +600498 57 3 1
a contact +599659 +600498 3 57 1
a contact +20799 +20972 57 5 1
a contact +20799 +20972 5 57 1
a contact +26402 +27243 57 5 1
a contact +26402 +27243 5 57 1
a contact +32415 +33300 57 5 1
a contact +32415 +33300 5 57 1
a contact +38755 +39236 57 5 1
a contact +38755 +39236 5 57 1
a contact +64037 +64666 57 5 1
a contact +64037 +64666 5 57 1
a contact +70016 +70908 57 5 1
a contact +70016 +70908 5 57 1
a contact +76096 +76854 57 5 1
a contact +76096 +76854 5 57 1
a contact +110860 +111613 57 5 1
a contact +110860 +111613 5 57 1
a contact +116789 +117698 57 5 1
a contact +116789 +117698 5 57 1
a contact +123011 +123686 57 5 1
a contact +123011 +123686 5 57 1
a contact +148500 +148904 57 5 1
a contact +148500 +148904 5 57 1
a contact +154415 +155278 57 5 1
a contact +154415 +155278 5 57 1
a contact +160467 +161306 57 5 1
a contact +160467 +161306 5 57 1
a contact +166704 +166958 57 5 1
a contact +166704 +166958 5 57 1
a contact +195351 +195966 57 5 1
a contact +195351 +195966 5 57 1
a contact +201187 +202089 57 5 1
a contact +201187 +202089 5 57 1
a contact +207316 +208109 57 5 1
a contact +207316 +208109 5 57 1
a contact +238823 +239621 57 5 1
a contact +238823 +239621 5 57 1
a contact +244849 +245732 57 5 1
a contact +244849 +245732 5 57 1
a contact +250986 +251542 57 5 1
a contact +250986 +251542 5 57 1
a contact +279903 +280277 57 5 1
a contact +279903 +280277 5 57 1
a contact +285607 +286473 57 5 1
a contact +285607 +286473 5 57 1
a contact +291653 +292519 57 5 1
a contact +291653 +292519 5 57 1
a contact +298062 +298415 57 5 1
a contact +298062 +298415 5 57 1
a contact +323243 +323934 57 5 1
a contact +323243 +323934 5 57 1
a contact +329239 +330134 57 5 1
a contact +329239 +330134 5 57 1
a contact +335332 +336044 57 5 1
a contact +335332 +336044 5 57 1
a contact +370053 +370847 57 5 1
a contact +370053 +370847 5 57 1
a contact +376018 +376920 57 5 1
a contact +376018 +376920 5 57 1
a contact +382283 +382891 57 5 1
a contact +382283 +382891 5 57 1
a contact +407687 +408202 57 5 1
a contact +407687 +408202 5 57 1
a contact +413635 +414514 57 5 1
a contact +413635 +414514 5 57 1
a contact +419698 +420509 57 5 1
a contact +419698 +420509 5 57 1
a contact +454529 +455209 57 5 1
a contact +454529 +455209 5 57 1
a contact +460405 +461314 57 5 1
a contact +460405 +461314 5 57 1
a contact +466571 +467322 57 5 1
a contact +466571 +467322 5 57 1
a contact +492248 +492329 57 5 1
a contact +492248 +492329 5 57 1
a contact +498039 +498868 57 5 1
a contact +498039 +498868 5 57 1
a contact +504076 +504945 57 5 1
a contact +504076 +504945 5 57 1
a contact +510241 +510703 57 5 1
a contact +510241 +510703 5 57 1
a contact +539049 +539543 57 5 1
a contact +539049 +539543 5 57 1
a contact +544816 +545701 57 5 1
a contact +544816 +545701 5 57 1
a contact +550896 +551737 57 5 1
a contact +550896 +551737 5 57 1
a contact +557431 +557537 57 5 1
a contact +557431 +557537 5 57 1
a contact +582453 +583194 57 5 1
a contact +582453 +583194 5 57 1
a contact +588463 +589357 57 5 1
a contact +588463 +589357 5 57 1
a contact +594571 +595228 57 5 1
a contact +594571 +595228 5 57 1
a contact +29297 +30087 57 7 1
a contact +29297 +30087 7 57 1
a contact +35288 +36151 57 7 1
a contact +35288 +36151 7 57 1
a contact +41825 +41871 57 7 1
a contact +41825 +41871 7 57 1
a contact +67296 +67715 57 7 1
a contact +67296 +67715 7 57 1
a contact +73170 +74068 57 7 1
a contact +73170 +74068 7 57 1
a contact +79255 +80014 57 7 1
a contact +79255 +80014 7 57 1
a contact +113778 +114437 57 7 1
a contact +113778 +114437 7 57 1
a contact +119662 +120554 57 7 1
a contact +119662 +120554 7 57 1
a contact +125922 +126485 57 7 1
a contact +125922 +126485 7 57 1
a contact +157580 +158426 57 7 1
a contact +157580 +158426 7 57 1
a contact +163619 +164472 57 7 1
a contact +163619 +164472 7 57 1
a contact +198325 +198739 57 7 1
a contact +198325 +198739 7 57 1
a contact +204064 +204944 57 7 1
a contact +204064 +204944 7 57 1
a contact +210200 +210941 57 7 1
a contact +210200 +210941 7 57 1
a contact +242008 +242748 57 7 1
a contact +242008 +242748 7 57 1
a contact +247998 +248899 57 7 1
a contact +247998 +248899 7 57 1
a contact +254181 +254668 57 7 1
a contact +254181 +254668 7 57 1
a contact +288495 +289321 57 7 1
a contact +288495 +289321 7 57 1
a contact +294528 +295366 57 7 1
a contact +294528 +295366 7 57 1
a contact +326469 +327018 57 7 1
a contact +326469 +327018 7 57 1
a contact +332391 +333297 57 7 1
a contact +332391 +333297 7 57 1
a contact +338498 +339198 57 7 1
a contact +338498 +339198 7 57 1
a contact +372959 +373681 57 7 1
a contact +372959 +373681 7 57 1
a contact +378890 +379775 57 7 1
a contact +378890 +379775 7 57 1
a contact +385219 +385663 57 7 1
a contact +385219 +385663 7 57 1
a contact +416795 +417667 57 7 1
a contact +416795 +417667 7 57 1
a contact +422852 +423673 57 7 1
a contact +422852 +423673 7 57 1
a contact +457472 +458010 57 7 1
a contact +457472 +458010 7 57 1
a contact +463281 +464170 57 7 1
a contact +463281 +464170 7 57 1
a contact +469463 +470143 57 7 1
a contact +469463 +470143 7 57 1
a contact +501214 +502005 57 7 1
a contact +501214 +502005 7 57 1
a contact +507226 +508112 57 7 1
a contact +507226 +508112 7 57 1
a contact +513466 +513799 57 7 1
a contact +513466 +513799 7 57 1
a contact +547699 +548553 57 7 1
a contact +547699 +548553 7 57 1
a contact +553773 +554579 57 7 1
a contact +553773 +554579 7 57 1
a contact +585658 +586301 57 7 1
a contact +585658 +586301 7 57 1
a contact +591613 +592521 57 7 1
a contact +591613 +592521 7 57 1
a contact +597746 +598374 57 7 1
a contact +597746 +598374 7 57 1
a contact +4765 +5547 57 9 1
a contact +4765 +5547 9 57 1
a contact +10785 +11584 57 9 1
a contact +10785 +11584 9 57 1
a contact +49479 +50376 57 9 1
a contact +49479 +50376 9 57 1
a contact +55642 +56241 57 9 1
a contact +55642 +56241 9 57 1
a contact +89265 +89860 57 9 1
a contact +89265 +89860 9 57 1
a contact +95141 +96015 57 9 1
a contact +95141 +96015 9 57 1
a contact +133906 +134736 57 9 1
a contact +133906 +134736 9 57 1
a contact +139952 +140745 57 9 1
a contact +139952 +140745 9 57 1
a contact +179534 +180415 57 9 1
a contact +179534 +180415 9 57 1
a contact +185767 +186274 57 9 1
a contact +185767 +186274 9 57 1
a contact +218375 +219048 57 9 1
a contact +218375 +219048 9 57 1
a contact +224310 +225192 57 9 1
a contact +224310 +225192 9 57 1
a contact +263962 +264788 57 9 1
a contact +263962 +264788 9 57 1
a contact +270036 +270781 57 9 1
a contact +270036 +270781 9 57 1
a contact +302955 +303241 57 9 1
a contact +302955 +303241 9 57 1
a contact +308697 +309602 57 9 1
a contact +308697 +309602 9 57 1
a contact +314929 +315387 57 9 1
a contact +314929 +315387 9 57 1
a contact +348435 +349124 57 9 1
a contact +348435 +349124 9 57 1
a contact +354375 +355227 57 9 1
a contact +354375 +355227 9 57 1
a contact +393112 +393978 57 9 1
a contact +393112 +393978 9 57 1
a contact +399202 +399931 57 9 1
a contact +399202 +399931 9 57 1
a contact +432999 +433378 57 9 1
a contact +432999 +433378 9 57 1
a contact +438753 +439639 57 9 1
a contact +438753 +439639 9 57 1
a contact +445094 +445399 57 9 1
a contact +445094 +445399 9 57 1
a contact +477560 +478313 57 9 1
a contact +477560 +478313 9 57 1
a contact +483544 +484398 57 9 1
a contact +483544 +484398 9 57 1
a contact +523166 +524023 57 9 1
a contact +523166 +524023 9 57 1
a contact +529299 +529968 57 9 1
a contact +529299 +529968 9 57 1
a contact +562073 +562576 57 9 1
a contact +562073 +562576 9 57 1
a contact +567919 +568823 57 9 1
a contact +567919 +568823 9 57 1
a contact +574276 +574469 57 9 1
a contact +574276 +574469 9 57 1
a contact +2040 +2884 57 11 1
a contact +2040 +2884 11 57 1
a contact +34290 +34674 57 11 1
a contact +34290 +34674 11 57 1
a contact +40132 +41019 57 11 1
a contact +40132 +41019 11 57 1
a contact +46256 +46905 57 11 1
a contact +46256 +46905 11 57 1
a contact +80485 +81192 57 11 1
a contact +80485 +81192 11 57 1
a contact +86399 +87298 57 11 1
a contact +86399 +87298 11 57 1
a contact +92793 +93104 57 11 1
a contact +92793 +93104 11 57 1
a contact +124543 +125385 57 11 1
a contact +124543 +125385 11 57 1
a contact +130598 +131391 57 11 1
a contact +130598 +131391 11 57 1
a contact +165024 +165493 57 11 1
a contact +165024 +165493 11 57 1
a contact +170790 +171695 57 11 1
a contact +170790 +171695 11 57 1
a contact +176989 +177640 57 11 1
a contact +176989 +177640 11 57 1
a contact +208976 +209713 57 11 1
a contact +208976 +209713 11 57 1
a contact +214966 +215833 57 11 1
a contact +214966 +215833 11 57 1
a contact +255212 +256076 57 11 1
a contact +255212 +256076 11 57 1
a contact +261287 +262092 57 11 1
a contact +261287 +262092 11 57 1
a contact +293450 +293983 57 11 1
a contact +293450 +293983 11 57 1
a contact +299353 +300244 57 11 1
a contact +299353 +300244 11 57 1
a contact +305515 +306072 57 11 1
a contact +305515 +306072 11 57 1
a contact +339669 +340436 57 11 1
a contact +339669 +340436 11 57 1
a contact +345632 +346515 57 11 1
a contact +345632 +346515 11 57 1
a contact +383757 +384623 57 11 1
a contact +383757 +384623 11 57 1
a contact +389838 +390582 57 11 1
a contact +389838 +390582 11 57 1
a contact +424175 +424764 57 11 1
a contact +424175 +424764 11 57 1
a contact +430011 +430918 57 11 1
a contact +430011 +430918 11 57 1
a contact +436273 +436822 57 11 1
a contact +436273 +436822 11 57 1
a contact +468179 +468968 57 11 1
a contact +468179 +468968 11 57 1
a contact +474197 +475040 57 11 1
a contact +474197 +475040 11 57 1
a contact +508837 +508954 57 11 1
a contact +508837 +508954 11 57 1
a contact +514420 +515306 57 11 1
a contact +514420 +515306 11 57 1
a contact +520543 +521295 57 11 1
a contact +520543 +521295 11 57 1
a contact +552632 +553267 57 11 1
a contact +552632 +553267 11 57 1
a contact +558577 +559463 57 11 1
a contact +558577 +559463 11 57 1
a contact +564789 +565218 57 11 1
a contact +564789 +565218 11 57 1
a contact +598861 +599676 57 11 1
a contact +598861 +599676 11 57 1
a contact +2446 +3241 58 3 1
a contact +2446 +3241 3 58 1
a contact +8605 +9414 58 3 1
a contact +8605 +9414 3 58 1
a contact +14719 +15585 58 3 1
a contact +14719 +15585 3 58 1
a contact +20797 +21701 58 3 1
a contact +20797 +21701 3 58 1
a contact +26851 +27736 58 3 1
a contact +26851 +27736 3 58 1
a contact +32886 +33682 58 3 1
a contact +32886 +33682 3 58 1
a contact +38895 +39558 58 3 1
a contact +38895 +39558 3 58 1
a contact +44857 +45411 58 3 1
a contact +44857 +45411 3 58 1
a contact +50746 +51314 58 3 1
a contact +50746 +51314 3 58 1
a contact +56596 +57289 58 3 1
a contact +56596 +57289 3 58 1
a contact +62481 +63304 58 3 1
a contact +62481 +63304 3 58 1
a contact +68443 +69342 58 3 1
a contact +68443 +69342 3 58 1
a contact +74492 +75399 58 3 1
a contact +74492 +75399 3 58 1
a contact +80622 +81482 58 3 1
a contact +80622 +81482 3 58 1
a contact +86799 +87603 58 3 1
a contact +86799 +87603 3 58 1
a contact +92969 +93767 58 3 1
a contact +92969 +93767 3 58 1
a contact +99096 +99944 58 3 1
a contact +99096 +99944 3 58 1
a contact +105183 +106081 58 3 1
a contact +105183 +106081 3 58 1
a contact +111243 +112141 58 3 1
a contact +111243 +112141 3 58 1
a contact +117284 +118112 58 3 1
a contact +117284 +118112 3 58 1
a contact +123302 +124005 58 3 1
a contact +123302 +124005 3 58 1
a contact +129281 +129858 58 3 1
a contact +129281 +129858 3 58 1
a contact +135192 +135740 58 3 1
a contact +135192 +135740 3 58 1
a contact +141046 +141696 58 3 1
a contact +141046 +141696 3 58 1
a contact +146914 +147702 58 3 1
a contact +146914 +147702 3 58 1
a contact +152851 +153735 58 3 1
a contact +152851 +153735 3 58 1
a contact +158875 +159786 58 3 1
a contact +158875 +159786 3 58 1
a contact +164983 +165860 58 3 1
a contact +164983 +165860 3 58 1
a contact +171151 +171969 58 3 1
a contact +171151 +171969 3 58 1
a contact +177328 +178121 58 3 1
a contact +177328 +178121 3 58 1
a contact +183469 +184300 58 3 1
a contact +183469 +184300 3 58 1
a contact +189567 +190454 58 3 1
a contact +189567 +190454 3 58 1
a contact +195634 +196538 58 3 1
a contact +195634 +196538 3 58 1
a contact +201680 +202536 58 3 1
a contact +201680 +202536 3 58 1
a contact +207705 +208449 58 3 1
a contact +207705 +208449 3 58 1
a contact +213699 +214307 58 3 1
a contact +213699 +214307 3 58 1
a contact +219632 +220173 58 3 1
a contact +219632 +220173 3 58 1
a contact +225496 +226109 58 3 1
a contact +225496 +226109 3 58 1
a contact +231353 +232103 58 3 1
a contact +231353 +232103 3 58 1
a contact +237267 +238129 58 3 1
a contact +237267 +238129 3 58 1
a contact +243264 +244175 58 3 1
a contact +243264 +244175 3 58 1
a contact +249350 +250242 58 3 1
a contact +249350 +250242 3 58 1
a contact +255505 +256339 58 3 1
a contact +255505 +256339 3 58 1
a contact +261685 +262478 58 3 1
a contact +261685 +262478 3 58 1
a contact +267839 +268654 58 3 1
a contact +267839 +268654 3 58 1
a contact +273948 +274820 58 3 1
a contact +273948 +274820 3 58 1
a contact +280023 +280928 58 3 1
a contact +280023 +280928 3 58 1
a contact +286074 +286952 58 3 1
a contact +286074 +286952 3 58 1
a contact +292106 +292888 58 3 1
a contact +292106 +292888 3 58 1
a contact +298112 +298758 58 3 1
a contact +298112 +298758 3 58 1
a contact +304066 +304613 58 3 1
a contact +304066 +304613 3 58 1
a contact +309946 +310526 58 3 1
a contact +309946 +310526 3 58 1
a contact +315797 +316507 58 3 1
a contact +315797 +316507 3 58 1
a contact +321690 +322525 58 3 1
a contact +321690 +322525 3 58 1
a contact +327662 +328566 58 3 1
a contact +327662 +328566 3 58 1
a contact +333722 +334626 58 3 1
a contact +333722 +334626 3 58 1
a contact +339860 +340712 58 3 1
a contact +339860 +340712 3 58 1
a contact +346039 +346839 58 3 1
a contact +346039 +346839 3 58 1
a contact +352204 +353007 58 3 1
a contact +352204 +353007 3 58 1
a contact +358326 +359182 58 3 1
a contact +358326 +359182 3 58 1
a contact +364410 +365310 58 3 1
a contact +364410 +365310 3 58 1
a contact +370467 +371360 58 3 1
a contact +370467 +371360 3 58 1
a contact +376505 +377321 58 3 1
a contact +376505 +377321 3 58 1
a contact +382520 +383206 58 3 1
a contact +382520 +383206 3 58 1
a contact +388493 +389058 58 3 1
a contact +388493 +389058 3 58 1
a contact +394394 +394949 58 3 1
a contact +394394 +394949 3 58 1
a contact +400245 +400913 58 3 1
a contact +400245 +400913 3 58 1
a contact +406120 +406923 58 3 1
a contact +406120 +406923 3 58 1
a contact +412067 +412958 58 3 1
a contact +412067 +412958 3 58 1
a contact +418102 +419012 58 3 1
a contact +418102 +419012 3 58 1
a contact +424219 +425089 58 3 1
a contact +424219 +425089 3 58 1
a contact +430391 +431203 58 3 1
a contact +430391 +431203 3 58 1
a contact +436566 +437360 58 3 1
a contact +436566 +437360 3 58 1
a contact +442701 +443539 58 3 1
a contact +442701 +443539 3 58 1
a contact +448794 +449686 58 3 1
a contact +448794 +449686 3 58 1
a contact +454858 +455760 58 3 1
a contact +454858 +455760 3 58 1
a contact +460902 +461747 58 3 1
a contact +460902 +461747 3 58 1
a contact +466925 +467652 58 3 1
a contact +466925 +467652 3 58 1
a contact +472913 +473507 58 3 1
a contact +472913 +473507 3 58 1
a contact +478837 +479379 58 3 1
a contact +478837 +479379 3 58 1
a contact +484696 +485323 58 3 1
a contact +484696 +485323 3 58 1
a contact +490557 +491323 58 3 1
a contact +490557 +491323 3 58 1
a contact +496479 +497352 58 3 1
a contact +496479 +497352 3 58 1
a contact +502488 +503400 58 3 1
a contact +502488 +503400 3 58 1
a contact +508583 +509469 58 3 1
a contact +508583 +509469 3 58 1
a contact +514744 +515571 58 3 1
a contact +514744 +515571 3 58 1
a contact +520924 +521716 58 3 1
a contact +520924 +521716 3 58 1
a contact +527072 +527893 58 3 1
a contact +527072 +527893 3 58 1
a contact +533176 +534055 58 3 1
a contact +533176 +534055 3 58 1
a contact +539248 +540153 58 3 1
a contact +539248 +540153 3 58 1
a contact +545297 +546166 58 3 1
a contact +545297 +546166 3 58 1
a contact +551326 +552093 58 3 1
a contact +551326 +552093 3 58 1
a contact +557327 +557957 58 3 1
a contact +557327 +557957 3 58 1
a contact +563273 +563816 58 3 1
a contact +563273 +563816 3 58 1
a contact +569146 +569738 58 3 1
a contact +569146 +569738 3 58 1
a contact +574999 +575725 58 3 1
a contact +574999 +575725 3 58 1
a contact +580900 +581747 58 3 1
a contact +580900 +581747 3 58 1
a contact +586882 +587790 58 3 1
a contact +586882 +587790 3 58 1
a contact +592953 +593852 58 3 1
a contact +592953 +593852 3 58 1
a contact +599098 +599943 58 3 1
a contact +599098 +599943 3 58 1
a contact +25870 +26688 58 5 1
a contact +25870 +26688 5 58 1
a contact +31858 +32753 58 5 1
a contact +31858 +32753 5 58 1
a contact +38156 +38710 58 5 1
a contact +38156 +38710 5 58 1
a contact +63504 +64077 58 5 1
a contact +63504 +64077 5 58 1
a contact +69468 +70354 58 5 1
a contact +69468 +70354 5 58 1
a contact +75539 +76326 58 5 1
a contact +75539 +76326 5 58 1
a contact +110337 +111054 58 5 1
a contact +110337 +111054 5 58 1
a contact +116239 +117149 58 5 1
a contact +116239 +117149 5 58 1
a contact +122430 +123149 58 5 1
a contact +122430 +123149 5 58 1
a contact +147994 +148281 58 5 1
a contact +147994 +148281 5 58 1
a contact +153870 +154716 58 5 1
a contact +153870 +154716 5 58 1
a contact +159914 +160770 58 5 1
a contact +159914 +160770 5 58 1
a contact +166105 +166486 58 5 1
a contact +166105 +166486 5 58 1
a contact +194842 +195398 58 5 1
a contact +194842 +195398 5 58 1
a contact +200643 +201538 58 5 1
a contact +200643 +201538 5 58 1
a contact +206746 +207567 58 5 1
a contact +206746 +207567 5 58 1
a contact +238281 +239051 58 5 1
a contact +238281 +239051 5 58 1
a contact +244298 +245188 58 5 1
a contact +244298 +245188 5 58 1
a contact +250419 +251032 58 5 1
a contact +250419 +251032 5 58 1
a contact +279434 +279675 58 5 1
a contact +279434 +279675 5 58 1
a contact +285071 +285919 58 5 1
a contact +285071 +285919 5 58 1
a contact +291093 +291973 58 5 1
a contact +291093 +291973 5 58 1
a contact +297448 +297901 58 5 1
a contact +297448 +297901 5 58 1
a contact +322706 +323352 58 5 1
a contact +322706 +323352 5 58 1
a contact +328690 +329583 58 5 1
a contact +328690 +329583 5 58 1
a contact +334773 +335521 58 5 1
a contact +334773 +335521 5 58 1
a contact +369526 +370290 58 5 1
a contact +369526 +370290 5 58 1
a contact +375464 +376372 58 5 1
a contact +375464 +376372 5 58 1
a contact +381696 +382356 58 5 1
a contact +381696 +382356 5 58 1
a contact +407164 +407599 58 5 1
a contact +407164 +407599 5 58 1
a contact +413088 +413955 58 5 1
a contact +413088 +413955 5 58 1
a contact +419143 +419975 58 5 1
a contact +419143 +419975 5 58 1
a contact +425404 +425597 58 5 1
a contact +425404 +425597 5 58 1
a contact +454013 +454645 58 5 1
a contact +454013 +454645 5 58 1
a contact +459859 +460764 58 5 1
a contact +459859 +460764 5 58 1
a contact +465997 +466781 58 5 1
a contact +465997 +466781 5 58 1
a contact +497495 +498302 58 5 1
a contact +497495 +498302 5 58 1
a contact +503524 +504404 58 5 1
a contact +503524 +504404 5 58 1
a contact +509667 +510202 58 5 1
a contact +509667 +510202 5 58 1
a contact +538555 +538964 58 5 1
a contact +538555 +538964 5 58 1
a contact +544277 +545148 58 5 1
a contact +544277 +545148 5 58 1
a contact +550332 +551192 58 5 1
a contact +550332 +551192 5 58 1
a contact +556762 +557074 58 5 1
a contact +556762 +557074 5 58 1
a contact +581914 +582618 58 5 1
a contact +581914 +582618 5 58 1
a contact +587913 +588809 58 5 1
a contact +587913 +588809 5 58 1
a contact +594009 +594709 58 5 1
a contact +594009 +594709 5 58 1
a contact +28770 +29527 58 7 1
a contact +28770 +29527 7 58 1
a contact +34730 +35606 58 7 1
a contact +34730 +35606 7 58 1
a contact +41121 +41451 58 7 1
a contact +41121 +41451 7 58 1
a contact +66810 +67078 58 7 1
a contact +66810 +67078 7 58 1
a contact +72625 +73511 58 7 1
a contact +72625 +73511 7 58 1
a contact +78695 +79489 58 7 1
a contact +78695 +79489 7 58 1
a contact +113267 +113867 58 7 1
a contact +113267 +113867 7 58 1
a contact +119113 +120005 58 7 1
a contact +119113 +120005 7 58 1
a contact +125330 +125960 58 7 1
a contact +125330 +125960 7 58 1
a contact +157040 +157859 58 7 1
a contact +157040 +157859 7 58 1
a contact +163064 +163936 58 7 1
a contact +163064 +163936 7 58 1
a contact +169386 +169525 58 7 1
a contact +169386 +169525 7 58 1
a contact +197857 +198133 58 7 1
a contact +197857 +198133 7 58 1
a contact +203524 +204392 58 7 1
a contact +203524 +204392 7 58 1
a contact +209626 +210404 58 7 1
a contact +209626 +210404 7 58 1
a contact +241475 +242168 58 7 1
a contact +241475 +242168 7 58 1
a contact +247448 +248354 58 7 1
a contact +247448 +248354 7 58 1
a contact +253601 +254170 58 7 1
a contact +253601 +254170 7 58 1
a contact +287964 +288764 58 7 1
a contact +287964 +288764 7 58 1
a contact +293966 +294823 58 7 1
a contact +293966 +294823 7 58 1
a contact +325955 +326412 58 7 1
a contact +325955 +326412 7 58 1
a contact +331844 +332744 58 7 1
a contact +331844 +332744 7 58 1
a contact +337934 +338679 58 7 1
a contact +337934 +338679 7 58 1
a contact +372441 +373117 58 7 1
a contact +372441 +373117 7 58 1
a contact +378337 +379227 58 7 1
a contact +378337 +379227 7 58 1
a contact +384613 +385149 58 7 1
a contact +384613 +385149 7 58 1
a contact +416252 +417105 58 7 1
a contact +416252 +417105 7 58 1
a contact +422295 +423141 58 7 1
a contact +422295 +423141 7 58 1
a contact +456978 +457427 58 7 1
a contact +456978 +457427 7 58 1
a contact +462736 +463619 58 7 1
a contact +462736 +463619 7 58 1
a contact +468883 +469610 58 7 1
a contact +468883 +469610 7 58 1
a contact +500677 +501431 58 7 1
a contact +500677 +501431 7 58 1
a contact +506673 +507571 58 7 1
a contact +506673 +507571 7 58 1
a contact +512868 +513322 58 7 1
a contact +512868 +513322 7 58 1
a contact +547164 +547998 58 7 1
a contact +547164 +547998 7 58 1
a contact +553207 +554038 58 7 1
a contact +553207 +554038 7 58 1
a contact +585133 +585708 58 7 1
a contact +585133 +585708 7 58 1
a contact +591064 +591972 58 7 1
a contact +591064 +591972 7 58 1
a contact +597177 +597861 58 7 1
a contact +597177 +597861 7 58 1
a contact +4242 +4979 58 9 1
a contact +4242 +4979 9 58 1
a contact +10220 +11050 58 9 1
a contact +10220 +11050 9 58 1
a contact +48937 +49821 58 9 1
a contact +48937 +49821 9 58 1
a contact +55060 +55735 58 9 1
a contact +55060 +55735 9 58 1
a contact +88769 +89268 58 9 1
a contact +88769 +89268 9 58 1
a contact +94588 +95471 58 9 1
a contact +94588 +95471 9 58 1
a contact +133375 +134168 58 9 1
a contact +133375 +134168 9 58 1
a contact +139388 +140217 58 9 1
a contact +139388 +140217 9 58 1
a contact +178992 +179863 58 9 1
a contact +178992 +179863 9 58 1
a contact +185168 +185771 58 9 1
a contact +185168 +185771 9 58 1
a contact +217863 +218458 58 9 1
a contact +217863 +218458 9 58 1
a contact +223756 +224652 58 9 1
a contact +223756 +224652 9 58 1
a contact +263432 +264226 58 9 1
a contact +263432 +264226 9 58 1
a contact +269465 +270252 58 9 1
a contact +269465 +270252 9 58 1
a contact +308152 +309051 58 9 1
a contact +308152 +309051 9 58 1
a contact +314329 +314899 58 9 1
a contact +314329 +314899 9 58 1
a contact +347924 +348545 58 9 1
a contact +347924 +348545 9 58 1
a contact +353817 +354686 58 9 1
a contact +353817 +354686 9 58 1
a contact +392575 +393416 58 9 1
a contact +392575 +393416 9 58 1
a contact +398632 +399411 58 9 1
a contact +398632 +399411 9 58 1
a contact +432589 +432702 58 9 1
a contact +432589 +432702 9 58 1
a contact +438207 +439090 58 9 1
a contact +438207 +439090 9 58 1
a contact +444461 +444929 58 9 1
a contact +444461 +444929 9 58 1
a contact +477038 +477734 58 9 1
a contact +477038 +477734 9 58 1
a contact +482986 +483863 58 9 1
a contact +482986 +483863 9 58 1
a contact +522631 +523466 58 9 1
a contact +522631 +523466 9 58 1
a contact +528719 +529447 58 9 1
a contact +528719 +529447 9 58 1
a contact +561595 +561951 58 9 1
a contact +561595 +561951 9 58 1
a contact +567370 +568276 58 9 1
a contact +567370 +568276 9 58 1
a contact +573624 +574036 58 9 1
a contact +573624 +574036 9 58 1
a contact +1476 +2343 58 11 1
a contact +1476 +2343 11 58 1
a contact +33833 +34012 58 11 1
a contact +33833 +34012 11 58 1
a contact +39587 +40465 58 11 1
a contact +39587 +40465 11 58 1
a contact +45687 +46390 58 11 1
a contact +45687 +46390 11 58 1
a contact +79972 +80622 58 11 1
a contact +79972 +80622 11 58 1
a contact +85846 +86752 58 11 1
a contact +85846 +86752 11 58 1
a contact +92161 +92619 58 11 1
a contact +92161 +92619 11 58 1
a contact +124003 +124820 58 11 1
a contact +124003 +124820 11 58 1
a contact +130039 +130861 58 11 1
a contact +130039 +130861 11 58 1
a contact +164550 +164890 58 11 1
a contact +164550 +164890 11 58 1
a contact +170247 +171144 58 11 1
a contact +170247 +171144 11 58 1
a contact +176404 +177113 58 11 1
a contact +176404 +177113 11 58 1
a contact +208446 +209134 58 11 1
a contact +208446 +209134 11 58 1
a contact +214414 +215293 58 11 1
a contact +214414 +215293 11 58 1
a contact +220679 +220980 58 11 1
a contact +220679 +220980 11 58 1
a contact +254679 +255519 58 11 1
a contact +254679 +255519 11 58 1
a contact +260719 +261554 58 11 1
a contact +260719 +261554 11 58 1
a contact +292945 +293373 58 11 1
a contact +292945 +293373 11 58 1
a contact +298806 +299694 58 11 1
a contact +298806 +299694 11 58 1
a contact +304938 +305566 58 11 1
a contact +304938 +305566 11 58 1
a contact +339148 +339872 58 11 1
a contact +339148 +339872 11 58 1
a contact +345075 +345971 58 11 1
a contact +345075 +345971 11 58 1
a contact +351507 +351745 58 11 1
a contact +351507 +351745 11 58 1
a contact +383214 +384063 58 11 1
a contact +383214 +384063 11 58 1
a contact +389276 +390057 58 11 1
a contact +389276 +390057 11 58 1
a contact +423678 +424181 58 11 1
a contact +423678 +424181 11 58 1
a contact +429463 +430369 58 11 1
a contact +429463 +430369 11 58 1
a contact +435677 +436305 58 11 1
a contact +435677 +436305 11 58 1
a contact +467644 +468396 58 11 1
a contact +467644 +468396 11 58 1
a contact +473642 +474504 58 11 1
a contact +473642 +474504 11 58 1
a contact +513882 +514752 58 11 1
a contact +513882 +514752 11 58 1
a contact +519969 +520762 58 11 1
a contact +519969 +520762 11 58 1
a contact +552112 +552674 58 11 1
a contact +552112 +552674 11 58 1
a contact +558027 +558917 58 11 1
a contact +558027 +558917 11 58 1
a contact +564199 +564729 58 11 1
a contact +564199 +564729 11 58 1
a contact +598335 +599115 58 11 1
a contact +598335 +599115 11 58 1
a contact +604309 +604800 58 11 1
a contact +604309 +604800 11 58 1
a contact +1883 +2681 59 3 1
a contact +1883 +2681 3 59 1
a contact +8046 +8851 59 3 1
a contact +8046 +8851 3 59 1
a contact +14164 +15024 59 3 1
a contact +14164 +15024 3 59 1
a contact +20245 +21148 59 3 1
a contact +20245 +21148 3 59 1
a contact +26301 +27190 59 3 1
a contact +26301 +27190 3 59 1
a contact +32337 +33144 59 3 1
a contact +32337 +33144 3 59 1
a contact +38349 +39025 59 3 1
a contact +38349 +39025 3 59 1
a contact +44317 +44877 59 3 1
a contact +44317 +44877 3 59 1
a contact +50213 +50773 59 3 1
a contact +50213 +50773 3 59 1
a contact +56063 +56742 59 3 1
a contact +56063 +56742 3 59 1
a contact +61942 +62755 59 3 1
a contact +61942 +62755 3 59 1
a contact +67896 +68791 59 3 1
a contact +67896 +68791 3 59 1
a contact +73938 +74847 59 3 1
a contact +73938 +74847 3 59 1
a contact +80062 +80927 59 3 1
a contact +80062 +80927 3 59 1
a contact +86236 +87044 59 3 1
a contact +86236 +87044 3 59 1
a contact +92408 +93204 59 3 1
a contact +92408 +93204 3 59 1
a contact +98540 +99383 59 3 1
a contact +98540 +99383 3 59 1
a contact +104630 +105525 59 3 1
a contact +104630 +105525 3 59 1
a contact +110692 +111593 59 3 1
a contact +110692 +111593 3 59 1
a contact +116734 +117572 59 3 1
a contact +116734 +117572 3 59 1
a contact +122755 +123471 59 3 1
a contact +122755 +123471 3 59 1
a contact +128739 +129325 59 3 1
a contact +128739 +129325 3 59 1
a contact +134657 +135202 59 3 1
a contact +134657 +135202 3 59 1
a contact +140513 +141152 59 3 1
a contact +140513 +141152 3 59 1
a contact +146377 +147154 59 3 1
a contact +146377 +147154 3 59 1
a contact +152307 +153185 59 3 1
a contact +152307 +153185 3 59 1
a contact +158323 +159234 59 3 1
a contact +158323 +159234 3 59 1
a contact +164424 +165306 59 3 1
a contact +164424 +165306 3 59 1
a contact +170589 +171411 59 3 1
a contact +170589 +171411 3 59 1
a contact +176767 +177559 59 3 1
a contact +176767 +177559 3 59 1
a contact +182912 +183738 59 3 1
a contact +182912 +183738 3 59 1
a contact +189013 +189896 59 3 1
a contact +189013 +189896 3 59 1
a contact +195082 +195988 59 3 1
a contact +195082 +195988 3 59 1
a contact +201130 +201993 59 3 1
a contact +201130 +201993 3 59 1
a contact +207158 +207914 59 3 1
a contact +207158 +207914 3 59 1
a contact +213155 +213775 59 3 1
a contact +213155 +213775 3 59 1
a contact +219095 +219637 59 3 1
a contact +219095 +219637 3 59 1
a contact +224964 +225565 59 3 1
a contact +224964 +225565 3 59 1
a contact +230818 +231556 59 3 1
a contact +230818 +231556 3 59 1
a contact +236725 +237579 59 3 1
a contact +236725 +237579 3 59 1
a contact +242715 +243624 59 3 1
a contact +242715 +243624 3 59 1
a contact +248792 +249688 59 3 1
a contact +248792 +249688 3 59 1
a contact +254942 +255782 59 3 1
a contact +254942 +255782 3 59 1
a contact +261123 +261917 59 3 1
a contact +261123 +261917 3 59 1
a contact +267280 +268091 59 3 1
a contact +267280 +268091 3 59 1
a contact +273393 +274261 59 3 1
a contact +273393 +274261 3 59 1
a contact +279471 +280375 59 3 1
a contact +279471 +280375 3 59 1
a contact +285524 +286407 59 3 1
a contact +285524 +286407 3 59 1
a contact +291558 +292351 59 3 1
a contact +291558 +292351 3 59 1
a contact +297566 +298225 59 3 1
a contact +297566 +298225 3 59 1
a contact +303527 +304078 59 3 1
a contact +303527 +304078 3 59 1
a contact +309413 +309984 59 3 1
a contact +309413 +309984 3 59 1
a contact +315264 +315960 59 3 1
a contact +315264 +315960 3 59 1
a contact +321150 +321976 59 3 1
a contact +321150 +321976 3 59 1
a contact +327114 +328015 59 3 1
a contact +327114 +328015 3 59 1
a contact +333167 +334073 59 3 1
a contact +333167 +334073 3 59 1
a contact +339299 +340157 59 3 1
a contact +339299 +340157 3 59 1
a contact +345476 +346279 59 3 1
a contact +345476 +346279 3 59 1
a contact +351645 +352444 59 3 1
a contact +351645 +352444 3 59 1
a contact +357771 +358621 59 3 1
a contact +357771 +358621 3 59 1
a contact +363857 +364755 59 3 1
a contact +363857 +364755 3 59 1
a contact +369916 +370813 59 3 1
a contact +369916 +370813 3 59 1
a contact +375956 +376782 59 3 1
a contact +375956 +376782 3 59 1
a contact +381973 +382673 59 3 1
a contact +381973 +382673 3 59 1
a contact +387951 +388525 59 3 1
a contact +387951 +388525 3 59 1
a contact +393860 +394410 59 3 1
a contact +393860 +394410 3 59 1
a contact +399713 +400368 59 3 1
a contact +399713 +400368 3 59 1
a contact +405583 +406375 59 3 1
a contact +405583 +406375 3 59 1
a contact +411522 +412407 59 3 1
a contact +411522 +412407 3 59 1
a contact +417548 +418459 59 3 1
a contact +417548 +418459 3 59 1
a contact +423659 +424535 59 3 1
a contact +423659 +424535 3 59 1
a contact +429828 +430644 59 3 1
a contact +429828 +430644 3 59 1
a contact +436005 +436798 59 3 1
a contact +436005 +436798 3 59 1
a contact +442144 +442977 59 3 1
a contact +442144 +442977 3 59 1
a contact +448241 +449129 59 3 1
a contact +448241 +449129 3 59 1
a contact +454307 +455211 59 3 1
a contact +454307 +455211 3 59 1
a contact +460352 +461206 59 3 1
a contact +460352 +461206 3 59 1
a contact +466377 +467117 59 3 1
a contact +466377 +467117 3 59 1
a contact +472370 +472974 59 3 1
a contact +472370 +472974 3 59 1
a contact +478301 +478842 59 3 1
a contact +478301 +478842 3 59 1
a contact +484163 +484779 59 3 1
a contact +484163 +484779 3 59 1
a contact +490021 +490775 59 3 1
a contact +490021 +490775 3 59 1
a contact +495937 +496802 59 3 1
a contact +495937 +496802 3 59 1
a contact +501937 +502848 59 3 1
a contact +501937 +502848 3 59 1
a contact +508025 +508916 59 3 1
a contact +508025 +508916 3 59 1
a contact +514181 +515014 59 3 1
a contact +514181 +515014 3 59 1
a contact +520362 +521155 59 3 1
a contact +520362 +521155 3 59 1
a contact +526514 +527331 59 3 1
a contact +526514 +527331 3 59 1
a contact +532622 +533496 59 3 1
a contact +532622 +533496 3 59 1
a contact +538696 +539602 59 3 1
a contact +538696 +539602 3 59 1
a contact +544747 +545622 59 3 1
a contact +544747 +545622 3 59 1
a contact +550778 +551557 59 3 1
a contact +550778 +551557 3 59 1
a contact +556783 +557425 59 3 1
a contact +556783 +557425 3 59 1
a contact +562735 +563281 59 3 1
a contact +562735 +563281 3 59 1
a contact +568614 +569196 59 3 1
a contact +568614 +569196 3 59 1
a contact +574465 +575178 59 3 1
a contact +574465 +575178 3 59 1
a contact +580359 +581198 59 3 1
a contact +580359 +581198 3 59 1
a contact +586334 +587239 59 3 1
a contact +586334 +587239 3 59 1
a contact +592397 +593299 59 3 1
a contact +592397 +593299 3 59 1
a contact +598537 +599387 59 3 1
a contact +598537 +599387 3 59 1
a contact +604716 +604800 59 3 1
a contact +604716 +604800 3 59 1
a contact +25339 +26131 59 5 1
a contact +25339 +26131 5 59 1
a contact +31301 +32204 59 5 1
a contact +31301 +32204 5 59 1
a contact +37563 +38177 59 5 1
a contact +37563 +38177 5 59 1
a contact +62974 +63480 59 5 1
a contact +62974 +63480 5 59 1
a contact +68919 +69797 59 5 1
a contact +68919 +69797 5 59 1
a contact +74982 +75795 59 5 1
a contact +74982 +75795 5 59 1
a contact +109816 +110491 59 5 1
a contact +109816 +110491 5 59 1
a contact +115690 +116598 59 5 1
a contact +115690 +116598 5 59 1
a contact +121852 +122608 59 5 1
a contact +121852 +122608 5 59 1
a contact +153324 +154151 59 5 1
a contact +153324 +154151 5 59 1
a contact +159360 +160230 59 5 1
a contact +159360 +160230 5 59 1
a contact +165522 +165993 59 5 1
a contact +165522 +165993 5 59 1
a contact +194339 +194824 59 5 1
a contact +194339 +194824 5 59 1
a contact +200101 +200985 59 5 1
a contact +200101 +200985 5 59 1
a contact +206179 +207022 59 5 1
a contact +206179 +207022 5 59 1
a contact +212694 +212838 59 5 1
a contact +212694 +212838 5 59 1
a contact +237738 +238476 59 5 1
a contact +237738 +238476 5 59 1
a contact +243747 +244641 59 5 1
a contact +243747 +244641 5 59 1
a contact +249854 +250516 59 5 1
a contact +249854 +250516 5 59 1
a contact +284537 +285363 59 5 1
a contact +284537 +285363 5 59 1
a contact +290533 +291425 59 5 1
a contact +290533 +291425 5 59 1
a contact +296844 +297376 59 5 1
a contact +296844 +297376 5 59 1
a contact +322171 +322763 59 5 1
a contact +322171 +322763 5 59 1
a contact +328140 +329029 59 5 1
a contact +328140 +329029 5 59 1
a contact +334214 +334993 59 5 1
a contact +334214 +334993 5 59 1
a contact +369001 +369730 59 5 1
a contact +369001 +369730 5 59 1
a contact +374912 +375822 59 5 1
a contact +374912 +375822 5 59 1
a contact +381113 +381818 59 5 1
a contact +381113 +381818 5 59 1
a contact +406650 +406981 59 5 1
a contact +406650 +406981 5 59 1
a contact +412541 +413393 59 5 1
a contact +412541 +413393 5 59 1
a contact +418588 +419439 59 5 1
a contact +418588 +419439 5 59 1
a contact +424791 +425136 59 5 1
a contact +424791 +425136 5 59 1
a contact +453501 +454078 59 5 1
a contact +453501 +454078 5 59 1
a contact +459314 +460211 59 5 1
a contact +459314 +460211 5 59 1
a contact +465426 +466238 59 5 1
a contact +465426 +466238 5 59 1
a contact +496951 +497731 59 5 1
a contact +496951 +497731 5 59 1
a contact +502972 +503860 59 5 1
a contact +502972 +503860 5 59 1
a contact +509097 +509693 59 5 1
a contact +509097 +509693 5 59 1
a contact +538077 +538369 59 5 1
a contact +538077 +538369 5 59 1
a contact +543740 +544593 59 5 1
a contact +543740 +544593 5 59 1
a contact +549769 +550645 59 5 1
a contact +549769 +550645 5 59 1
a contact +556140 +556564 59 5 1
a contact +556140 +556564 5 59 1
a contact +581375 +582036 59 5 1
a contact +581375 +582036 5 59 1
a contact +587362 +588257 59 5 1
a contact +587362 +588257 5 59 1
a contact +593449 +594185 59 5 1
a contact +593449 +594185 5 59 1
a contact +28247 +28964 59 7 1
a contact +28247 +28964 7 59 1
a contact +34173 +35059 59 7 1
a contact +34173 +35059 7 59 1
a contact +40496 +40952 59 7 1
a contact +40496 +40952 7 59 1
a contact +72080 +72950 59 7 1
a contact +72080 +72950 7 59 1
a contact +78135 +78959 59 7 1
a contact +78135 +78959 7 59 1
a contact +112762 +113291 59 7 1
a contact +112762 +113291 7 59 1
a contact +118565 +119454 59 7 1
a contact +118565 +119454 7 59 1
a contact +124744 +125430 59 7 1
a contact +124744 +125430 7 59 1
a contact +156500 +157287 59 7 1
a contact +156500 +157287 7 59 1
a contact +162509 +163397 59 7 1
a contact +162509 +163397 7 59 1
a contact +168744 +169092 59 7 1
a contact +168744 +169092 7 59 1
a contact +202985 +203837 59 7 1
a contact +202985 +203837 7 59 1
a contact +209055 +209864 59 7 1
a contact +209055 +209864 7 59 1
a contact +240945 +241581 59 7 1
a contact +240945 +241581 7 59 1
a contact +246897 +247806 59 7 1
a contact +246897 +247806 7 59 1
a contact +253027 +253662 59 7 1
a contact +253027 +253662 7 59 1
a contact +287435 +288204 59 7 1
a contact +287435 +288204 7 59 1
a contact +293405 +294278 59 7 1
a contact +293405 +294278 7 59 1
a contact +299826 +300099 59 7 1
a contact +299826 +300099 7 59 1
a contact +325457 +325785 59 7 1
a contact +325457 +325785 7 59 1
a contact +331296 +332187 59 7 1
a contact +331296 +332187 7 59 1
a contact +337371 +338154 59 7 1
a contact +337371 +338154 7 59 1
a contact +371927 +372547 59 7 1
a contact +371927 +372547 7 59 1
a contact +377786 +378678 59 7 1
a contact +377786 +378678 7 59 1
a contact +384016 +384626 59 7 1
a contact +384016 +384626 7 59 1
a contact +415710 +416538 59 7 1
a contact +415710 +416538 7 59 1
a contact +421739 +422605 59 7 1
a contact +421739 +422605 7 59 1
a contact +456499 +456828 59 7 1
a contact +456499 +456828 7 59 1
a contact +462194 +463066 59 7 1
a contact +462194 +463066 7 59 1
a contact +468307 +469073 59 7 1
a contact +468307 +469073 7 59 1
a contact +500142 +500852 59 7 1
a contact +500142 +500852 7 59 1
a contact +506121 +507026 59 7 1
a contact +506121 +507026 7 59 1
a contact +512283 +512827 59 7 1
a contact +512283 +512827 7 59 1
a contact +546631 +547440 59 7 1
a contact +546631 +547440 7 59 1
a contact +552642 +553494 59 7 1
a contact +552642 +553494 7 59 1
a contact +584615 +585105 59 7 1
a contact +584615 +585105 7 59 1
a contact +590516 +591418 59 7 1
a contact +590516 +591418 7 59 1
a contact +596611 +597342 59 7 1
a contact +596611 +597342 7 59 1
a contact +3723 +4405 59 9 1
a contact +3723 +4405 9 59 1
a contact +9658 +10512 59 9 1
a contact +9658 +10512 9 59 1
a contact +48397 +49261 59 9 1
a contact +48397 +49261 9 59 1
a contact +54484 +55219 59 9 1
a contact +54484 +55219 9 59 1
a contact +88293 +88654 59 9 1
a contact +88293 +88654 9 59 1
a contact +94038 +94923 59 9 1
a contact +94038 +94923 9 59 1
a contact +100367 +100694 59 9 1
a contact +100367 +100694 9 59 1
a contact +132847 +133594 59 9 1
a contact +132847 +133594 9 59 1
a contact +138827 +139684 59 9 1
a contact +138827 +139684 9 59 1
a contact +178452 +179307 59 9 1
a contact +178452 +179307 9 59 1
a contact +184579 +185256 59 9 1
a contact +184579 +185256 9 59 1
a contact +217363 +217853 59 9 1
a contact +217363 +217853 9 59 1
a contact +223204 +224107 59 9 1
a contact +223204 +224107 9 59 1
a contact +229543 +229772 59 9 1
a contact +229543 +229772 9 59 1
a contact +262906 +263659 59 9 1
a contact +262906 +263659 9 59 1
a contact +268897 +269719 59 9 1
a contact +268897 +269719 9 59 1
a contact +307608 +308496 59 9 1
a contact +307608 +308496 9 59 1
a contact +313743 +314395 59 9 1
a contact +313743 +314395 9 59 1
a contact +347423 +347956 59 9 1
a contact +347423 +347956 9 59 1
a contact +353262 +354142 59 9 1
a contact +353262 +354142 9 59 1
a contact +392042 +392848 59 9 1
a contact +392042 +392848 9 59 1
a contact +398066 +398883 59 9 1
a contact +398066 +398883 9 59 1
a contact +437662 +438537 59 9 1
a contact +437662 +438537 9 59 1
a contact +443855 +444430 59 9 1
a contact +443855 +444430 9 59 1
a contact +476523 +477146 59 9 1
a contact +476523 +477146 9 59 1
a contact +482430 +483322 59 9 1
a contact +482430 +483322 9 59 1
a contact +522098 +522903 59 9 1
a contact +522098 +522903 9 59 1
a contact +528145 +528919 59 9 1
a contact +528145 +528919 9 59 1
a contact +566823 +567725 59 9 1
a contact +566823 +567725 9 59 1
a contact +573017 +573554 59 9 1
a contact +573017 +573554 9 59 1
a contact +915 +1800 59 11 1
a contact +915 +1800 11 59 1
a contact +39042 +39906 59 11 1
a contact +39042 +39906 11 59 1
a contact +45121 +45869 59 11 1
a contact +45121 +45869 11 59 1
a contact +79465 +80045 59 11 1
a contact +79465 +80045 11 59 1
a contact +85295 +86203 59 11 1
a contact +85295 +86203 11 59 1
a contact +91552 +92110 59 11 1
a contact +91552 +92110 11 59 1
a contact +123465 +124250 59 11 1
a contact +123465 +124250 11 59 1
a contact +129481 +130326 59 11 1
a contact +129481 +130326 11 59 1
a contact +164166 +164196 59 11 1
a contact +164166 +164196 11 59 1
a contact +169705 +170590 59 11 1
a contact +169705 +170590 11 59 1
a contact +175824 +176582 59 11 1
a contact +175824 +176582 11 59 1
a contact +207919 +208547 59 11 1
a contact +207919 +208547 11 59 1
a contact +213861 +214748 59 11 1
a contact +213861 +214748 11 59 1
a contact +220068 +220510 59 11 1
a contact +220068 +220510 11 59 1
a contact +254148 +254959 59 11 1
a contact +254148 +254959 11 59 1
a contact +260154 +261013 59 11 1
a contact +260154 +261013 11 59 1
a contact +292466 +292732 59 11 1
a contact +292466 +292732 11 59 1
a contact +298258 +299139 59 11 1
a contact +298258 +299139 11 59 1
a contact +304366 +305053 59 11 1
a contact +304366 +305053 11 59 1
a contact +338632 +339302 59 11 1
a contact +338632 +339302 11 59 1
a contact +344520 +345424 59 11 1
a contact +344520 +345424 11 59 1
a contact +350858 +351274 59 11 1
a contact +350858 +351274 11 59 1
a contact +382673 +383498 59 11 1
a contact +382673 +383498 11 59 1
a contact +388715 +389528 59 11 1
a contact +388715 +389528 11 59 1
a contact +423195 +423583 59 11 1
a contact +423195 +423583 11 59 1
a contact +428918 +429817 59 11 1
a contact +428918 +429817 11 59 1
a contact +435088 +435779 59 11 1
a contact +435088 +435779 11 59 1
a contact +467112 +467817 59 11 1
a contact +467112 +467817 11 59 1
a contact +473088 +473963 59 11 1
a contact +473088 +473963 11 59 1
a contact +479382 +479615 59 11 1
a contact +479382 +479615 11 59 1
a contact +513346 +514194 59 11 1
a contact +513346 +514194 11 59 1
a contact +519398 +520224 59 11 1
a contact +519398 +520224 11 59 1
a contact +551601 +552068 59 11 1
a contact +551601 +552068 11 59 1
a contact +557478 +558367 59 11 1
a contact +557478 +558367 11 59 1
a contact +563619 +564226 59 11 1
a contact +563619 +564226 11 59 1
a contact +597811 +598550 59 11 1
a contact +597811 +598550 11 59 1
a contact +603750 +604642 59 11 1
a contact +603750 +604642 11 59 1
a contact +1319 +2120 60 3 1
a contact +1319 +2120 3 60 1
a contact +7485 +8287 60 3 1
a contact +7485 +8287 3 60 1
a contact +13608 +14463 60 3 1
a contact +13608 +14463 3 60 1
a contact +19691 +20592 60 3 1
a contact +19691 +20592 3 60 1
a contact +25749 +26642 60 3 1
a contact +25749 +26642 3 60 1
a contact +31787 +32604 60 3 1
a contact +31787 +32604 3 60 1
a contact +37802 +38490 60 3 1
a contact +37802 +38490 3 60 1
a contact +43776 +44342 60 3 1
a contact +43776 +44342 3 60 1
a contact +49678 +50232 60 3 1
a contact +49678 +50232 3 60 1
a contact +55529 +56196 60 3 1
a contact +55529 +56196 3 60 1
a contact +61404 +62205 60 3 1
a contact +61404 +62205 3 60 1
a contact +67349 +68240 60 3 1
a contact +67349 +68240 3 60 1
a contact +73383 +74293 60 3 1
a contact +73383 +74293 3 60 1
a contact +79500 +80371 60 3 1
a contact +79500 +80371 3 60 1
a contact +85672 +86484 60 3 1
a contact +85672 +86484 3 60 1
a contact +91847 +92641 60 3 1
a contact +91847 +92641 3 60 1
a contact +97982 +98820 60 3 1
a contact +97982 +98820 3 60 1
a contact +104076 +104967 60 3 1
a contact +104076 +104967 3 60 1
a contact +110140 +111043 60 3 1
a contact +110140 +111043 3 60 1
a contact +116184 +117030 60 3 1
a contact +116184 +117030 3 60 1
a contact +122207 +122936 60 3 1
a contact +122207 +122936 3 60 1
a contact +128196 +128791 60 3 1
a contact +128196 +128791 3 60 1
a contact +134120 +134663 60 3 1
a contact +134120 +134663 3 60 1
a contact +139980 +140606 60 3 1
a contact +139980 +140606 3 60 1
a contact +145840 +146605 60 3 1
a contact +145840 +146605 3 60 1
a contact +151762 +152634 60 3 1
a contact +151762 +152634 3 60 1
a contact +157770 +158682 60 3 1
a contact +157770 +158682 3 60 1
a contact +163864 +164751 60 3 1
a contact +163864 +164751 3 60 1
a contact +170025 +170852 60 3 1
a contact +170025 +170852 3 60 1
a contact +176204 +176997 60 3 1
a contact +176204 +176997 3 60 1
a contact +182353 +183174 60 3 1
a contact +182353 +183174 3 60 1
a contact +188458 +189336 60 3 1
a contact +188458 +189336 3 60 1
a contact +194530 +195435 60 3 1
a contact +194530 +195435 3 60 1
a contact +200579 +201449 60 3 1
a contact +200579 +201449 3 60 1
a contact +206609 +207377 60 3 1
a contact +206609 +207377 3 60 1
a contact +212610 +213241 60 3 1
a contact +212610 +213241 3 60 1
a contact +218557 +219100 60 3 1
a contact +218557 +219100 3 60 1
a contact +224430 +225021 60 3 1
a contact +224430 +225021 3 60 1
a contact +230283 +231008 60 3 1
a contact +230283 +231008 3 60 1
a contact +236183 +237029 60 3 1
a contact +236183 +237029 3 60 1
a contact +242165 +243072 60 3 1
a contact +242165 +243072 3 60 1
a contact +248235 +249134 60 3 1
a contact +248235 +249134 3 60 1
a contact +254379 +255224 60 3 1
a contact +254379 +255224 3 60 1
a contact +260559 +261356 60 3 1
a contact +260559 +261356 3 60 1
a contact +266721 +267527 60 3 1
a contact +266721 +267527 3 60 1
a contact +272837 +273700 60 3 1
a contact +272837 +273700 3 60 1
a contact +278917 +279821 60 3 1
a contact +278917 +279821 3 60 1
a contact +284973 +285860 60 3 1
a contact +284973 +285860 3 60 1
a contact +291008 +291812 60 3 1
a contact +291008 +291812 3 60 1
a contact +297020 +297691 60 3 1
a contact +297020 +297691 3 60 1
a contact +302986 +303543 60 3 1
a contact +302986 +303543 3 60 1
a contact +308879 +309442 60 3 1
a contact +308879 +309442 3 60 1
a contact +314729 +315413 60 3 1
a contact +314729 +315413 3 60 1
a contact +320611 +321426 60 3 1
a contact +320611 +321426 3 60 1
a contact +326567 +327463 60 3 1
a contact +326567 +327463 3 60 1
a contact +332611 +333519 60 3 1
a contact +332611 +333519 3 60 1
a contact +338737 +339600 60 3 1
a contact +338737 +339600 3 60 1
a contact +344912 +345718 60 3 1
a contact +344912 +345718 3 60 1
a contact +351083 +351880 60 3 1
a contact +351083 +351880 3 60 1
a contact +357214 +358058 60 3 1
a contact +357214 +358058 3 60 1
a contact +363303 +364199 60 3 1
a contact +363303 +364199 3 60 1
a contact +369365 +370264 60 3 1
a contact +369365 +370264 3 60 1
a contact +375406 +376241 60 3 1
a contact +375406 +376241 3 60 1
a contact +381426 +382138 60 3 1
a contact +381426 +382138 3 60 1
a contact +387408 +387991 60 3 1
a contact +387408 +387991 3 60 1
a contact +393324 +393870 60 3 1
a contact +393324 +393870 3 60 1
a contact +399179 +399822 60 3 1
a contact +399179 +399822 3 60 1
a contact +405045 +405825 60 3 1
a contact +405045 +405825 3 60 1
a contact +410976 +411856 60 3 1
a contact +410976 +411856 3 60 1
a contact +416995 +417907 60 3 1
a contact +416995 +417907 3 60 1
a contact +423099 +423979 60 3 1
a contact +423099 +423979 3 60 1
a contact +429265 +430085 60 3 1
a contact +429265 +430085 3 60 1
a contact +435443 +436235 60 3 1
a contact +435443 +436235 3 60 1
a contact +441586 +442414 60 3 1
a contact +441586 +442414 3 60 1
a contact +447686 +448570 60 3 1
a contact +447686 +448570 3 60 1
a contact +453755 +454660 60 3 1
a contact +453755 +454660 3 60 1
a contact +459802 +460663 60 3 1
a contact +459802 +460663 3 60 1
a contact +465829 +466581 60 3 1
a contact +465829 +466581 3 60 1
a contact +471825 +472441 60 3 1
a contact +471825 +472441 3 60 1
a contact +477763 +478304 60 3 1
a contact +477763 +478304 3 60 1
a contact +483630 +484235 60 3 1
a contact +483630 +484235 3 60 1
a contact +489485 +490227 60 3 1
a contact +489485 +490227 3 60 1
a contact +495394 +496251 60 3 1
a contact +495394 +496251 3 60 1
a contact +501386 +502296 60 3 1
a contact +501386 +502296 3 60 1
a contact +507466 +508361 60 3 1
a contact +507466 +508361 3 60 1
a contact +513618 +514456 60 3 1
a contact +513618 +514456 3 60 1
a contact +519798 +520593 60 3 1
a contact +519798 +520593 3 60 1
a contact +525955 +526767 60 3 1
a contact +525955 +526767 3 60 1
a contact +532067 +532936 60 3 1
a contact +532067 +532936 3 60 1
a contact +538143 +539048 60 3 1
a contact +538143 +539048 3 60 1
a contact +544196 +545077 60 3 1
a contact +544196 +545077 3 60 1
a contact +550229 +551019 60 3 1
a contact +550229 +551019 3 60 1
a contact +556237 +556891 60 3 1
a contact +556237 +556891 3 60 1
a contact +562195 +562745 60 3 1
a contact +562195 +562745 3 60 1
a contact +568080 +568653 60 3 1
a contact +568080 +568653 3 60 1
a contact +573930 +574631 60 3 1
a contact +573930 +574631 3 60 1
a contact +579819 +580648 60 3 1
a contact +579819 +580648 3 60 1
a contact +585785 +586687 60 3 1
a contact +585785 +586687 3 60 1
a contact +591840 +592745 60 3 1
a contact +591840 +592745 3 60 1
a contact +597974 +598830 60 3 1
a contact +597974 +598830 3 60 1
a contact +604152 +604800 60 3 1
a contact +604152 +604800 3 60 1
a contact +24811 +25571 60 5 1
a contact +24811 +25571 5 60 1
a contact +30746 +31654 60 5 1
a contact +30746 +31654 5 60 1
a contact +36975 +37640 60 5 1
a contact +36975 +37640 5 60 1
a contact +62449 +62874 60 5 1
a contact +62449 +62874 5 60 1
a contact +68371 +69236 60 5 1
a contact +68371 +69236 5 60 1
a contact +74425 +75259 60 5 1
a contact +74425 +75259 5 60 1
a contact +80676 +80892 60 5 1
a contact +80676 +80892 5 60 1
a contact +109299 +109926 60 5 1
a contact +109299 +109926 5 60 1
a contact +115142 +116045 60 5 1
a contact +115142 +116045 5 60 1
a contact +121277 +122064 60 5 1
a contact +121277 +122064 5 60 1
a contact +152778 +153582 60 5 1
a contact +152778 +153582 5 60 1
a contact +158806 +159687 60 5 1
a contact +158806 +159687 5 60 1
a contact +164947 +165489 60 5 1
a contact +164947 +165489 5 60 1
a contact +193844 +194242 60 5 1
a contact +193844 +194242 5 60 1
a contact +199561 +200430 60 5 1
a contact +199561 +200430 5 60 1
a contact +205612 +206475 60 5 1
a contact +205612 +206475 5 60 1
a contact +212035 +212362 60 5 1
a contact +212035 +212362 5 60 1
a contact +237197 +237896 60 5 1
a contact +237197 +237896 5 60 1
a contact +243195 +244091 60 5 1
a contact +243195 +244091 5 60 1
a contact +249290 +249994 60 5 1
a contact +249290 +249994 5 60 1
a contact +284005 +284805 60 5 1
a contact +284005 +284805 5 60 1
a contact +289975 +290876 60 5 1
a contact +289975 +290876 5 60 1
a contact +296248 +296843 60 5 1
a contact +296248 +296843 5 60 1
a contact +321638 +322168 60 5 1
a contact +321638 +322168 5 60 1
a contact +327591 +328471 60 5 1
a contact +327591 +328471 5 60 1
a contact +333656 +334461 60 5 1
a contact +333656 +334461 5 60 1
a contact +368478 +369168 60 5 1
a contact +368478 +369168 5 60 1
a contact +374361 +375270 60 5 1
a contact +374361 +375270 5 60 1
a contact +380533 +381277 60 5 1
a contact +380533 +381277 5 60 1
a contact +406169 +406328 60 5 1
a contact +406169 +406328 5 60 1
a contact +411994 +412828 60 5 1
a contact +411994 +412828 5 60 1
a contact +418033 +418899 60 5 1
a contact +418033 +418899 5 60 1
a contact +424203 +424647 60 5 1
a contact +424203 +424647 5 60 1
a contact +452995 +453505 60 5 1
a contact +452995 +453505 5 60 1
a contact +458770 +459658 60 5 1
a contact +458770 +459658 5 60 1
a contact +464856 +465692 60 5 1
a contact +464856 +465692 5 60 1
a contact +496408 +497156 60 5 1
a contact +496408 +497156 5 60 1
a contact +502419 +503312 60 5 1
a contact +502419 +503312 5 60 1
a contact +508530 +509177 60 5 1
a contact +508530 +509177 5 60 1
a contact +537682 +537690 60 5 1
a contact +537682 +537690 5 60 1
a contact +543204 +544037 60 5 1
a contact +543204 +544037 5 60 1
a contact +549208 +550097 60 5 1
a contact +549208 +550097 5 60 1
a contact +555532 +556040 60 5 1
a contact +555532 +556040 5 60 1
a contact +580838 +581448 60 5 1
a contact +580838 +581448 5 60 1
a contact +586812 +587702 60 5 1
a contact +586812 +587702 5 60 1
a contact +592888 +593658 60 5 1
a contact +592888 +593658 5 60 1
a contact +27727 +28397 60 7 1
a contact +27727 +28397 7 60 1
a contact +33619 +34510 60 7 1
a contact +33619 +34510 7 60 1
a contact +39889 +40435 60 7 1
a contact +39889 +40435 7 60 1
a contact +71535 +72385 60 7 1
a contact +71535 +72385 7 60 1
a contact +77577 +78425 60 7 1
a contact +77577 +78425 7 60 1
a contact +112267 +112705 60 7 1
a contact +112267 +112705 7 60 1
a contact +118019 +118901 60 7 1
a contact +118019 +118901 7 60 1
a contact +124162 +124894 60 7 1
a contact +124162 +124894 7 60 1
a contact +155961 +156711 60 7 1
a contact +155961 +156711 7 60 1
a contact +161955 +162853 60 7 1
a contact +161955 +162853 7 60 1
a contact +168145 +168611 60 7 1
a contact +168145 +168611 7 60 1
a contact +202448 +203279 60 7 1
a contact +202448 +203279 7 60 1
a contact +208487 +209321 60 7 1
a contact +208487 +209321 7 60 1
a contact +240418 +240985 60 7 1
a contact +240418 +240985 7 60 1
a contact +246346 +247254 60 7 1
a contact +246346 +247254 7 60 1
a contact +252457 +253147 60 7 1
a contact +252457 +253147 7 60 1
a contact +286909 +287640 60 7 1
a contact +286909 +287640 7 60 1
a contact +292847 +293730 60 7 1
a contact +292847 +293730 7 60 1
a contact +299190 +299609 60 7 1
a contact +299190 +299609 7 60 1
a contact +330750 +331626 60 7 1
a contact +330750 +331626 7 60 1
a contact +336810 +337624 60 7 1
a contact +336810 +337624 7 60 1
a contact +371418 +371972 60 7 1
a contact +371418 +371972 7 60 1
a contact +377236 +378126 60 7 1
a contact +377236 +378126 7 60 1
a contact +383427 +384096 60 7 1
a contact +383427 +384096 7 60 1
a contact +415168 +415967 60 7 1
a contact +415168 +415967 7 60 1
a contact +421183 +422066 60 7 1
a contact +421183 +422066 7 60 1
a contact +427437 +427735 60 7 1
a contact +427437 +427735 7 60 1
a contact +456081 +456168 60 7 1
a contact +456081 +456168 7 60 1
a contact +461653 +462510 60 7 1
a contact +461653 +462510 7 60 1
a contact +467734 +468533 60 7 1
a contact +467734 +468533 7 60 1
a contact +499609 +500265 60 7 1
a contact +499609 +500265 7 60 1
a contact +505569 +506477 60 7 1
a contact +505569 +506477 7 60 1
a contact +511707 +512321 60 7 1
a contact +511707 +512321 7 60 1
a contact +546100 +546879 60 7 1
a contact +546100 +546879 7 60 1
a contact +552080 +552948 60 7 1
a contact +552080 +552948 7 60 1
a contact +558539 +558739 60 7 1
a contact +558539 +558739 7 60 1
a contact +584109 +584485 60 7 1
a contact +584109 +584485 7 60 1
a contact +589967 +590861 60 7 1
a contact +589967 +590861 7 60 1
a contact +596047 +596818 60 7 1
a contact +596047 +596818 7 60 1
a contact +3211 +3824 60 9 1
a contact +3211 +3824 9 60 1
a contact +9099 +9969 60 9 1
a contact +9099 +9969 9 60 1
a contact +47859 +48696 60 9 1
a contact +47859 +48696 9 60 1
a contact +53912 +54696 60 9 1
a contact +53912 +54696 9 60 1
a contact +93489 +94372 60 9 1
a contact +93489 +94372 9 60 1
a contact +99736 +100218 60 9 1
a contact +99736 +100218 9 60 1
a contact +132324 +133012 60 9 1
a contact +132324 +133012 9 60 1
a contact +138267 +139146 60 9 1
a contact +138267 +139146 9 60 1
a contact +177915 +178746 60 9 1
a contact +177915 +178746 9 60 1
a contact +183998 +184732 60 9 1
a contact +183998 +184732 9 60 1
a contact +216887 +217222 60 9 1
a contact +216887 +217222 9 60 1
a contact +222653 +223558 60 9 1
a contact +222653 +223558 9 60 1
a contact +228899 +229327 60 9 1
a contact +228899 +229327 9 60 1
a contact +262384 +263086 60 9 1
a contact +262384 +263086 9 60 1
a contact +268333 +269180 60 9 1
a contact +268333 +269180 9 60 1
a contact +307065 +307936 60 9 1
a contact +307065 +307936 9 60 1
a contact +313163 +313881 60 9 1
a contact +313163 +313881 9 60 1
a contact +346937 +347350 60 9 1
a contact +346937 +347350 9 60 1
a contact +352709 +353594 60 9 1
a contact +352709 +353594 9 60 1
a contact +359077 +359329 60 9 1
a contact +359077 +359329 9 60 1
a contact +391511 +392274 60 9 1
a contact +391511 +392274 9 60 1
a contact +397502 +398351 60 9 1
a contact +397502 +398351 9 60 1
a contact +437120 +437981 60 9 1
a contact +437120 +437981 9 60 1
a contact +443262 +443917 60 9 1
a contact +443262 +443917 9 60 1
a contact +476017 +476545 60 9 1
a contact +476017 +476545 9 60 1
a contact +481876 +482778 60 9 1
a contact +481876 +482778 9 60 1
a contact +488287 +488368 60 9 1
a contact +488287 +488368 9 60 1
a contact +521569 +522337 60 9 1
a contact +521569 +522337 9 60 1
a contact +527574 +528386 60 9 1
a contact +527574 +528386 9 60 1
a contact +566277 +567170 60 9 1
a contact +566277 +567170 9 60 1
a contact +572425 +573053 60 9 1
a contact +572425 +573053 9 60 1
a contact +357 +1253 60 11 1
a contact +357 +1253 11 60 1
a contact +6774 +7040 60 11 1
a contact +6774 +7040 11 60 1
a contact +38497 +39344 60 11 1
a contact +38497 +39344 11 60 1
a contact +44556 +45342 60 11 1
a contact +44556 +45342 11 60 1
a contact +78967 +79459 60 11 1
a contact +78967 +79459 11 60 1
a contact +84746 +85651 60 11 1
a contact +84746 +85651 11 60 1
a contact +90954 +91590 60 11 1
a contact +90954 +91590 11 60 1
a contact +122928 +123675 60 11 1
a contact +122928 +123675 11 60 1
a contact +128924 +129787 60 11 1
a contact +128924 +129787 11 60 1
a contact +169165 +170033 60 11 1
a contact +169165 +170033 11 60 1
a contact +175248 +176045 60 11 1
a contact +175248 +176045 11 60 1
a contact +207398 +207951 60 11 1
a contact +207398 +207951 11 60 1
a contact +213309 +214200 60 11 1
a contact +213309 +214200 11 60 1
a contact +219478 +220017 60 11 1
a contact +219478 +220017 11 60 1
a contact +253620 +254396 60 11 1
a contact +253620 +254396 11 60 1
a contact +259590 +260469 60 11 1
a contact +259590 +260469 11 60 1
a contact +297712 +298581 60 11 1
a contact +297712 +298581 11 60 1
a contact +303797 +304532 60 11 1
a contact +303797 +304532 11 60 1
a contact +338121 +338726 60 11 1
a contact +338121 +338726 11 60 1
a contact +343967 +344874 60 11 1
a contact +343967 +344874 11 60 1
a contact +350241 +350770 60 11 1
a contact +350241 +350770 11 60 1
a contact +382133 +382929 60 11 1
a contact +382133 +382929 11 60 1
a contact +388155 +388993 60 11 1
a contact +388155 +388993 11 60 1
a contact +422750 +422948 60 11 1
a contact +422750 +422948 11 60 1
a contact +428374 +429263 60 11 1
a contact +428374 +429263 11 60 1
a contact +434505 +435248 60 11 1
a contact +434505 +435248 11 60 1
a contact +466583 +467232 60 11 1
a contact +466583 +467232 11 60 1
a contact +472534 +473419 60 11 1
a contact +472534 +473419 11 60 1
a contact +478757 +479159 60 11 1
a contact +478757 +479159 11 60 1
a contact +512813 +513634 60 11 1
a contact +512813 +513634 11 60 1
a contact +518830 +519683 60 11 1
a contact +518830 +519683 11 60 1
a contact +551109 +551439 60 11 1
a contact +551109 +551439 11 60 1
a contact +556929 +557813 60 11 1
a contact +556929 +557813 11 60 1
a contact +563044 +563713 60 11 1
a contact +563044 +563713 11 60 1
a contact +597292 +597981 60 11 1
a contact +597292 +597981 11 60 1
a contact +603193 +604095 60 11 1
a contact +603193 +604095 11 60 1
a contact +755 +1559 61 3 1
a contact +755 +1559 3 61 1
a contact +6924 +7723 61 3 1
a contact +6924 +7723 3 61 1
a contact +13051 +13900 61 3 1
a contact +13051 +13900 3 61 1
a contact +19137 +20036 61 3 1
a contact +19137 +20036 3 61 1
a contact +25197 +26094 61 3 1
a contact +25197 +26094 3 61 1
a contact +31237 +32064 61 3 1
a contact +31237 +32064 3 61 1
a contact +37255 +37956 61 3 1
a contact +37255 +37956 3 61 1
a contact +43233 +43807 61 3 1
a contact +43233 +43807 3 61 1
a contact +49142 +49692 61 3 1
a contact +49142 +49692 3 61 1
a contact +54995 +55649 61 3 1
a contact +54995 +55649 3 61 1
a contact +60865 +61656 61 3 1
a contact +60865 +61656 3 61 1
a contact +66803 +67688 61 3 1
a contact +66803 +67688 3 61 1
a contact +72829 +73740 61 3 1
a contact +72829 +73740 3 61 1
a contact +78939 +79815 61 3 1
a contact +78939 +79815 3 61 1
a contact +85108 +85924 61 3 1
a contact +85108 +85924 3 61 1
a contact +91284 +92078 61 3 1
a contact +91284 +92078 3 61 1
a contact +97424 +98256 61 3 1
a contact +97424 +98256 3 61 1
a contact +103521 +104409 61 3 1
a contact +103521 +104409 3 61 1
a contact +109588 +110492 61 3 1
a contact +109588 +110492 3 61 1
a contact +115633 +116488 61 3 1
a contact +115633 +116488 3 61 1
a contact +121658 +122400 61 3 1
a contact +121658 +122400 3 61 1
a contact +127651 +128257 61 3 1
a contact +127651 +128257 3 61 1
a contact +133583 +134124 61 3 1
a contact +133583 +134124 3 61 1
a contact +139446 +140061 61 3 1
a contact +139446 +140061 3 61 1
a contact +145304 +146056 61 3 1
a contact +145304 +146056 3 61 1
a contact +151219 +152083 61 3 1
a contact +151219 +152083 3 61 1
a contact +157218 +158129 61 3 1
a contact +157218 +158129 3 61 1
a contact +163305 +164196 61 3 1
a contact +163305 +164196 3 61 1
a contact +169461 +170294 61 3 1
a contact +169461 +170294 3 61 1
a contact +175641 +176434 61 3 1
a contact +175641 +176434 3 61 1
a contact +181794 +182610 61 3 1
a contact +181794 +182610 3 61 1
a contact +187903 +188776 61 3 1
a contact +187903 +188776 3 61 1
a contact +193977 +194882 61 3 1
a contact +193977 +194882 3 61 1
a contact +200028 +200904 61 3 1
a contact +200028 +200904 3 61 1
a contact +206059 +206839 61 3 1
a contact +206059 +206839 3 61 1
a contact +212064 +212707 61 3 1
a contact +212064 +212707 3 61 1
a contact +218017 +218563 61 3 1
a contact +218017 +218563 3 61 1
a contact +223896 +224478 61 3 1
a contact +223896 +224478 3 61 1
a contact +229747 +230460 61 3 1
a contact +229747 +230460 3 61 1
a contact +235641 +236479 61 3 1
a contact +235641 +236479 3 61 1
a contact +241615 +242519 61 3 1
a contact +241615 +242519 3 61 1
a contact +247677 +248580 61 3 1
a contact +247677 +248580 3 61 1
a contact +253816 +254667 61 3 1
a contact +253816 +254667 3 61 1
a contact +259995 +260794 61 3 1
a contact +259995 +260794 3 61 1
a contact +266160 +266963 61 3 1
a contact +266160 +266963 3 61 1
a contact +272281 +273138 61 3 1
a contact +272281 +273138 3 61 1
a contact +278364 +279265 61 3 1
a contact +278364 +279265 3 61 1
a contact +284421 +285313 61 3 1
a contact +284421 +285313 3 61 1
a contact +290458 +291272 61 3 1
a contact +290458 +291272 3 61 1
a contact +296473 +297156 61 3 1
a contact +296473 +297156 3 61 1
a contact +302444 +303008 61 3 1
a contact +302444 +303008 3 61 1
a contact +308344 +308901 61 3 1
a contact +308344 +308901 3 61 1
a contact +314195 +314866 61 3 1
a contact +314195 +314866 3 61 1
a contact +320071 +320876 61 3 1
a contact +320071 +320876 3 61 1
a contact +326019 +326911 61 3 1
a contact +326019 +326911 3 61 1
a contact +332056 +332966 61 3 1
a contact +332056 +332966 3 61 1
a contact +338175 +339044 61 3 1
a contact +338175 +339044 3 61 1
a contact +344348 +345158 61 3 1
a contact +344348 +345158 3 61 1
a contact +350522 +351317 61 3 1
a contact +350522 +351317 3 61 1
a contact +356656 +357495 61 3 1
a contact +356656 +357495 3 61 1
a contact +362749 +363641 61 3 1
a contact +362749 +363641 3 61 1
a contact +368812 +369714 61 3 1
a contact +368812 +369714 3 61 1
a contact +374855 +375699 61 3 1
a contact +374855 +375699 3 61 1
a contact +380877 +381602 61 3 1
a contact +380877 +381602 3 61 1
a contact +386865 +387457 61 3 1
a contact +386865 +387457 3 61 1
a contact +392787 +393330 61 3 1
a contact +392787 +393330 3 61 1
a contact +398645 +399276 61 3 1
a contact +398645 +399276 3 61 1
a contact +404507 +405276 61 3 1
a contact +404507 +405276 3 61 1
a contact +410432 +411305 61 3 1
a contact +410432 +411305 3 61 1
a contact +416442 +417354 61 3 1
a contact +416442 +417354 3 61 1
a contact +422539 +423424 61 3 1
a contact +422539 +423424 3 61 1
a contact +428700 +429526 61 3 1
a contact +428700 +429526 3 61 1
a contact +434880 +435672 61 3 1
a contact +434880 +435672 3 61 1
a contact +441027 +441850 61 3 1
a contact +441027 +441850 3 61 1
a contact +447131 +448011 61 3 1
a contact +447131 +448011 3 61 1
a contact +453202 +454107 61 3 1
a contact +453202 +454107 3 61 1
a contact +459251 +460118 61 3 1
a contact +459251 +460118 3 61 1
a contact +465280 +466044 61 3 1
a contact +465280 +466044 3 61 1
a contact +471280 +471907 61 3 1
a contact +471280 +471907 3 61 1
a contact +477224 +477767 61 3 1
a contact +477224 +477767 3 61 1
a contact +483096 +483690 61 3 1
a contact +483096 +483690 3 61 1
a contact +488949 +489678 61 3 1
a contact +488949 +489678 3 61 1
a contact +494851 +495700 61 3 1
a contact +494851 +495700 3 61 1
a contact +500836 +501743 61 3 1
a contact +500836 +501743 3 61 1
a contact +506908 +507807 61 3 1
a contact +506908 +507807 3 61 1
a contact +513055 +513898 61 3 1
a contact +513055 +513898 3 61 1
a contact +519235 +520031 61 3 1
a contact +519235 +520031 3 61 1
a contact +525395 +526203 61 3 1
a contact +525395 +526203 3 61 1
a contact +531511 +532374 61 3 1
a contact +531511 +532374 3 61 1
a contact +537590 +538493 61 3 1
a contact +537590 +538493 3 61 1
a contact +543644 +544530 61 3 1
a contact +543644 +544530 3 61 1
a contact +549679 +550480 61 3 1
a contact +549679 +550480 3 61 1
a contact +555690 +556357 61 3 1
a contact +555690 +556357 3 61 1
a contact +561654 +562209 61 3 1
a contact +561654 +562209 3 61 1
a contact +567545 +568111 61 3 1
a contact +567545 +568111 3 61 1
a contact +573395 +574083 61 3 1
a contact +573395 +574083 3 61 1
a contact +579278 +580097 61 3 1
a contact +579278 +580097 3 61 1
a contact +585237 +586135 61 3 1
a contact +585237 +586135 3 61 1
a contact +591284 +592192 61 3 1
a contact +591284 +592192 3 61 1
a contact +597412 +598273 61 3 1
a contact +597412 +598273 3 61 1
a contact +603588 +604393 61 3 1
a contact +603588 +604393 3 61 1
a contact +24285 +25010 61 5 1
a contact +24285 +25010 5 61 1
a contact +30193 +31103 61 5 1
a contact +30193 +31103 5 61 1
a contact +36390 +37100 61 5 1
a contact +36390 +37100 5 61 1
a contact +61937 +62253 61 5 1
a contact +61937 +62253 5 61 1
a contact +67823 +68673 61 5 1
a contact +67823 +68673 5 61 1
a contact +73868 +74721 61 5 1
a contact +73868 +74721 5 61 1
a contact +80067 +80425 61 5 1
a contact +80067 +80425 5 61 1
a contact +108787 +109356 61 5 1
a contact +108787 +109356 5 61 1
a contact +114596 +115492 61 5 1
a contact +114596 +115492 5 61 1
a contact +120704 +121519 61 5 1
a contact +120704 +121519 5 61 1
a contact +152233 +153009 61 5 1
a contact +152233 +153009 5 61 1
a contact +158252 +159141 61 5 1
a contact +158252 +159141 5 61 1
a contact +164376 +164978 61 5 1
a contact +164376 +164978 5 61 1
a contact +193367 +193643 61 5 1
a contact +193367 +193643 5 61 1
a contact +199022 +199874 61 5 1
a contact +199022 +199874 5 61 1
a contact +205049 +205926 61 5 1
a contact +205049 +205926 5 61 1
a contact +211414 +211848 61 5 1
a contact +211414 +211848 5 61 1
a contact +236657 +237313 61 5 1
a contact +236657 +237313 5 61 1
a contact +242643 +243538 61 5 1
a contact +242643 +243538 5 61 1
a contact +248728 +249469 61 5 1
a contact +248728 +249469 5 61 1
a contact +283474 +284246 61 5 1
a contact +283474 +284246 5 61 1
a contact +289419 +290325 61 5 1
a contact +289419 +290325 5 61 1
a contact +295658 +296307 61 5 1
a contact +295658 +296307 5 61 1
a contact +321111 +321565 61 5 1
a contact +321111 +321565 5 61 1
a contact +327041 +327911 61 5 1
a contact +327041 +327911 5 61 1
a contact +333098 +333926 61 5 1
a contact +333098 +333926 5 61 1
a contact +339382 +339520 61 5 1
a contact +339382 +339520 5 61 1
a contact +367959 +368602 61 5 1
a contact +367959 +368602 5 61 1
a contact +373812 +374718 61 5 1
a contact +373812 +374718 5 61 1
a contact +379956 +380733 61 5 1
a contact +379956 +380733 5 61 1
a contact +411448 +412259 61 5 1
a contact +411448 +412259 5 61 1
a contact +417478 +418356 61 5 1
a contact +417478 +418356 5 61 1
a contact +423625 +424146 61 5 1
a contact +423625 +424146 5 61 1
a contact +452496 +452925 61 5 1
a contact +452496 +452925 5 61 1
a contact +458229 +459103 61 5 1
a contact +458229 +459103 5 61 1
a contact +464289 +465145 61 5 1
a contact +464289 +465145 5 61 1
a contact +470735 +471016 61 5 1
a contact +470735 +471016 5 61 1
a contact +495865 +496578 61 5 1
a contact +495865 +496578 5 61 1
a contact +501866 +502762 61 5 1
a contact +501866 +502762 5 61 1
a contact +507965 +508657 61 5 1
a contact +507965 +508657 5 61 1
a contact +542670 +543479 61 5 1
a contact +542670 +543479 5 61 1
a contact +548648 +549547 61 5 1
a contact +548648 +549547 5 61 1
a contact +554934 +555509 61 5 1
a contact +554934 +555509 5 61 1
a contact +580303 +580855 61 5 1
a contact +580303 +580855 5 61 1
a contact +586262 +587145 61 5 1
a contact +586262 +587145 5 61 1
a contact +592329 +593126 61 5 1
a contact +592329 +593126 5 61 1
a contact +27212 +27826 61 7 1
a contact +27212 +27826 7 61 1
a contact +33066 +33959 61 7 1
a contact +33066 +33959 7 61 1
a contact +39292 +39909 61 7 1
a contact +39292 +39909 7 61 1
a contact +70991 +71817 61 7 1
a contact +70991 +71817 7 61 1
a contact +77019 +77887 61 7 1
a contact +77019 +77887 7 61 1
a contact +111790 +112102 61 7 1
a contact +111790 +112102 7 61 1
a contact +117475 +118346 61 7 1
a contact +117475 +118346 7 61 1
a contact +123585 +124355 61 7 1
a contact +123585 +124355 7 61 1
a contact +155425 +156129 61 7 1
a contact +155425 +156129 7 61 1
a contact +161402 +162307 61 7 1
a contact +161402 +162307 7 61 1
a contact +167561 +168113 61 7 1
a contact +167561 +168113 7 61 1
a contact +201914 +202720 61 7 1
a contact +201914 +202720 7 61 1
a contact +207922 +208776 61 7 1
a contact +207922 +208776 7 61 1
a contact +239900 +240379 61 7 1
a contact +239900 +240379 7 61 1
a contact +245797 +246699 61 7 1
a contact +245797 +246699 7 61 1
a contact +251890 +252626 61 7 1
a contact +251890 +252626 7 61 1
a contact +286388 +287074 61 7 1
a contact +286388 +287074 7 61 1
a contact +292291 +293181 61 7 1
a contact +292291 +293181 7 61 1
a contact +298577 +299096 61 7 1
a contact +298577 +299096 7 61 1
a contact +330204 +331062 61 7 1
a contact +330204 +331062 7 61 1
a contact +336250 +337091 61 7 1
a contact +336250 +337091 7 61 1
a contact +370919 +371389 61 7 1
a contact +370919 +371389 7 61 1
a contact +376689 +377573 61 7 1
a contact +376689 +377573 7 61 1
a contact +382843 +383561 61 7 1
a contact +382843 +383561 7 61 1
a contact +414628 +415391 61 7 1
a contact +414628 +415391 7 61 1
a contact +420628 +421523 61 7 1
a contact +420628 +421523 7 61 1
a contact +426830 +427262 61 7 1
a contact +426830 +427262 7 61 1
a contact +461114 +461953 61 7 1
a contact +461114 +461953 7 61 1
a contact +467164 +467990 61 7 1
a contact +467164 +467990 7 61 1
a contact +499081 +499672 61 7 1
a contact +499081 +499672 7 61 1
a contact +505018 +505926 61 7 1
a contact +505018 +505926 7 61 1
a contact +511135 +511808 61 7 1
a contact +511135 +511808 7 61 1
a contact +545572 +546316 61 7 1
a contact +545572 +546316 7 61 1
a contact +551521 +552401 61 7 1
a contact +551521 +552401 7 61 1
a contact +557885 +558265 61 7 1
a contact +557885 +558265 7 61 1
a contact +583640 +583825 61 7 1
a contact +583640 +583825 7 61 1
a contact +589420 +590301 61 7 1
a contact +589420 +590301 7 61 1
a contact +595485 +596289 61 7 1
a contact +595485 +596289 7 61 1
a contact +2710 +3232 61 9 1
a contact +2710 +3232 9 61 1
a contact +8542 +9424 61 9 1
a contact +8542 +9424 9 61 1
a contact +47325 +48126 61 9 1
a contact +47325 +48126 9 61 1
a contact +53345 +54167 61 9 1
a contact +53345 +54167 9 61 1
a contact +92944 +93818 61 9 1
a contact +92944 +93818 9 61 1
a contact +99131 +99716 61 9 1
a contact +99131 +99716 9 61 1
a contact +131808 +132422 61 9 1
a contact +131808 +132422 9 61 1
a contact +137710 +138604 61 9 1
a contact +137710 +138604 9 61 1
a contact +177381 +178183 61 9 1
a contact +177381 +178183 9 61 1
a contact +183423 +184202 61 9 1
a contact +183423 +184202 9 61 1
a contact +222104 +223006 61 9 1
a contact +222104 +223006 9 61 1
a contact +228292 +228841 61 9 1
a contact +228292 +228841 9 61 1
a contact +261869 +262506 61 9 1
a contact +261869 +262506 9 61 1
a contact +267772 +268638 61 9 1
a contact +267772 +268638 9 61 1
a contact +306526 +307372 61 9 1
a contact +306526 +307372 9 61 1
a contact +312590 +313359 61 9 1
a contact +312590 +313359 9 61 1
a contact +346496 +346701 61 9 1
a contact +346496 +346701 9 61 1
a contact +352159 +353044 61 9 1
a contact +352159 +353044 9 61 1
a contact +358429 +358869 61 9 1
a contact +358429 +358869 9 61 1
a contact +390986 +391694 61 9 1
a contact +390986 +391694 9 61 1
a contact +396941 +397814 61 9 1
a contact +396941 +397814 9 61 1
a contact +436581 +437421 61 9 1
a contact +436581 +437421 9 61 1
a contact +442679 +443395 61 9 1
a contact +442679 +443395 9 61 1
a contact +475530 +475924 61 9 1
a contact +475530 +475924 9 61 1
a contact +481324 +482229 61 9 1
a contact +481324 +482229 9 61 1
a contact +487594 +487971 61 9 1
a contact +487594 +487971 9 61 1
a contact +521045 +521765 61 9 1
a contact +521045 +521765 9 61 1
a contact +527008 +527848 61 9 1
a contact +527008 +527848 9 61 1
a contact +565734 +566611 61 9 1
a contact +565734 +566611 9 61 1
a contact +571843 +572541 61 9 1
a contact +571843 +572541 9 61 1
a contact +0 +705 61 11 1
a contact +0 +705 11 61 1
a contact +6130 +6561 61 11 1
a contact +6130 +6561 11 61 1
a contact +37955 +38777 61 11 1
a contact +37955 +38777 11 61 1
a contact +43994 +44811 61 11 1
a contact +43994 +44811 11 61 1
a contact +78485 +78857 61 11 1
a contact +78485 +78857 11 61 1
a contact +84199 +85098 61 11 1
a contact +84199 +85098 11 61 1
a contact +90365 +91063 61 11 1
a contact +90365 +91063 11 61 1
a contact +122395 +123095 61 11 1
a contact +122395 +123095 11 61 1
a contact +128368 +129245 61 11 1
a contact +128368 +129245 11 61 1
a contact +134651 +134910 61 11 1
a contact +134651 +134910 11 61 1
a contact +168629 +169474 61 11 1
a contact +168629 +169474 11 61 1
a contact +174677 +175506 61 11 1
a contact +174677 +175506 11 61 1
a contact +206888 +207341 61 11 1
a contact +206888 +207341 11 61 1
a contact +212759 +213648 61 11 1
a contact +212759 +213648 11 61 1
a contact +218897 +219511 61 11 1
a contact +218897 +219511 11 61 1
a contact +253095 +253829 61 11 1
a contact +253095 +253829 11 61 1
a contact +259030 +259923 61 11 1
a contact +259030 +259923 11 61 1
a contact +265495 +265669 61 11 1
a contact +265495 +265669 11 61 1
a contact +297166 +298019 61 11 1
a contact +297166 +298019 11 61 1
a contact +303232 +304006 61 11 1
a contact +303232 +304006 11 61 1
a contact +337619 +338143 61 11 1
a contact +337619 +338143 11 61 1
a contact +343416 +344323 61 11 1
a contact +343416 +344323 11 61 1
a contact +349640 +350252 61 11 1
a contact +349640 +350252 11 61 1
a contact +381595 +382355 61 11 1
a contact +381595 +382355 11 61 1
a contact +387597 +388455 61 11 1
a contact +387597 +388455 11 61 1
a contact +427833 +428707 61 11 1
a contact +427833 +428707 11 61 1
a contact +433927 +434712 61 11 1
a contact +433927 +434712 11 61 1
a contact +466059 +466638 61 11 1
a contact +466059 +466638 11 61 1
a contact +471981 +472871 61 11 1
a contact +471981 +472871 11 61 1
a contact +478161 +478671 61 11 1
a contact +478161 +478671 11 61 1
a contact +512283 +513071 61 11 1
a contact +512283 +513071 11 61 1
a contact +518265 +519139 61 11 1
a contact +518265 +519139 11 61 1
a contact +556382 +557255 61 11 1
a contact +556382 +557255 11 61 1
a contact +562474 +563194 61 11 1
a contact +562474 +563194 11 61 1
a contact +596779 +597406 61 11 1
a contact +596779 +597406 11 61 1
a contact +602639 +603545 61 11 1
a contact +602639 +603545 11 61 1
a contact +191 +998 62 3 1
a contact +191 +998 3 62 1
a contact +6363 +7160 62 3 1
a contact +6363 +7160 3 62 1
a contact +12494 +13338 62 3 1
a contact +12494 +13338 3 62 1
a contact +18583 +19479 62 3 1
a contact +18583 +19479 3 62 1
a contact +24645 +25545 62 3 1
a contact +24645 +25545 3 62 1
a contact +30687 +31523 62 3 1
a contact +30687 +31523 3 62 1
a contact +36707 +37421 62 3 1
a contact +36707 +37421 3 62 1
a contact +42690 +43274 62 3 1
a contact +42690 +43274 3 62 1
a contact +48606 +49152 62 3 1
a contact +48606 +49152 3 62 1
a contact +54462 +55103 62 3 1
a contact +54462 +55103 3 62 1
a contact +60327 +61107 62 3 1
a contact +60327 +61107 3 62 1
a contact +66258 +67137 62 3 1
a contact +66258 +67137 3 62 1
a contact +72276 +73187 62 3 1
a contact +72276 +73187 3 62 1
a contact +78379 +79260 62 3 1
a contact +78379 +79260 3 62 1
a contact +84544 +85365 62 3 1
a contact +84544 +85365 3 62 1
a contact +90722 +91515 62 3 1
a contact +90722 +91515 3 62 1
a contact +96866 +97693 62 3 1
a contact +96866 +97693 3 62 1
a contact +102967 +103850 62 3 1
a contact +102967 +103850 3 62 1
a contact +109035 +109940 62 3 1
a contact +109035 +109940 3 62 1
a contact +115083 +115944 62 3 1
a contact +115083 +115944 3 62 1
a contact +121110 +121863 62 3 1
a contact +121110 +121863 3 62 1
a contact +127107 +127724 62 3 1
a contact +127107 +127724 3 62 1
a contact +133045 +133587 62 3 1
a contact +133045 +133587 3 62 1
a contact +138913 +139516 62 3 1
a contact +138913 +139516 3 62 1
a contact +144768 +145508 62 3 1
a contact +144768 +145508 3 62 1
a contact +150676 +151532 62 3 1
a contact +150676 +151532 3 62 1
a contact +156667 +157577 62 3 1
a contact +156667 +157577 3 62 1
a contact +162747 +163642 62 3 1
a contact +162747 +163642 3 62 1
a contact +168898 +169736 62 3 1
a contact +168898 +169736 3 62 1
a contact +175078 +175872 62 3 1
a contact +175078 +175872 3 62 1
a contact +181235 +182046 62 3 1
a contact +181235 +182046 3 62 1
a contact +187347 +188215 62 3 1
a contact +187347 +188215 3 62 1
a contact +193424 +194328 62 3 1
a contact +193424 +194328 3 62 1
a contact +199477 +200358 62 3 1
a contact +199477 +200358 3 62 1
a contact +205510 +206301 62 3 1
a contact +205510 +206301 3 62 1
a contact +211518 +212174 62 3 1
a contact +211518 +212174 3 62 1
a contact +217477 +218028 62 3 1
a contact +217477 +218028 3 62 1
a contact +223363 +223935 62 3 1
a contact +223363 +223935 3 62 1
a contact +229213 +229912 62 3 1
a contact +229213 +229912 3 62 1
a contact +235101 +235929 62 3 1
a contact +235101 +235929 3 62 1
a contact +241066 +241968 62 3 1
a contact +241066 +241968 3 62 1
a contact +247121 +248026 62 3 1
a contact +247121 +248026 3 62 1
a contact +253254 +254110 62 3 1
a contact +253254 +254110 3 62 1
a contact +259431 +260233 62 3 1
a contact +259431 +260233 3 62 1
a contact +265599 +266399 62 3 1
a contact +265599 +266399 3 62 1
a contact +271724 +272576 62 3 1
a contact +271724 +272576 3 62 1
a contact +277810 +278709 62 3 1
a contact +277810 +278709 3 62 1
a contact +283869 +284765 62 3 1
a contact +283869 +284765 3 62 1
a contact +289909 +290732 62 3 1
a contact +289909 +290732 3 62 1
a contact +295925 +296622 62 3 1
a contact +295925 +296622 3 62 1
a contact +301902 +302474 62 3 1
a contact +301902 +302474 3 62 1
a contact +307809 +308360 62 3 1
a contact +307809 +308360 3 62 1
a contact +313662 +314319 62 3 1
a contact +313662 +314319 3 62 1
a contact +319533 +320327 62 3 1
a contact +319533 +320327 3 62 1
a contact +325473 +326360 62 3 1
a contact +325473 +326360 3 62 1
a contact +331502 +332413 62 3 1
a contact +331502 +332413 3 62 1
a contact +337614 +338488 62 3 1
a contact +337614 +338488 3 62 1
a contact +343784 +344599 62 3 1
a contact +343784 +344599 3 62 1
a contact +349960 +350753 62 3 1
a contact +349960 +350753 3 62 1
a contact +356098 +356932 62 3 1
a contact +356098 +356932 3 62 1
a contact +362194 +363083 62 3 1
a contact +362194 +363083 3 62 1
a contact +368260 +369164 62 3 1
a contact +368260 +369164 3 62 1
a contact +374305 +375157 62 3 1
a contact +374305 +375157 3 62 1
a contact +380329 +381067 62 3 1
a contact +380329 +381067 3 62 1
a contact +386321 +386923 62 3 1
a contact +386321 +386923 3 62 1
a contact +392250 +392792 62 3 1
a contact +392250 +392792 3 62 1
a contact +398112 +398731 62 3 1
a contact +398112 +398731 3 62 1
a contact +403971 +404727 62 3 1
a contact +403971 +404727 3 62 1
a contact +409888 +410754 62 3 1
a contact +409888 +410754 3 62 1
a contact +415890 +416801 62 3 1
a contact +415890 +416801 3 62 1
a contact +421979 +422869 62 3 1
a contact +421979 +422869 3 62 1
a contact +428137 +428968 62 3 1
a contact +428137 +428968 3 62 1
a contact +434317 +435110 62 3 1
a contact +434317 +435110 3 62 1
a contact +440469 +441286 62 3 1
a contact +440469 +441286 3 62 1
a contact +446576 +447451 62 3 1
a contact +446576 +447451 3 62 1
a contact +452649 +453555 62 3 1
a contact +452649 +453555 3 62 1
a contact +458700 +459574 62 3 1
a contact +458700 +459574 3 62 1
a contact +464731 +465507 62 3 1
a contact +464731 +465507 3 62 1
a contact +470734 +471374 62 3 1
a contact +470734 +471374 3 62 1
a contact +476685 +477230 62 3 1
a contact +476685 +477230 3 62 1
a contact +482563 +483147 62 3 1
a contact +482563 +483147 3 62 1
a contact +488414 +489130 62 3 1
a contact +488414 +489130 3 62 1
a contact +494310 +495150 62 3 1
a contact +494310 +495150 3 62 1
a contact +500286 +501191 62 3 1
a contact +500286 +501191 3 62 1
a contact +506351 +507253 62 3 1
a contact +506351 +507253 3 62 1
a contact +512492 +513341 62 3 1
a contact +512492 +513341 3 62 1
a contact +518671 +519469 62 3 1
a contact +518671 +519469 3 62 1
a contact +524835 +525639 62 3 1
a contact +524835 +525639 3 62 1
a contact +530955 +531813 62 3 1
a contact +530955 +531813 3 62 1
a contact +537036 +537938 62 3 1
a contact +537036 +537938 3 62 1
a contact +543093 +543983 62 3 1
a contact +543093 +543983 3 62 1
a contact +549130 +549940 62 3 1
a contact +549130 +549940 3 62 1
a contact +555143 +555823 62 3 1
a contact +555143 +555823 3 62 1
a contact +561113 +561675 62 3 1
a contact +561113 +561675 3 62 1
a contact +567011 +567569 62 3 1
a contact +567011 +567569 3 62 1
a contact +572861 +573536 62 3 1
a contact +572861 +573536 3 62 1
a contact +578739 +579548 62 3 1
a contact +578739 +579548 3 62 1
a contact +584690 +585583 62 3 1
a contact +584690 +585583 3 62 1
a contact +590729 +591638 62 3 1
a contact +590729 +591638 3 62 1
a contact +596850 +597717 62 3 1
a contact +596850 +597717 3 62 1
a contact +603024 +603833 62 3 1
a contact +603024 +603833 3 62 1
a contact +23763 +24447 62 5 1
a contact +23763 +24447 5 62 1
a contact +29642 +30551 62 5 1
a contact +29642 +30551 5 62 1
a contact +35811 +36558 62 5 1
a contact +35811 +36558 5 62 1
a contact +61465 +61589 62 5 1
a contact +61465 +61589 5 62 1
a contact +67276 +68107 62 5 1
a contact +67276 +68107 5 62 1
a contact +73313 +74181 62 5 1
a contact +73313 +74181 5 62 1
a contact +79481 +79934 62 5 1
a contact +79481 +79934 5 62 1
a contact +108281 +108783 62 5 1
a contact +108281 +108783 5 62 1
a contact +114052 +114938 62 5 1
a contact +114052 +114938 5 62 1
a contact +120135 +120973 62 5 1
a contact +120135 +120973 5 62 1
a contact +126701 +126744 62 5 1
a contact +126701 +126744 5 62 1
a contact +151689 +152434 62 5 1
a contact +151689 +152434 5 62 1
a contact +157700 +158593 62 5 1
a contact +157700 +158593 5 62 1
a contact +163809 +164462 62 5 1
a contact +163809 +164462 5 62 1
a contact +198486 +199317 62 5 1
a contact +198486 +199317 5 62 1
a contact +204488 +205378 62 5 1
a contact +204488 +205378 5 62 1
a contact +210808 +211324 62 5 1
a contact +210808 +211324 5 62 1
a contact +236120 +236725 62 5 1
a contact +236120 +236725 5 62 1
a contact +242093 +242983 62 5 1
a contact +242093 +242983 5 62 1
a contact +248168 +248941 62 5 1
a contact +248168 +248941 5 62 1
a contact +282948 +283685 62 5 1
a contact +282948 +283685 5 62 1
a contact +288865 +289775 62 5 1
a contact +288865 +289775 5 62 1
a contact +295072 +295768 62 5 1
a contact +295072 +295768 5 62 1
a contact +320594 +320950 62 5 1
a contact +320594 +320950 5 62 1
a contact +326493 +327349 62 5 1
a contact +326493 +327349 5 62 1
a contact +332542 +333389 62 5 1
a contact +332542 +333389 5 62 1
a contact +338754 +339073 62 5 1
a contact +338754 +339073 5 62 1
a contact +367445 +368034 62 5 1
a contact +367445 +368034 5 62 1
a contact +373266 +374165 62 5 1
a contact +373266 +374165 5 62 1
a contact +379383 +380189 62 5 1
a contact +379383 +380189 5 62 1
a contact +410903 +411688 62 5 1
a contact +410903 +411688 5 62 1
a contact +416925 +417811 62 5 1
a contact +416925 +417811 5 62 1
a contact +423054 +423637 62 5 1
a contact +423054 +423637 5 62 1
a contact +452012 +452333 62 5 1
a contact +452012 +452333 5 62 1
a contact +457689 +458547 62 5 1
a contact +457689 +458547 5 62 1
a contact +463724 +464597 62 5 1
a contact +463724 +464597 5 62 1
a contact +470106 +470510 62 5 1
a contact +470106 +470510 5 62 1
a contact +495325 +495996 62 5 1
a contact +495325 +495996 5 62 1
a contact +501315 +502210 62 5 1
a contact +501315 +502210 5 62 1
a contact +507403 +508133 62 5 1
a contact +507403 +508133 5 62 1
a contact +542139 +542920 62 5 1
a contact +542139 +542920 5 62 1
a contact +548092 +548997 62 5 1
a contact +548092 +548997 5 62 1
a contact +554342 +554974 62 5 1
a contact +554342 +554974 5 62 1
a contact +579774 +580255 62 5 1
a contact +579774 +580255 5 62 1
a contact +585713 +586586 62 5 1
a contact +585713 +586586 5 62 1
a contact +591772 +592593 62 5 1
a contact +591772 +592593 5 62 1
a contact +26704 +27250 62 7 1
a contact +26704 +27250 7 62 1
a contact +32517 +33407 62 7 1
a contact +32517 +33407 7 62 1
a contact +38704 +39379 62 7 1
a contact +38704 +39379 7 62 1
a contact +70450 +71245 62 7 1
a contact +70450 +71245 7 62 1
a contact +76463 +77347 62 7 1
a contact +76463 +77347 7 62 1
a contact +82710 +83026 62 7 1
a contact +82710 +83026 7 62 1
a contact +116935 +117790 62 7 1
a contact +116935 +117790 7 62 1
a contact +123012 +123815 62 7 1
a contact +123012 +123815 7 62 1
a contact +154893 +155542 62 7 1
a contact +154893 +155542 7 62 1
a contact +160850 +161758 62 7 1
a contact +160850 +161758 7 62 1
a contact +166985 +167607 62 7 1
a contact +166985 +167607 7 62 1
a contact +201383 +202159 62 7 1
a contact +201383 +202159 7 62 1
a contact +207360 +208230 62 7 1
a contact +207360 +208230 7 62 1
a contact +213804 +214032 62 7 1
a contact +213804 +214032 7 62 1
a contact +239396 +239756 62 7 1
a contact +239396 +239756 7 62 1
a contact +245248 +246141 62 7 1
a contact +245248 +246141 7 62 1
a contact +251326 +252102 62 7 1
a contact +251326 +252102 7 62 1
a contact +285871 +286504 62 7 1
a contact +285871 +286504 7 62 1
a contact +291738 +292631 62 7 1
a contact +291738 +292631 7 62 1
a contact +297978 +298574 62 7 1
a contact +297978 +298574 7 62 1
a contact +329661 +330494 62 7 1
a contact +329661 +330494 7 62 1
a contact +335693 +336555 62 7 1
a contact +335693 +336555 7 62 1
a contact +370434 +370793 62 7 1
a contact +370434 +370793 7 62 1
a contact +376144 +377019 62 7 1
a contact +376144 +377019 7 62 1
a contact +382265 +383023 62 7 1
a contact +382265 +383023 7 62 1
a contact +414091 +414811 62 7 1
a contact +414091 +414811 7 62 1
a contact +420074 +420977 62 7 1
a contact +420074 +420977 7 62 1
a contact +426243 +426769 62 7 1
a contact +426243 +426769 7 62 1
a contact +460580 +461394 62 7 1
a contact +460580 +461394 7 62 1
a contact +466598 +467446 62 7 1
a contact +466598 +467446 7 62 1
a contact +498560 +499070 62 7 1
a contact +498560 +499070 7 62 1
a contact +504468 +505372 62 7 1
a contact +504468 +505372 7 62 1
a contact +510567 +511289 62 7 1
a contact +510567 +511289 7 62 1
a contact +545049 +545751 62 7 1
a contact +545049 +545751 7 62 1
a contact +550964 +551852 62 7 1
a contact +550964 +551852 7 62 1
a contact +557267 +557757 62 7 1
a contact +557267 +557757 7 62 1
a contact +588874 +589738 62 7 1
a contact +588874 +589738 7 62 1
a contact +594925 +595758 62 7 1
a contact +594925 +595758 7 62 1
a contact +2228 +2623 62 9 1
a contact +2228 +2623 9 62 1
a contact +7990 +8875 62 9 1
a contact +7990 +8875 9 62 1
a contact +14343 +14624 62 9 1
a contact +14343 +14624 9 62 1
a contact +46795 +47552 62 9 1
a contact +46795 +47552 9 62 1
a contact +52782 +53633 62 9 1
a contact +52782 +53633 9 62 1
a contact +92402 +93261 62 9 1
a contact +92402 +93261 9 62 1
a contact +98539 +99202 62 9 1
a contact +98539 +99202 9 62 1
a contact +131304 +131819 62 9 1
a contact +131304 +131819 9 62 1
a contact +137156 +138059 62 9 1
a contact +137156 +138059 9 62 1
a contact +143534 +143684 62 9 1
a contact +143534 +143684 9 62 1
a contact +176853 +177615 62 9 1
a contact +176853 +177615 9 62 1
a contact +182853 +183668 62 9 1
a contact +182853 +183668 9 62 1
a contact +221559 +222450 62 9 1
a contact +221559 +222450 9 62 1
a contact +227702 +228339 62 9 1
a contact +227702 +228339 9 62 1
a contact +261364 +261918 62 9 1
a contact +261364 +261918 9 62 1
a contact +267215 +268094 62 9 1
a contact +267215 +268094 9 62 1
a contact +305991 +306805 62 9 1
a contact +305991 +306805 9 62 1
a contact +312022 +312832 62 9 1
a contact +312022 +312832 9 62 1
a contact +351613 +352491 62 9 1
a contact +351613 +352491 9 62 1
a contact +357818 +358373 62 9 1
a contact +357818 +358373 9 62 1
a contact +390467 +391107 62 9 1
a contact +390467 +391107 9 62 1
a contact +396384 +397273 62 9 1
a contact +396384 +397273 9 62 1
a contact +436047 +436859 62 9 1
a contact +436047 +436859 9 62 1
a contact +442102 +442867 62 9 1
a contact +442102 +442867 9 62 1
a contact +475110 +475236 62 9 1
a contact +475110 +475236 9 62 1
a contact +480775 +481678 62 9 1
a contact +480775 +481678 9 62 1
a contact +486980 +487494 62 9 1
a contact +486980 +487494 9 62 1
a contact +520528 +521188 62 9 1
a contact +520528 +521188 9 62 1
a contact +526447 +527307 62 9 1
a contact +526447 +527307 9 62 1
a contact +565194 +566049 62 9 1
a contact +565194 +566049 9 62 1
a contact +571268 +572022 62 9 1
a contact +571268 +572022 9 62 1
a contact +0 +155 62 11 1
a contact +0 +155 11 62 1
a contact +5516 +6055 62 11 1
a contact +5516 +6055 11 62 1
a contact +37415 +38208 62 11 1
a contact +37415 +38208 11 62 1
a contact +43435 +44276 62 11 1
a contact +43435 +44276 11 62 1
a contact +78051 +78212 62 11 1
a contact +78051 +78212 11 62 1
a contact +83656 +84543 62 11 1
a contact +83656 +84543 11 62 1
a contact +89783 +90531 62 11 1
a contact +89783 +90531 11 62 1
a contact +121866 +122508 62 11 1
a contact +121866 +122508 11 62 1
a contact +127814 +128700 62 11 1
a contact +127814 +128700 11 62 1
a contact +134031 +134448 62 11 1
a contact +134031 +134448 11 62 1
a contact +168096 +168914 62 11 1
a contact +168096 +168914 11 62 1
a contact +174109 +174964 62 11 1
a contact +174109 +174964 11 62 1
a contact +206399 +206708 62 11 1
a contact +206399 +206708 11 62 1
a contact +212210 +213093 62 11 1
a contact +212210 +213093 11 62 1
a contact +218323 +218998 62 11 1
a contact +218323 +218998 11 62 1
a contact +252577 +253259 62 11 1
a contact +252577 +253259 11 62 1
a contact +258473 +259376 62 11 1
a contact +258473 +259376 11 62 1
a contact +264827 +265214 62 11 1
a contact +264827 +265214 11 62 1
a contact +296624 +297454 62 11 1
a contact +296624 +297454 11 62 1
a contact +302669 +303476 62 11 1
a contact +302669 +303476 11 62 1
a contact +337132 +337548 62 11 1
a contact +337132 +337548 11 62 1
a contact +342869 +343771 62 11 1
a contact +342869 +343771 11 62 1
a contact +349048 +349727 62 11 1
a contact +349048 +349727 11 62 1
a contact +381060 +381777 62 11 1
a contact +381060 +381777 11 62 1
a contact +387041 +387914 62 11 1
a contact +387041 +387914 11 62 1
a contact +393361 +393536 62 11 1
a contact +393361 +393536 11 62 1
a contact +427296 +428149 62 11 1
a contact +427296 +428149 11 62 1
a contact +433355 +434174 62 11 1
a contact +433355 +434174 11 62 1
a contact +465545 +466034 62 11 1
a contact +465545 +466034 11 62 1
a contact +471430 +472320 62 11 1
a contact +471430 +472320 11 62 1
a contact +477578 +478169 62 11 1
a contact +477578 +478169 11 62 1
a contact +511758 +512506 62 11 1
a contact +511758 +512506 11 62 1
a contact +517705 +518594 62 11 1
a contact +517705 +518594 11 62 1
a contact +555836 +556695 62 11 1
a contact +555836 +556695 11 62 1
a contact +561908 +562670 62 11 1
a contact +561908 +562670 11 62 1
a contact +596274 +596826 62 11 1
a contact +596274 +596826 11 62 1
a contact +602088 +602995 62 11 1
a contact +602088 +602995 11 62 1
a contact +0 +439 63 3 1
a contact +0 +439 3 63 1
a contact +5803 +6597 63 3 1
a contact +5803 +6597 3 63 1
a contact +11937 +12776 63 3 1
a contact +11937 +12776 3 63 1
a contact +18030 +18922 63 3 1
a contact +18030 +18922 3 63 1
a contact +24094 +24996 63 3 1
a contact +24094 +24996 3 63 1
a contact +30138 +30982 63 3 1
a contact +30138 +30982 3 63 1
a contact +36160 +36886 63 3 1
a contact +36160 +36886 3 63 1
a contact +42148 +42741 63 3 1
a contact +42148 +42741 3 63 1
a contact +48071 +48614 63 3 1
a contact +48071 +48614 3 63 1
a contact +53930 +54558 63 3 1
a contact +53930 +54558 3 63 1
a contact +59791 +60558 63 3 1
a contact +59791 +60558 3 63 1
a contact +65714 +66587 63 3 1
a contact +65714 +66587 3 63 1
a contact +71724 +72636 63 3 1
a contact +71724 +72636 3 63 1
a contact +77820 +78706 63 3 1
a contact +77820 +78706 3 63 1
a contact +83981 +84807 63 3 1
a contact +83981 +84807 3 63 1
a contact +90161 +90953 63 3 1
a contact +90161 +90953 3 63 1
a contact +96309 +97130 63 3 1
a contact +96309 +97130 3 63 1
a contact +102413 +103292 63 3 1
a contact +102413 +103292 3 63 1
a contact +108484 +109389 63 3 1
a contact +108484 +109389 3 63 1
a contact +114533 +115401 63 3 1
a contact +114533 +115401 3 63 1
a contact +120562 +121328 63 3 1
a contact +120562 +121328 3 63 1
a contact +126562 +127191 63 3 1
a contact +126562 +127191 3 63 1
a contact +132508 +133050 63 3 1
a contact +132508 +133050 3 63 1
a contact +138380 +138973 63 3 1
a contact +138380 +138973 3 63 1
a contact +144233 +144961 63 3 1
a contact +144233 +144961 3 63 1
a contact +150134 +150983 63 3 1
a contact +150134 +150983 3 63 1
a contact +156118 +157025 63 3 1
a contact +156118 +157025 3 63 1
a contact +162190 +163088 63 3 1
a contact +162190 +163088 3 63 1
a contact +168335 +169179 63 3 1
a contact +168335 +169179 3 63 1
a contact +174515 +175312 63 3 1
a contact +174515 +175312 3 63 1
a contact +180676 +181483 63 3 1
a contact +180676 +181483 3 63 1
a contact +186792 +187655 63 3 1
a contact +186792 +187655 3 63 1
a contact +192872 +193775 63 3 1
a contact +192872 +193775 3 63 1
a contact +198926 +199813 63 3 1
a contact +198926 +199813 3 63 1
a contact +204962 +205763 63 3 1
a contact +204962 +205763 3 63 1
a contact +210972 +211641 63 3 1
a contact +210972 +211641 3 63 1
a contact +216937 +217493 63 3 1
a contact +216937 +217493 3 63 1
a contact +222829 +223394 63 3 1
a contact +222829 +223394 3 63 1
a contact +228679 +229366 63 3 1
a contact +228679 +229366 3 63 1
a contact +234562 +235380 63 3 1
a contact +234562 +235380 3 63 1
a contact +240519 +241417 63 3 1
a contact +240519 +241417 3 63 1
a contact +246566 +247473 63 3 1
a contact +246566 +247473 3 63 1
a contact +252693 +253555 63 3 1
a contact +252693 +253555 3 63 1
a contact +258868 +259674 63 3 1
a contact +258868 +259674 3 63 1
a contact +265039 +265837 63 3 1
a contact +265039 +265837 3 63 1
a contact +271169 +272014 63 3 1
a contact +271169 +272014 3 63 1
a contact +277257 +278154 63 3 1
a contact +277257 +278154 3 63 1
a contact +283318 +284217 63 3 1
a contact +283318 +284217 3 63 1
a contact +289359 +290192 63 3 1
a contact +289359 +290192 3 63 1
a contact +295379 +296088 63 3 1
a contact +295379 +296088 3 63 1
a contact +301360 +301941 63 3 1
a contact +301360 +301941 3 63 1
a contact +307274 +307821 63 3 1
a contact +307274 +307821 3 63 1
a contact +313129 +313774 63 3 1
a contact +313129 +313774 3 63 1
a contact +318996 +319779 63 3 1
a contact +318996 +319779 3 63 1
a contact +324929 +325810 63 3 1
a contact +324929 +325810 3 63 1
a contact +330949 +331861 63 3 1
a contact +330949 +331861 3 63 1
a contact +337055 +337934 63 3 1
a contact +337055 +337934 3 63 1
a contact +343221 +344040 63 3 1
a contact +343221 +344040 3 63 1
a contact +349399 +350191 63 3 1
a contact +349399 +350191 3 63 1
a contact +355541 +356370 63 3 1
a contact +355541 +356370 3 63 1
a contact +361641 +362525 63 3 1
a contact +361641 +362525 3 63 1
a contact +367709 +368613 63 3 1
a contact +367709 +368613 3 63 1
a contact +373755 +374615 63 3 1
a contact +373755 +374615 3 63 1
a contact +379782 +380531 63 3 1
a contact +379782 +380531 3 63 1
a contact +385777 +386391 63 3 1
a contact +385777 +386391 3 63 1
a contact +391714 +392255 63 3 1
a contact +391714 +392255 3 63 1
a contact +397580 +398187 63 3 1
a contact +397580 +398187 3 63 1
a contact +403435 +404180 63 3 1
a contact +403435 +404180 3 63 1
a contact +409346 +410205 63 3 1
a contact +409346 +410205 3 63 1
a contact +415340 +416250 63 3 1
a contact +415340 +416250 3 63 1
a contact +421422 +422315 63 3 1
a contact +421422 +422315 3 63 1
a contact +427574 +428411 63 3 1
a contact +427574 +428411 3 63 1
a contact +433755 +434549 63 3 1
a contact +433755 +434549 3 63 1
a contact +439910 +440723 63 3 1
a contact +439910 +440723 3 63 1
a contact +446021 +446891 63 3 1
a contact +446021 +446891 3 63 1
a contact +452097 +453002 63 3 1
a contact +452097 +453002 3 63 1
a contact +458150 +459029 63 3 1
a contact +458150 +459029 3 63 1
a contact +464182 +464970 63 3 1
a contact +464182 +464970 3 63 1
a contact +470189 +470841 63 3 1
a contact +470189 +470841 3 63 1
a contact +476146 +476695 63 3 1
a contact +476146 +476695 3 63 1
a contact +482030 +482605 63 3 1
a contact +482030 +482605 3 63 1
a contact +487880 +488584 63 3 1
a contact +487880 +488584 3 63 1
a contact +493770 +494601 63 3 1
a contact +493770 +494601 3 63 1
a contact +499738 +500641 63 3 1
a contact +499738 +500641 3 63 1
a contact +505795 +506700 63 3 1
a contact +505795 +506700 3 63 1
a contact +511930 +512785 63 3 1
a contact +511930 +512785 3 63 1
a contact +518108 +518909 63 3 1
a contact +518108 +518909 3 63 1
a contact +524275 +525076 63 3 1
a contact +524275 +525076 3 63 1
a contact +530399 +531252 63 3 1
a contact +530399 +531252 3 63 1
a contact +536484 +537384 63 3 1
a contact +536484 +537384 3 63 1
a contact +542542 +543437 63 3 1
a contact +542542 +543437 3 63 1
a contact +548581 +549402 63 3 1
a contact +548581 +549402 3 63 1
a contact +554597 +555289 63 3 1
a contact +554597 +555289 3 63 1
a contact +560572 +561141 63 3 1
a contact +560572 +561141 3 63 1
a contact +566477 +567029 63 3 1
a contact +566477 +567029 3 63 1
a contact +572329 +572991 63 3 1
a contact +572329 +572991 3 63 1
a contact +578201 +578999 63 3 1
a contact +578201 +578999 3 63 1
a contact +584144 +585033 63 3 1
a contact +584144 +585033 3 63 1
a contact +590175 +591086 63 3 1
a contact +590175 +591086 3 63 1
a contact +596290 +597163 63 3 1
a contact +596290 +597163 3 63 1
a contact +602461 +603274 63 3 1
a contact +602461 +603274 3 63 1
a contact +23245 +23883 63 5 1
a contact +23245 +23883 5 63 1
a contact +29095 +29999 63 5 1
a contact +29095 +29999 5 63 1
a contact +35235 +36016 63 5 1
a contact +35235 +36016 5 63 1
a contact +66730 +67539 63 5 1
a contact +66730 +67539 5 63 1
a contact +72760 +73639 63 5 1
a contact +72760 +73639 5 63 1
a contact +78905 +79433 63 5 1
a contact +78905 +79433 5 63 1
a contact +107785 +108203 63 5 1
a contact +107785 +108203 5 63 1
a contact +113512 +114384 63 5 1
a contact +113512 +114384 5 63 1
a contact +119569 +120427 63 5 1
a contact +119569 +120427 5 63 1
a contact +126007 +126304 63 5 1
a contact +126007 +126304 5 63 1
a contact +151148 +151856 63 5 1
a contact +151148 +151856 5 63 1
a contact +157149 +158044 63 5 1
a contact +157149 +158044 5 63 1
a contact +163246 +163942 63 5 1
a contact +163246 +163942 5 63 1
a contact +197954 +198760 63 5 1
a contact +197954 +198760 5 63 1
a contact +203930 +204829 63 5 1
a contact +203930 +204829 5 63 1
a contact +210211 +210793 63 5 1
a contact +210211 +210793 5 63 1
a contact +235588 +236132 63 5 1
a contact +235588 +236132 5 63 1
a contact +241544 +242427 63 5 1
a contact +241544 +242427 5 63 1
a contact +247611 +248411 63 5 1
a contact +247611 +248411 5 63 1
a contact +282425 +283124 63 5 1
a contact +282425 +283124 5 63 1
a contact +288315 +289224 63 5 1
a contact +288315 +289224 5 63 1
a contact +294492 +295228 63 5 1
a contact +294492 +295228 5 63 1
a contact +320101 +320310 63 5 1
a contact +320101 +320310 5 63 1
a contact +325947 +326785 63 5 1
a contact +325947 +326785 5 63 1
a contact +331987 +332850 63 5 1
a contact +331987 +332850 5 63 1
a contact +338164 +338589 63 5 1
a contact +338164 +338589 5 63 1
a contact +366938 +367463 63 5 1
a contact +366938 +367463 5 63 1
a contact +372722 +373612 63 5 1
a contact +372722 +373612 5 63 1
a contact +378813 +379644 63 5 1
a contact +378813 +379644 5 63 1
a contact +410360 +411115 63 5 1
a contact +410360 +411115 5 63 1
a contact +416373 +417265 63 5 1
a contact +416373 +417265 5 63 1
a contact +422487 +423123 63 5 1
a contact +422487 +423123 5 63 1
a contact +451568 +451705 63 5 1
a contact +451568 +451705 5 63 1
a contact +457154 +457992 63 5 1
a contact +457154 +457992 5 63 1
a contact +463163 +464050 63 5 1
a contact +463163 +464050 5 63 1
a contact +469497 +469989 63 5 1
a contact +469497 +469989 5 63 1
a contact +494788 +495410 63 5 1
a contact +494788 +495410 5 63 1
a contact +500765 +501657 63 5 1
a contact +500765 +501657 5 63 1
a contact +506844 +507606 63 5 1
a contact +506844 +507606 5 63 1
a contact +541612 +542361 63 5 1
a contact +541612 +542361 5 63 1
a contact +547538 +548447 63 5 1
a contact +547538 +548447 5 63 1
a contact +553756 +554437 63 5 1
a contact +553756 +554437 5 63 1
a contact +579254 +579645 63 5 1
a contact +579254 +579645 5 63 1
a contact +585165 +586025 63 5 1
a contact +585165 +586025 5 63 1
a contact +591216 +592057 63 5 1
a contact +591216 +592057 5 63 1
a contact +597445 +597719 63 5 1
a contact +597445 +597719 5 63 1
a contact +26207 +26667 63 7 1
a contact +26207 +26667 7 63 1
a contact +31971 +32855 63 7 1
a contact +31971 +32855 7 63 1
a contact +38122 +38845 63 7 1
a contact +38122 +38845 7 63 1
a contact +69912 +70670 63 7 1
a contact +69912 +70670 7 63 1
a contact +75909 +76806 63 7 1
a contact +75909 +76806 7 63 1
a contact +82108 +82551 63 7 1
a contact +82108 +82551 7 63 1
a contact +116398 +117234 63 7 1
a contact +116398 +117234 7 63 1
a contact +122444 +123273 63 7 1
a contact +122444 +123273 7 63 1
a contact +154366 +154949 63 7 1
a contact +154366 +154949 7 63 1
a contact +160300 +161208 63 7 1
a contact +160300 +161208 7 63 1
a contact +166415 +167094 63 7 1
a contact +166415 +167094 7 63 1
a contact +200857 +201597 63 7 1
a contact +200857 +201597 7 63 1
a contact +206802 +207683 63 7 1
a contact +206802 +207683 7 63 1
a contact +213159 +213553 63 7 1
a contact +213159 +213553 7 63 1
a contact +238940 +239086 63 7 1
a contact +238940 +239086 7 63 1
a contact +244702 +245582 63 7 1
a contact +244702 +245582 7 63 1
a contact +250766 +251574 63 7 1
a contact +250766 +251574 7 63 1
a contact +285362 +285931 63 7 1
a contact +285362 +285931 7 63 1
a contact +291189 +292080 63 7 1
a contact +291189 +292080 7 63 1
a contact +297388 +298045 63 7 1
a contact +297388 +298045 7 63 1
a contact +329119 +329925 63 7 1
a contact +329119 +329925 7 63 1
a contact +335137 +336017 63 7 1
a contact +335137 +336017 7 63 1
a contact +341407 +341666 63 7 1
a contact +341407 +341666 7 63 1
a contact +369989 +370162 63 7 1
a contact +369989 +370162 7 63 1
a contact +375604 +376465 63 7 1
a contact +375604 +376465 7 63 1
a contact +381692 +382484 63 7 1
a contact +381692 +382484 7 63 1
a contact +413559 +414227 63 7 1
a contact +413559 +414227 7 63 1
a contact +419523 +420430 63 7 1
a contact +419523 +420430 7 63 1
a contact +425665 +426266 63 7 1
a contact +425665 +426266 7 63 1
a contact +460049 +460835 63 7 1
a contact +460049 +460835 7 63 1
a contact +466036 +466901 63 7 1
a contact +466036 +466901 7 63 1
a contact +472532 +472660 63 7 1
a contact +472532 +472660 7 63 1
a contact +498051 +498455 63 7 1
a contact +498051 +498455 7 63 1
a contact +503920 +504816 63 7 1
a contact +503920 +504816 7 63 1
a contact +510003 +510766 63 7 1
a contact +510003 +510766 7 63 1
a contact +544532 +545184 63 7 1
a contact +544532 +545184 7 63 1
a contact +550411 +551303 63 7 1
a contact +550411 +551303 7 63 1
a contact +556666 +557238 63 7 1
a contact +556666 +557238 7 63 1
a contact +588331 +589173 63 7 1
a contact +588331 +589173 7 63 1
a contact +594367 +595223 63 7 1
a contact +594367 +595223 7 63 1
a contact +1799 +1963 63 9 1
a contact +1799 +1963 9 63 1
a contact +7442 +8326 63 9 1
a contact +7442 +8326 9 63 1
a contact +13704 +14158 63 9 1
a contact +13704 +14158 9 63 1
a contact +46271 +46973 63 9 1
a contact +46271 +46973 9 63 1
a contact +52222 +53097 63 9 1
a contact +52222 +53097 9 63 1
a contact +91865 +92702 63 9 1
a contact +91865 +92702 9 63 1
a contact +97958 +98680 63 9 1
a contact +97958 +98680 9 63 1
a contact +130821 +131196 63 9 1
a contact +130821 +131196 9 63 1
a contact +136606 +137512 63 9 1
a contact +136606 +137512 9 63 1
a contact +142867 +143263 63 9 1
a contact +142867 +143263 9 63 1
a contact +176331 +177044 63 9 1
a contact +176331 +177044 9 63 1
a contact +182289 +183131 63 9 1
a contact +182289 +183131 9 63 1
a contact +221017 +221892 63 9 1
a contact +221017 +221892 9 63 1
a contact +227122 +227827 63 9 1
a contact +227122 +227827 9 63 1
a contact +260875 +261317 63 9 1
a contact +260875 +261317 9 63 1
a contact +266663 +267548 63 9 1
a contact +266663 +267548 9 63 1
a contact +273066 +273249 63 9 1
a contact +273066 +273249 9 63 1
a contact +305460 +306233 63 9 1
a contact +305460 +306233 9 63 1
a contact +311458 +312301 63 9 1
a contact +311458 +312301 9 63 1
a contact +351071 +351936 63 9 1
a contact +351071 +351936 9 63 1
a contact +357224 +357863 63 9 1
a contact +357224 +357863 9 63 1
a contact +389960 +390511 63 9 1
a contact +389960 +390511 9 63 1
a contact +395830 +396730 63 9 1
a contact +395830 +396730 9 63 1
a contact +435518 +436294 63 9 1
a contact +435518 +436294 9 63 1
a contact +441532 +442336 63 9 1
a contact +441532 +442336 9 63 1
a contact +480229 +481125 63 9 1
a contact +480229 +481125 9 63 1
a contact +486387 +486997 63 9 1
a contact +486387 +486997 9 63 1
a contact +520020 +520604 63 9 1
a contact +520020 +520604 9 63 1
a contact +525890 +526765 63 9 1
a contact +525890 +526765 9 63 1
a contact +564658 +565483 63 9 1
a contact +564658 +565483 9 63 1
a contact +570700 +571497 63 9 1
a contact +570700 +571497 9 63 1
a contact +4917 +5538 63 11 1
a contact +4917 +5538 11 63 1
a contact +36879 +37634 63 11 1
a contact +36879 +37634 11 63 1
a contact +42878 +43739 63 11 1
a contact +42878 +43739 11 63 1
a contact +83116 +83988 63 11 1
a contact +83116 +83988 11 63 1
a contact +89207 +89996 63 11 1
a contact +89207 +89996 11 63 1
a contact +121345 +121915 63 11 1
a contact +121345 +121915 11 63 1
a contact +127263 +128153 63 11 1
a contact +127263 +128153 11 63 1
a contact +133439 +133959 63 11 1
a contact +133439 +133959 11 63 1
a contact +167568 +168352 63 11 1
a contact +167568 +168352 11 63 1
a contact +173546 +174422 63 11 1
a contact +173546 +174422 11 63 1
a contact +211664 +212537 63 11 1
a contact +211664 +212537 11 63 1
a contact +217755 +218480 63 11 1
a contact +217755 +218480 11 63 1
a contact +252066 +252686 63 11 1
a contact +252066 +252686 11 63 1
a contact +257921 +258828 63 11 1
a contact +257921 +258828 11 63 1
a contact +264207 +264715 63 11 1
a contact +264207 +264715 11 63 1
a contact +296084 +296887 63 11 1
a contact +296084 +296887 11 63 1
a contact +302110 +302944 63 11 1
a contact +302110 +302944 11 63 1
a contact +336674 +336927 63 11 1
a contact +336674 +336927 11 63 1
a contact +342326 +343217 63 11 1
a contact +342326 +343217 11 63 1
a contact +348465 +349198 63 11 1
a contact +348465 +349198 11 63 1
a contact +380531 +381193 63 11 1
a contact +380531 +381193 11 63 1
a contact +386488 +387371 63 11 1
a contact +386488 +387371 11 63 1
a contact +392722 +393096 63 11 1
a contact +392722 +393096 11 63 1
a contact +426762 +427590 63 11 1
a contact +426762 +427590 11 63 1
a contact +432787 +433634 63 11 1
a contact +432787 +433634 11 63 1
a contact +465047 +465412 63 11 1
a contact +465047 +465412 11 63 1
a contact +470882 +471767 63 11 1
a contact +470882 +471767 11 63 1
a contact +477003 +477659 63 11 1
a contact +477003 +477659 11 63 1
a contact +511238 +511938 63 11 1
a contact +511238 +511938 11 63 1
a contact +517148 +518048 63 11 1
a contact +517148 +518048 11 63 1
a contact +523529 +523864 63 11 1
a contact +523529 +523864 11 63 1
a contact +555293 +556132 63 11 1
a contact +555293 +556132 11 63 1
a contact +561346 +562143 63 11 1
a contact +561346 +562143 11 63 1
a contact +595782 +596237 63 11 1
a contact +595782 +596237 11 63 1
a contact +601540 +602444 63 11 1
a contact +601540 +602444 11 63 1
a contact +5243 +6036 64 3 1
a contact +5243 +6036 3 64 1
a contact +11382 +12215 64 3 1
a contact +11382 +12215 3 64 1
a contact +17478 +18367 64 3 1
a contact +17478 +18367 3 64 1
a contact +23544 +24448 64 3 1
a contact +23544 +24448 3 64 1
a contact +29589 +30442 64 3 1
a contact +29589 +30442 3 64 1
a contact +35614 +36353 64 3 1
a contact +35614 +36353 3 64 1
a contact +41606 +42209 64 3 1
a contact +41606 +42209 3 64 1
a contact +47536 +48077 64 3 1
a contact +47536 +48077 3 64 1
a contact +53398 +54016 64 3 1
a contact +53398 +54016 3 64 1
a contact +59256 +60012 64 3 1
a contact +59256 +60012 3 64 1
a contact +65173 +66039 64 3 1
a contact +65173 +66039 3 64 1
a contact +71174 +72085 64 3 1
a contact +71174 +72085 3 64 1
a contact +77263 +78153 64 3 1
a contact +77263 +78153 3 64 1
a contact +83420 +84251 64 3 1
a contact +83420 +84251 3 64 1
a contact +89600 +90393 64 3 1
a contact +89600 +90393 3 64 1
a contact +95752 +96569 64 3 1
a contact +95752 +96569 3 64 1
a contact +101860 +102734 64 3 1
a contact +101860 +102734 3 64 1
a contact +107933 +108839 64 3 1
a contact +107933 +108839 3 64 1
a contact +113984 +114859 64 3 1
a contact +113984 +114859 3 64 1
a contact +120015 +120792 64 3 1
a contact +120015 +120792 3 64 1
a contact +126019 +126660 64 3 1
a contact +126019 +126660 3 64 1
a contact +131971 +132516 64 3 1
a contact +131971 +132516 3 64 1
a contact +137849 +138432 64 3 1
a contact +137849 +138432 3 64 1
a contact +143700 +144415 64 3 1
a contact +143700 +144415 3 64 1
a contact +149595 +150435 64 3 1
a contact +149595 +150435 3 64 1
a contact +155571 +156476 64 3 1
a contact +155571 +156476 3 64 1
a contact +161634 +162536 64 3 1
a contact +161634 +162536 3 64 1
a contact +167775 +168624 64 3 1
a contact +167775 +168624 3 64 1
a contact +173954 +174753 64 3 1
a contact +173954 +174753 3 64 1
a contact +180118 +180922 64 3 1
a contact +180118 +180922 3 64 1
a contact +186238 +187096 64 3 1
a contact +186238 +187096 3 64 1
a contact +192320 +193222 64 3 1
a contact +192320 +193222 3 64 1
a contact +198377 +199268 64 3 1
a contact +198377 +199268 3 64 1
a contact +204414 +205226 64 3 1
a contact +204414 +205226 3 64 1
a contact +210428 +211109 64 3 1
a contact +210428 +211109 3 64 1
a contact +216398 +216961 64 3 1
a contact +216398 +216961 3 64 1
a contact +222297 +222854 64 3 1
a contact +222297 +222854 3 64 1
a contact +228148 +228821 64 3 1
a contact +228148 +228821 3 64 1
a contact +234024 +234832 64 3 1
a contact +234024 +234832 3 64 1
a contact +239975 +240868 64 3 1
a contact +239975 +240868 3 64 1
a contact +246013 +246922 64 3 1
a contact +246013 +246922 3 64 1
a contact +252133 +253001 64 3 1
a contact +252133 +253001 3 64 1
a contact +258307 +259116 64 3 1
a contact +258307 +259116 3 64 1
a contact +264480 +265275 64 3 1
a contact +264480 +265275 3 64 1
a contact +270614 +271454 64 3 1
a contact +270614 +271454 3 64 1
a contact +276705 +277599 64 3 1
a contact +276705 +277599 3 64 1
a contact +282769 +283670 64 3 1
a contact +282769 +283670 3 64 1
a contact +288811 +289653 64 3 1
a contact +288811 +289653 3 64 1
a contact +294833 +295555 64 3 1
a contact +294833 +295555 3 64 1
a contact +300819 +301409 64 3 1
a contact +300819 +301409 3 64 1
a contact +306740 +307284 64 3 1
a contact +306740 +307284 3 64 1
a contact +312598 +313231 64 3 1
a contact +312598 +313231 3 64 1
a contact +318460 +319232 64 3 1
a contact +318460 +319232 3 64 1
a contact +324386 +325261 64 3 1
a contact +324386 +325261 3 64 1
a contact +330398 +331310 64 3 1
a contact +330398 +331310 3 64 1
a contact +336497 +337381 64 3 1
a contact +336497 +337381 3 64 1
a contact +342659 +343484 64 3 1
a contact +342659 +343484 3 64 1
a contact +348838 +349631 64 3 1
a contact +348838 +349631 3 64 1
a contact +354985 +355808 64 3 1
a contact +354985 +355808 3 64 1
a contact +361088 +361968 64 3 1
a contact +361088 +361968 3 64 1
a contact +367158 +368064 64 3 1
a contact +367158 +368064 3 64 1
a contact +373207 +374073 64 3 1
a contact +373207 +374073 3 64 1
a contact +379235 +379997 64 3 1
a contact +379235 +379997 3 64 1
a contact +385234 +385859 64 3 1
a contact +385234 +385859 3 64 1
a contact +391178 +391720 64 3 1
a contact +391178 +391720 3 64 1
a contact +397048 +397645 64 3 1
a contact +397048 +397645 3 64 1
a contact +402902 +403634 64 3 1
a contact +402902 +403634 3 64 1
a contact +408805 +409656 64 3 1
a contact +408805 +409656 3 64 1
a contact +414791 +415700 64 3 1
a contact +414791 +415700 3 64 1
a contact +420866 +421763 64 3 1
a contact +420866 +421763 3 64 1
a contact +427013 +427855 64 3 1
a contact +427013 +427855 3 64 1
a contact +433193 +433989 64 3 1
a contact +433193 +433989 3 64 1
a contact +439353 +440162 64 3 1
a contact +439353 +440162 3 64 1
a contact +445468 +446333 64 3 1
a contact +445468 +446333 3 64 1
a contact +451546 +452450 64 3 1
a contact +451546 +452450 3 64 1
a contact +457600 +458485 64 3 1
a contact +457600 +458485 3 64 1
a contact +463635 +464433 64 3 1
a contact +463635 +464433 3 64 1
a contact +469645 +470309 64 3 1
a contact +469645 +470309 3 64 1
a contact +475608 +476162 64 3 1
a contact +475608 +476162 3 64 1
a contact +481498 +482065 64 3 1
a contact +481498 +482065 3 64 1
a contact +487348 +488038 64 3 1
a contact +487348 +488038 3 64 1
a contact +493232 +494053 64 3 1
a contact +493232 +494053 3 64 1
a contact +499192 +500091 64 3 1
a contact +499192 +500091 3 64 1
a contact +505241 +506148 64 3 1
a contact +505241 +506148 3 64 1
a contact +511370 +512231 64 3 1
a contact +511370 +512231 3 64 1
a contact +517547 +518351 64 3 1
a contact +517547 +518351 3 64 1
a contact +523717 +524515 64 3 1
a contact +523717 +524515 3 64 1
a contact +529844 +530692 64 3 1
a contact +529844 +530692 3 64 1
a contact +535932 +536829 64 3 1
a contact +535932 +536829 3 64 1
a contact +541993 +542890 64 3 1
a contact +541993 +542890 3 64 1
a contact +548033 +548863 64 3 1
a contact +548033 +548863 3 64 1
a contact +554052 +554757 64 3 1
a contact +554052 +554757 3 64 1
a contact +560032 +560609 64 3 1
a contact +560032 +560609 3 64 1
a contact +565943 +566491 64 3 1
a contact +565943 +566491 3 64 1
a contact +571797 +572446 64 3 1
a contact +571797 +572446 3 64 1
a contact +577665 +578452 64 3 1
a contact +577665 +578452 3 64 1
a contact +583601 +584484 64 3 1
a contact +583601 +584484 3 64 1
a contact +589624 +590535 64 3 1
a contact +589624 +590535 3 64 1
a contact +595732 +596609 64 3 1
a contact +595732 +596609 3 64 1
a contact +601899 +602717 64 3 1
a contact +601899 +602717 3 64 1
a contact +22734 +23317 64 5 1
a contact +22734 +23317 5 64 1
a contact +28550 +29449 64 5 1
a contact +28550 +29449 5 64 1
a contact +34665 +35474 64 5 1
a contact +34665 +35474 5 64 1
a contact +66187 +66970 64 5 1
a contact +66187 +66970 5 64 1
a contact +72209 +73096 64 5 1
a contact +72209 +73096 5 64 1
a contact +78336 +78926 64 5 1
a contact +78336 +78926 5 64 1
a contact +107305 +107612 64 5 1
a contact +107305 +107612 5 64 1
a contact +112975 +113831 64 5 1
a contact +112975 +113831 5 64 1
a contact +119007 +119882 64 5 1
a contact +119007 +119882 5 64 1
a contact +125384 +125797 64 5 1
a contact +125384 +125797 5 64 1
a contact +150610 +151276 64 5 1
a contact +150610 +151276 5 64 1
a contact +156599 +157494 64 5 1
a contact +156599 +157494 5 64 1
a contact +162687 +163420 64 5 1
a contact +162687 +163420 5 64 1
a contact +197426 +198204 64 5 1
a contact +197426 +198204 5 64 1
a contact +203376 +204281 64 5 1
a contact +203376 +204281 5 64 1
a contact +209622 +210260 64 5 1
a contact +209622 +210260 5 64 1
a contact +235061 +235533 64 5 1
a contact +235061 +235533 5 64 1
a contact +240997 +241869 64 5 1
a contact +240997 +241869 5 64 1
a contact +247055 +247879 64 5 1
a contact +247055 +247879 5 64 1
a contact +253393 +253414 64 5 1
a contact +253393 +253414 5 64 1
a contact +281908 +282562 64 5 1
a contact +281908 +282562 5 64 1
a contact +287767 +288674 64 5 1
a contact +287767 +288674 5 64 1
a contact +293917 +294688 64 5 1
a contact +293917 +294688 5 64 1
a contact +325403 +326219 64 5 1
a contact +325403 +326219 5 64 1
a contact +331435 +332310 64 5 1
a contact +331435 +332310 5 64 1
a contact +337587 +338092 64 5 1
a contact +337587 +338092 5 64 1
a contact +366440 +366888 64 5 1
a contact +366440 +366888 5 64 1
a contact +372182 +373060 64 5 1
a contact +372182 +373060 5 64 1
a contact +378248 +379100 64 5 1
a contact +378248 +379100 5 64 1
a contact +384712 +384958 64 5 1
a contact +384712 +384958 5 64 1
a contact +409819 +410540 64 5 1
a contact +409819 +410540 5 64 1
a contact +415823 +416718 64 5 1
a contact +415823 +416718 5 64 1
a contact +421924 +422606 64 5 1
a contact +421924 +422606 5 64 1
a contact +456622 +457437 64 5 1
a contact +456622 +457437 5 64 1
a contact +462606 +463503 64 5 1
a contact +462606 +463503 5 64 1
a contact +468899 +469461 64 5 1
a contact +468899 +469461 5 64 1
a contact +494255 +494821 64 5 1
a contact +494255 +494821 5 64 1
a contact +500217 +501103 64 5 1
a contact +500217 +501103 5 64 1
a contact +506287 +507078 64 5 1
a contact +506287 +507078 5 64 1
a contact +541090 +541802 64 5 1
a contact +541090 +541802 5 64 1
a contact +546988 +547898 64 5 1
a contact +546988 +547898 5 64 1
a contact +553176 +553899 64 5 1
a contact +553176 +553899 5 64 1
a contact +578751 +579019 64 5 1
a contact +578751 +579019 5 64 1
a contact +584620 +585464 64 5 1
a contact +584620 +585464 5 64 1
a contact +590663 +591521 64 5 1
a contact +590663 +591521 5 64 1
a contact +596849 +597243 64 5 1
a contact +596849 +597243 5 64 1
a contact +25727 +26071 64 7 1
a contact +25727 +26071 7 64 1
a contact +31430 +32303 64 7 1
a contact +31430 +32303 7 64 1
a contact +37546 +38309 64 7 1
a contact +37546 +38309 7 64 1
a contact +69377 +70092 64 7 1
a contact +69377 +70092 7 64 1
a contact +75358 +76262 64 7 1
a contact +75358 +76262 7 64 1
a contact +81524 +82059 64 7 1
a contact +81524 +82059 7 64 1
a contact +115866 +116678 64 7 1
a contact +115866 +116678 7 64 1
a contact +121881 +122731 64 7 1
a contact +121881 +122731 7 64 1
a contact +153848 +154348 64 7 1
a contact +153848 +154348 7 64 1
a contact +159752 +160656 64 7 1
a contact +159752 +160656 7 64 1
a contact +165850 +166576 64 7 1
a contact +165850 +166576 7 64 1
a contact +200337 +201034 64 7 1
a contact +200337 +201034 7 64 1
a contact +206248 +207137 64 7 1
a contact +206248 +207137 7 64 1
a contact +212545 +213045 64 7 1
a contact +212545 +213045 7 64 1
a contact +244159 +245021 64 7 1
a contact +244159 +245021 7 64 1
a contact +250208 +251044 64 7 1
a contact +250208 +251044 7 64 1
a contact +284862 +285353 64 7 1
a contact +284862 +285353 7 64 1
a contact +290644 +291530 64 7 1
a contact +290644 +291530 7 64 1
a contact +296806 +297514 64 7 1
a contact +296806 +297514 7 64 1
a contact +328582 +329353 64 7 1
a contact +328582 +329353 7 64 1
a contact +334584 +335477 64 7 1
a contact +334584 +335477 7 64 1
a contact +340796 +341203 64 7 1
a contact +340796 +341203 7 64 1
a contact +375067 +375910 64 7 1
a contact +375067 +375910 7 64 1
a contact +381124 +381944 64 7 1
a contact +381124 +381944 7 64 1
a contact +413032 +413638 64 7 1
a contact +413032 +413638 7 64 1
a contact +418974 +419882 64 7 1
a contact +418974 +419882 7 64 1
a contact +425095 +425756 64 7 1
a contact +425095 +425756 7 64 1
a contact +459523 +460275 64 7 1
a contact +459523 +460275 7 64 1
a contact +465478 +466356 64 7 1
a contact +465478 +466356 7 64 1
a contact +471859 +472208 64 7 1
a contact +471859 +472208 7 64 1
a contact +497571 +497812 64 7 1
a contact +497571 +497812 7 64 1
a contact +503375 +504259 64 7 1
a contact +503375 +504259 7 64 1
a contact +509443 +510241 64 7 1
a contact +509443 +510241 7 64 1
a contact +544022 +544613 64 7 1
a contact +544022 +544613 7 64 1
a contact +549862 +550754 64 7 1
a contact +549862 +550754 7 64 1
a contact +556074 +556713 64 7 1
a contact +556074 +556713 7 64 1
a contact +587790 +588606 64 7 1
a contact +587790 +588606 7 64 1
a contact +593813 +594687 64 7 1
a contact +593813 +594687 7 64 1
a contact +600116 +600297 64 7 1
a contact +600116 +600297 7 64 1
a contact +6898 +7775 64 9 1
a contact +6898 +7775 9 64 1
a contact +13097 +13662 64 9 1
a contact +13097 +13662 9 64 1
a contact +45755 +46387 64 9 1
a contact +45755 +46387 9 64 1
a contact +51667 +52558 64 9 1
a contact +51667 +52558 9 64 1
a contact +91333 +92142 64 9 1
a contact +91333 +92142 9 64 1
a contact +97384 +98154 64 9 1
a contact +97384 +98154 9 64 1
a contact +136059 +136962 64 9 1
a contact +136059 +136962 9 64 1
a contact +142259 +142785 64 9 1
a contact +142259 +142785 9 64 1
a contact +175816 +176469 64 9 1
a contact +175816 +176469 9 64 1
a contact +181730 +182593 64 9 1
a contact +181730 +182593 9 64 1
a contact +220479 +221332 64 9 1
a contact +220479 +221332 9 64 1
a contact +226550 +227309 64 9 1
a contact +226550 +227309 9 64 1
a contact +260420 +260686 64 9 1
a contact +260420 +260686 9 64 1
a contact +266115 +267000 64 9 1
a contact +266115 +267000 9 64 1
a contact +272402 +272810 64 9 1
a contact +272402 +272810 9 64 1
a contact +304936 +305657 64 9 1
a contact +304936 +305657 9 64 1
a contact +310899 +311767 64 9 1
a contact +310899 +311767 9 64 1
a contact +350534 +351379 64 9 1
a contact +350534 +351379 9 64 1
a contact +356641 +357345 64 9 1
a contact +356641 +357345 9 64 1
a contact +389469 +389898 64 9 1
a contact +389469 +389898 9 64 1
a contact +395280 +396185 64 9 1
a contact +395280 +396185 9 64 1
a contact +401568 +401906 64 9 1
a contact +401568 +401906 9 64 1
a contact +434995 +435726 64 9 1
a contact +434995 +435726 9 64 1
a contact +440967 +441801 64 9 1
a contact +440967 +441801 9 64 1
a contact +479688 +480569 64 9 1
a contact +479688 +480569 9 64 1
a contact +485805 +486489 64 9 1
a contact +485805 +486489 9 64 1
a contact +519526 +520010 64 9 1
a contact +519526 +520010 9 64 1
a contact +525337 +526221 64 9 1
a contact +525337 +526221 9 64 1
a contact +564127 +564915 64 9 1
a contact +564127 +564915 9 64 1
a contact +570136 +570969 64 9 1
a contact +570136 +570969 9 64 1
a contact +4329 +5014 64 11 1
a contact +4329 +5014 11 64 1
a contact +36347 +37058 64 11 1
a contact +36347 +37058 11 64 1
a contact +42325 +43199 64 11 1
a contact +42325 +43199 11 64 1
a contact +48631 +48838 64 11 1
a contact +48631 +48838 11 64 1
a contact +82581 +83432 64 11 1
a contact +82581 +83432 11 64 1
a contact +88637 +89460 64 11 1
a contact +88637 +89460 11 64 1
a contact +120834 +121311 64 11 1
a contact +120834 +121311 11 64 1
a contact +126715 +127604 64 11 1
a contact +126715 +127604 11 64 1
a contact +132859 +133458 64 11 1
a contact +132859 +133458 11 64 1
a contact +167045 +167789 64 11 1
a contact +167045 +167789 11 64 1
a contact +172988 +173878 64 11 1
a contact +172988 +173878 11 64 1
a contact +179513 +179568 64 11 1
a contact +179513 +179568 11 64 1
a contact +211121 +211978 64 11 1
a contact +211121 +211978 11 64 1
a contact +217191 +217957 64 11 1
a contact +217191 +217957 11 64 1
a contact +251564 +252107 64 11 1
a contact +251564 +252107 11 64 1
a contact +257372 +258279 64 11 1
a contact +257372 +258279 11 64 1
a contact +263606 +264202 64 11 1
a contact +263606 +264202 11 64 1
a contact +295548 +296317 64 11 1
a contact +295548 +296317 11 64 1
a contact +301554 +302409 64 11 1
a contact +301554 +302409 11 64 1
a contact +341786 +342664 64 11 1
a contact +341786 +342664 11 64 1
a contact +347889 +348665 64 11 1
a contact +347889 +348665 11 64 1
a contact +380008 +380604 64 11 1
a contact +380008 +380604 11 64 1
a contact +385937 +386826 64 11 1
a contact +385937 +386826 11 64 1
a contact +392125 +392615 64 11 1
a contact +392125 +392615 11 64 1
a contact +426234 +427030 64 11 1
a contact +426234 +427030 11 64 1
a contact +432224 +433093 64 11 1
a contact +432224 +433093 11 64 1
a contact +464607 +464734 64 11 1
a contact +464607 +464734 11 64 1
a contact +470337 +471213 64 11 1
a contact +470337 +471213 11 64 1
a contact +476434 +477144 64 11 1
a contact +476434 +477144 11 64 1
a contact +510726 +511368 64 11 1
a contact +510726 +511368 11 64 1
a contact +516595 +517501 64 11 1
a contact +516595 +517501 11 64 1
a contact +522902 +523374 64 11 1
a contact +522902 +523374 11 64 1
a contact +554754 +555567 64 11 1
a contact +554754 +555567 11 64 1
a contact +560787 +561612 64 11 1
a contact +560787 +561612 11 64 1
a contact +595312 +595629 64 11 1
a contact +595312 +595629 11 64 1
a contact +600997 +601893 64 11 1
a contact +600997 +601893 11 64 1
a contact +4684 +5477 65 3 1
a contact +4684 +5477 3 65 1
a contact +10827 +11655 65 3 1
a contact +10827 +11655 3 65 1
a contact +16927 +17811 65 3 1
a contact +16927 +17811 3 65 1
a contact +22995 +23900 65 3 1
a contact +22995 +23900 3 65 1
a contact +29042 +29902 65 3 1
a contact +29042 +29902 3 65 1
a contact +35069 +35820 65 3 1
a contact +35069 +35820 3 65 1
a contact +41065 +41679 65 3 1
a contact +41065 +41679 3 65 1
a contact +47002 +47543 65 3 1
a contact +47002 +47543 3 65 1
a contact +52868 +53474 65 3 1
a contact +52868 +53474 3 65 1
a contact +58724 +59467 65 3 1
a contact +58724 +59467 3 65 1
a contact +64633 +65491 65 3 1
a contact +64633 +65491 3 65 1
a contact +70626 +71536 65 3 1
a contact +70626 +71536 3 65 1
a contact +76707 +77602 65 3 1
a contact +76707 +77602 3 65 1
a contact +82860 +83697 65 3 1
a contact +82860 +83697 3 65 1
a contact +89040 +89834 65 3 1
a contact +89040 +89834 3 65 1
a contact +95196 +96008 65 3 1
a contact +95196 +96008 3 65 1
a contact +101307 +102177 65 3 1
a contact +101307 +102177 3 65 1
a contact +107384 +108288 65 3 1
a contact +107384 +108288 3 65 1
a contact +113436 +114317 65 3 1
a contact +113436 +114317 3 65 1
a contact +119469 +120257 65 3 1
a contact +119469 +120257 3 65 1
a contact +125476 +126129 65 3 1
a contact +125476 +126129 3 65 1
a contact +131434 +131983 65 3 1
a contact +131434 +131983 3 65 1
a contact +137318 +137892 65 3 1
a contact +137318 +137892 3 65 1
a contact +143168 +143871 65 3 1
a contact +143168 +143871 3 65 1
a contact +149058 +149888 65 3 1
a contact +149058 +149888 3 65 1
a contact +155025 +155927 65 3 1
a contact +155025 +155927 3 65 1
a contact +161081 +161986 65 3 1
a contact +161081 +161986 3 65 1
a contact +167216 +168071 65 3 1
a contact +167216 +168071 3 65 1
a contact +173394 +174195 65 3 1
a contact +173394 +174195 3 65 1
a contact +179561 +180361 65 3 1
a contact +179561 +180361 3 65 1
a contact +185685 +186537 65 3 1
a contact +185685 +186537 3 65 1
a contact +191770 +192670 65 3 1
a contact +191770 +192670 3 65 1
a contact +197829 +198724 65 3 1
a contact +197829 +198724 3 65 1
a contact +203868 +204689 65 3 1
a contact +203868 +204689 3 65 1
a contact +209884 +210578 65 3 1
a contact +209884 +210578 3 65 1
a contact +215860 +216429 65 3 1
a contact +215860 +216429 3 65 1
a contact +221765 +222317 65 3 1
a contact +221765 +222317 3 65 1
a contact +227617 +228278 65 3 1
a contact +227617 +228278 3 65 1
a contact +233489 +234286 65 3 1
a contact +233489 +234286 3 65 1
a contact +239431 +240320 65 3 1
a contact +239431 +240320 3 65 1
a contact +245462 +246372 65 3 1
a contact +245462 +246372 3 65 1
a contact +251576 +252449 65 3 1
a contact +251576 +252449 3 65 1
a contact +257746 +258560 65 3 1
a contact +257746 +258560 3 65 1
a contact +263922 +264715 65 3 1
a contact +263922 +264715 3 65 1
a contact +270059 +270894 65 3 1
a contact +270059 +270894 3 65 1
a contact +276154 +277044 65 3 1
a contact +276154 +277044 3 65 1
a contact +282220 +283123 65 3 1
a contact +282220 +283123 3 65 1
a contact +288264 +289114 65 3 1
a contact +288264 +289114 3 65 1
a contact +294288 +295023 65 3 1
a contact +294288 +295023 3 65 1
a contact +300279 +300879 65 3 1
a contact +300279 +300879 3 65 1
a contact +306207 +306748 65 3 1
a contact +306207 +306748 3 65 1
a contact +312068 +312689 65 3 1
a contact +312068 +312689 3 65 1
a contact +317927 +318686 65 3 1
a contact +317927 +318686 3 65 1
a contact +323845 +324714 65 3 1
a contact +323845 +324714 3 65 1
a contact +329850 +330761 65 3 1
a contact +329850 +330761 3 65 1
a contact +335941 +336829 65 3 1
a contact +335941 +336829 3 65 1
a contact +342099 +342929 65 3 1
a contact +342099 +342929 3 65 1
a contact +348279 +349072 65 3 1
a contact +348279 +349072 3 65 1
a contact +354430 +355248 65 3 1
a contact +354430 +355248 3 65 1
a contact +360536 +361412 65 3 1
a contact +360536 +361412 3 65 1
a contact +366609 +367514 65 3 1
a contact +366609 +367514 3 65 1
a contact +372659 +373532 65 3 1
a contact +372659 +373532 3 65 1
a contact +378690 +379463 65 3 1
a contact +378690 +379463 3 65 1
a contact +384692 +385329 65 3 1
a contact +384692 +385329 3 65 1
a contact +390642 +391186 65 3 1
a contact +390642 +391186 3 65 1
a contact +396518 +397105 65 3 1
a contact +396518 +397105 3 65 1
a contact +402370 +403089 65 3 1
a contact +402370 +403089 3 65 1
a contact +408267 +409109 65 3 1
a contact +408267 +409109 3 65 1
a contact +414245 +415151 65 3 1
a contact +414245 +415151 3 65 1
a contact +420312 +421213 65 3 1
a contact +420312 +421213 3 65 1
a contact +426454 +427302 65 3 1
a contact +426454 +427302 3 65 1
a contact +432633 +433431 65 3 1
a contact +432633 +433431 3 65 1
a contact +438796 +439601 65 3 1
a contact +438796 +439601 3 65 1
a contact +444915 +445775 65 3 1
a contact +444915 +445775 3 65 1
a contact +450996 +451899 65 3 1
a contact +450996 +451899 3 65 1
a contact +457052 +457942 65 3 1
a contact +457052 +457942 3 65 1
a contact +463089 +463897 65 3 1
a contact +463089 +463897 3 65 1
a contact +469101 +469778 65 3 1
a contact +469101 +469778 3 65 1
a contact +475070 +475630 65 3 1
a contact +475070 +475630 3 65 1
a contact +480966 +481526 65 3 1
a contact +480966 +481526 3 65 1
a contact +486817 +487495 65 3 1
a contact +486817 +487495 3 65 1
a contact +492696 +493507 65 3 1
a contact +492696 +493507 3 65 1
a contact +498648 +499543 65 3 1
a contact +498648 +499543 3 65 1
a contact +504689 +505598 65 3 1
a contact +504689 +505598 3 65 1
a contact +510812 +511678 65 3 1
a contact +510812 +511678 3 65 1
a contact +516986 +517794 65 3 1
a contact +516986 +517794 3 65 1
a contact +523159 +523954 65 3 1
a contact +523159 +523954 3 65 1
a contact +529291 +530133 65 3 1
a contact +529291 +530133 3 65 1
a contact +535381 +536276 65 3 1
a contact +535381 +536276 3 65 1
a contact +541444 +542344 65 3 1
a contact +541444 +542344 3 65 1
a contact +547486 +548325 65 3 1
a contact +547486 +548325 3 65 1
a contact +553507 +554225 65 3 1
a contact +553507 +554225 3 65 1
a contact +559492 +560078 65 3 1
a contact +559492 +560078 3 65 1
a contact +565410 +565955 65 3 1
a contact +565410 +565955 3 65 1
a contact +571267 +571904 65 3 1
a contact +571267 +571904 3 65 1
a contact +577131 +577906 65 3 1
a contact +577131 +577906 3 65 1
a contact +583059 +583936 65 3 1
a contact +583059 +583936 3 65 1
a contact +589074 +589986 65 3 1
a contact +589074 +589986 3 65 1
a contact +595175 +596057 65 3 1
a contact +595175 +596057 3 65 1
a contact +601339 +602161 65 3 1
a contact +601339 +602161 3 65 1
a contact +22230 +22748 65 5 1
a contact +22230 +22748 5 65 1
a contact +28010 +28898 65 5 1
a contact +28010 +28898 5 65 1
a contact +34098 +34931 65 5 1
a contact +34098 +34931 5 65 1
a contact +65647 +66399 65 5 1
a contact +65647 +66399 5 65 1
a contact +71659 +72552 65 5 1
a contact +71659 +72552 5 65 1
a contact +77772 +78414 65 5 1
a contact +77772 +78414 5 65 1
a contact +106875 +106974 65 5 1
a contact +106875 +106974 5 65 1
a contact +112442 +113278 65 5 1
a contact +112442 +113278 5 65 1
a contact +118449 +119337 65 5 1
a contact +118449 +119337 5 65 1
a contact +124778 +125278 65 5 1
a contact +124778 +125278 5 65 1
a contact +150076 +150693 65 5 1
a contact +150076 +150693 5 65 1
a contact +156052 +156943 65 5 1
a contact +156052 +156943 5 65 1
a contact +162130 +162895 65 5 1
a contact +162130 +162895 5 65 1
a contact +196901 +197647 65 5 1
a contact +196901 +197647 5 65 1
a contact +202825 +203734 65 5 1
a contact +202825 +203734 5 65 1
a contact +209039 +209725 65 5 1
a contact +209039 +209725 5 65 1
a contact +234544 +234925 65 5 1
a contact +234544 +234925 5 65 1
a contact +240452 +241311 65 5 1
a contact +240452 +241311 5 65 1
a contact +246502 +247345 65 5 1
a contact +246502 +247345 5 65 1
a contact +252725 +253015 65 5 1
a contact +252725 +253015 5 65 1
a contact +281396 +281998 65 5 1
a contact +281396 +281998 5 65 1
a contact +287224 +288124 65 5 1
a contact +287224 +288124 5 65 1
a contact +293347 +294147 65 5 1
a contact +293347 +294147 5 65 1
a contact +324860 +325652 65 5 1
a contact +324860 +325652 5 65 1
a contact +330885 +331769 65 5 1
a contact +330885 +331769 5 65 1
a contact +337017 +337588 65 5 1
a contact +337017 +337588 5 65 1
a contact +365955 +366303 65 5 1
a contact +365955 +366303 5 65 1
a contact +371646 +372508 65 5 1
a contact +371646 +372508 5 65 1
a contact +377686 +378556 65 5 1
a contact +377686 +378556 5 65 1
a contact +384081 +384461 65 5 1
a contact +384081 +384461 5 65 1
a contact +409282 +409962 65 5 1
a contact +409282 +409962 5 65 1
a contact +415274 +416170 65 5 1
a contact +415274 +416170 5 65 1
a contact +421365 +422086 65 5 1
a contact +421365 +422086 5 65 1
a contact +456094 +456881 65 5 1
a contact +456094 +456881 5 65 1
a contact +462052 +462956 65 5 1
a contact +462052 +462956 5 65 1
a contact +468310 +468930 65 5 1
a contact +468310 +468930 5 65 1
a contact +493728 +494226 65 5 1
a contact +493728 +494226 5 65 1
a contact +499671 +500547 65 5 1
a contact +499671 +500547 5 65 1
a contact +505732 +506548 65 5 1
a contact +505732 +506548 5 65 1
a contact +540572 +541241 65 5 1
a contact +540572 +541241 5 65 1
a contact +546442 +547350 65 5 1
a contact +546442 +547350 5 65 1
a contact +552601 +553360 65 5 1
a contact +552601 +553360 5 65 1
a contact +584076 +584900 65 5 1
a contact +584076 +584900 5 65 1
a contact +590111 +590983 65 5 1
a contact +590111 +590983 5 65 1
a contact +596270 +596751 65 5 1
a contact +596270 +596751 5 65 1
a contact +25294 +25433 65 7 1
a contact +25294 +25433 7 65 1
a contact +30892 +31751 65 7 1
a contact +30892 +31751 7 65 1
a contact +36976 +37772 65 7 1
a contact +36976 +37772 7 65 1
a contact +68847 +69510 65 7 1
a contact +68847 +69510 7 65 1
a contact +74809 +75717 65 7 1
a contact +74809 +75717 7 65 1
a contact +80949 +81557 65 7 1
a contact +80949 +81557 7 65 1
a contact +115338 +116121 65 7 1
a contact +115338 +116121 7 65 1
a contact +121322 +122188 65 7 1
a contact +121322 +122188 7 65 1
a contact +127797 +127964 65 7 1
a contact +127797 +127964 7 65 1
a contact +153343 +153734 65 7 1
a contact +153343 +153734 7 65 1
a contact +159207 +160102 65 7 1
a contact +159207 +160102 7 65 1
a contact +165288 +166055 65 7 1
a contact +165288 +166055 7 65 1
a contact +199822 +200468 65 7 1
a contact +199822 +200468 7 65 1
a contact +205698 +206590 65 7 1
a contact +205698 +206590 7 65 1
a contact +211947 +212527 65 7 1
a contact +211947 +212527 7 65 1
a contact +243618 +244458 65 7 1
a contact +243618 +244458 7 65 1
a contact +249653 +250511 65 7 1
a contact +249653 +250511 7 65 1
a contact +284377 +284764 65 7 1
a contact +284377 +284764 7 65 1
a contact +290102 +290979 65 7 1
a contact +290102 +290979 7 65 1
a contact +296230 +296980 65 7 1
a contact +296230 +296980 7 65 1
a contact +328047 +328777 65 7 1
a contact +328047 +328777 7 65 1
a contact +334034 +334936 65 7 1
a contact +334034 +334936 7 65 1
a contact +340209 +340716 65 7 1
a contact +340209 +340716 7 65 1
a contact +374535 +375356 65 7 1
a contact +374535 +375356 7 65 1
a contact +380560 +381404 65 7 1
a contact +380560 +381404 7 65 1
a contact +412512 +413042 65 7 1
a contact +412512 +413042 7 65 1
a contact +418427 +419332 65 7 1
a contact +418427 +419332 7 65 1
a contact +424530 +425241 65 7 1
a contact +424530 +425241 7 65 1
a contact +459002 +459714 65 7 1
a contact +459002 +459714 7 65 1
a contact +464924 +465811 65 7 1
a contact +464924 +465811 7 65 1
a contact +471240 +471708 65 7 1
a contact +471240 +471708 7 65 1
a contact +502832 +503700 65 7 1
a contact +502832 +503700 7 65 1
a contact +508886 +509713 65 7 1
a contact +508886 +509713 7 65 1
a contact +543520 +544039 65 7 1
a contact +543520 +544039 7 65 1
a contact +549317 +550205 65 7 1
a contact +549317 +550205 7 65 1
a contact +555491 +556183 65 7 1
a contact +555491 +556183 7 65 1
a contact +587253 +588036 65 7 1
a contact +587253 +588036 7 65 1
a contact +593261 +594150 65 7 1
a contact +593261 +594150 7 65 1
a contact +599488 +599854 65 7 1
a contact +599488 +599854 7 65 1
a contact +6359 +7222 65 9 1
a contact +6359 +7222 9 65 1
a contact +12507 +13153 65 9 1
a contact +12507 +13153 9 65 1
a contact +45251 +45791 65 9 1
a contact +45251 +45791 9 65 1
a contact +51116 +52017 65 9 1
a contact +51116 +52017 9 65 1
a contact +90807 +91579 65 9 1
a contact +90807 +91579 9 65 1
a contact +96816 +97624 65 9 1
a contact +96816 +97624 9 65 1
a contact +135517 +136411 65 9 1
a contact +135517 +136411 9 65 1
a contact +141669 +142288 65 9 1
a contact +141669 +142288 9 65 1
a contact +175312 +175887 65 9 1
a contact +175312 +175887 9 65 1
a contact +181176 +182052 65 9 1
a contact +181176 +182052 9 65 1
a contact +219946 +220768 65 9 1
a contact +219946 +220768 9 65 1
a contact +225984 +226786 65 9 1
a contact +225984 +226786 9 65 1
a contact +265571 +266451 65 9 1
a contact +265571 +266451 9 65 1
a contact +271789 +272322 65 9 1
a contact +271789 +272322 9 65 1
a contact +304419 +305075 65 9 1
a contact +304419 +305075 9 65 1
a contact +310344 +311230 65 9 1
a contact +310344 +311230 9 65 1
a contact +350002 +350821 65 9 1
a contact +350002 +350821 9 65 1
a contact +356066 +356822 65 9 1
a contact +356066 +356822 9 65 1
a contact +389023 +389243 65 9 1
a contact +389023 +389243 9 65 1
a contact +394734 +395638 65 9 1
a contact +394734 +395638 9 65 1
a contact +400951 +401439 65 9 1
a contact +400951 +401439 9 65 1
a contact +434479 +435154 65 9 1
a contact +434479 +435154 9 65 1
a contact +440408 +441265 65 9 1
a contact +440408 +441265 9 65 1
a contact +479150 +480011 65 9 1
a contact +479150 +480011 9 65 1
a contact +485233 +485974 65 9 1
a contact +485233 +485974 9 65 1
a contact +519057 +519395 65 9 1
a contact +519057 +519395 9 65 1
a contact +524789 +525675 65 9 1
a contact +524789 +525675 9 65 1
a contact +531106 +531458 65 9 1
a contact +531106 +531458 9 65 1
a contact +563602 +564342 65 9 1
a contact +563602 +564342 9 65 1
a contact +569577 +570437 65 9 1
a contact +569577 +570437 9 65 1
a contact +3749 +4486 65 11 1
a contact +3749 +4486 11 65 1
a contact +35820 +36476 65 11 1
a contact +35820 +36476 11 65 1
a contact +41774 +42658 65 11 1
a contact +41774 +42658 11 65 1
a contact +48003 +48391 65 11 1
a contact +48003 +48391 11 65 1
a contact +82051 +82876 65 11 1
a contact +82051 +82876 11 65 1
a contact +88072 +88922 65 11 1
a contact +88072 +88922 11 65 1
a contact +120341 +120689 65 11 1
a contact +120341 +120689 11 65 1
a contact +126169 +127054 65 11 1
a contact +126169 +127054 11 65 1
a contact +132287 +132950 65 11 1
a contact +132287 +132950 11 65 1
a contact +166529 +167223 65 11 1
a contact +166529 +167223 11 65 1
a contact +172434 +173335 65 11 1
a contact +172434 +173335 11 65 1
a contact +178806 +179158 65 11 1
a contact +178806 +179158 11 65 1
a contact +210581 +211417 65 11 1
a contact +210581 +211417 11 65 1
a contact +216631 +217431 65 11 1
a contact +216631 +217431 11 65 1
a contact +251075 +251519 65 11 1
a contact +251075 +251519 11 65 1
a contact +256827 +257730 65 11 1
a contact +256827 +257730 11 65 1
a contact +263016 +263681 65 11 1
a contact +263016 +263681 11 65 1
a contact +295016 +295743 65 11 1
a contact +295016 +295743 11 65 1
a contact +301001 +301872 65 11 1
a contact +301001 +301872 11 65 1
a contact +307371 +307440 65 11 1
a contact +307371 +307440 11 65 1
a contact +341252 +342110 65 11 1
a contact +341252 +342110 11 65 1
a contact +347318 +348131 65 11 1
a contact +347318 +348131 11 65 1
a contact +379495 +380006 65 11 1
a contact +379495 +380006 11 65 1
a contact +385389 +386279 65 11 1
a contact +385389 +386279 11 65 1
a contact +391543 +392119 65 11 1
a contact +391543 +392119 11 65 1
a contact +425711 +426469 65 11 1
a contact +425711 +426469 11 65 1
a contact +431666 +432552 65 11 1
a contact +431666 +432552 11 65 1
a contact +469794 +470657 65 11 1
a contact +469794 +470657 11 65 1
a contact +475871 +476624 65 11 1
a contact +475871 +476624 11 65 1
a contact +510222 +510793 65 11 1
a contact +510222 +510793 11 65 1
a contact +516047 +516954 65 11 1
a contact +516047 +516954 11 65 1
a contact +522297 +522866 65 11 1
a contact +522297 +522866 11 65 1
a contact +554218 +554999 65 11 1
a contact +554218 +554999 11 65 1
a contact +560232 +561080 65 11 1
a contact +560232 +561080 11 65 1
a contact +600458 +601341 65 11 1
a contact +600458 +601341 11 65 1
a contact +3667 +4507 66 3 1
a contact +3667 +4507 3 66 1
a contact +9847 +10643 66 3 1
a contact +9847 +10643 3 66 1
a contact +16005 +16816 66 3 1
a contact +16005 +16816 3 66 1
a contact +22118 +22986 66 3 1
a contact +22118 +22986 3 66 1
a contact +28195 +29100 66 3 1
a contact +28195 +29100 3 66 1
a contact +34248 +35130 66 3 1
a contact +34248 +35130 3 66 1
a contact +40282 +41074 66 3 1
a contact +40282 +41074 3 66 1
a contact +46291 +46947 66 3 1
a contact +46291 +46947 3 66 1
a contact +52251 +52800 66 3 1
a contact +52251 +52800 3 66 1
a contact +58137 +58707 66 3 1
a contact +58137 +58707 3 66 1
a contact +63987 +64683 66 3 1
a contact +63987 +64683 3 66 1
a contact +69874 +70700 66 3 1
a contact +69874 +70700 3 66 1
a contact +75838 +76739 66 3 1
a contact +75838 +76739 3 66 1
a contact +81891 +82797 66 3 1
a contact +81891 +82797 3 66 1
a contact +88023 +88881 66 3 1
a contact +88023 +88881 3 66 1
a contact +94201 +95004 66 3 1
a contact +94201 +95004 3 66 1
a contact +100369 +101169 66 3 1
a contact +100369 +101169 3 66 1
a contact +106495 +107346 66 3 1
a contact +106495 +107346 3 66 1
a contact +112581 +113480 66 3 1
a contact +112581 +113480 3 66 1
a contact +118641 +119537 66 3 1
a contact +118641 +119537 3 66 1
a contact +124681 +125505 66 3 1
a contact +124681 +125505 3 66 1
a contact +130698 +131395 66 3 1
a contact +130698 +131395 3 66 1
a contact +136676 +137247 66 3 1
a contact +136676 +137247 3 66 1
a contact +142584 +143132 66 3 1
a contact +142584 +143132 3 66 1
a contact +148436 +149091 66 3 1
a contact +148436 +149091 3 66 1
a contact +154306 +155098 66 3 1
a contact +154306 +155098 3 66 1
a contact +160246 +161131 66 3 1
a contact +160246 +161131 3 66 1
a contact +166273 +167184 66 3 1
a contact +166273 +167184 3 66 1
a contact +172384 +173259 66 3 1
a contact +172384 +173259 3 66 1
a contact +178553 +179369 66 3 1
a contact +178553 +179369 3 66 1
a contact +184729 +185523 66 3 1
a contact +184729 +185523 3 66 1
a contact +190869 +191702 66 3 1
a contact +190869 +191702 3 66 1
a contact +196965 +197854 66 3 1
a contact +196965 +197854 3 66 1
a contact +203031 +203935 66 3 1
a contact +203031 +203935 3 66 1
a contact +209077 +209929 66 3 1
a contact +209077 +209929 3 66 1
a contact +215102 +215840 66 3 1
a contact +215102 +215840 3 66 1
a contact +221094 +221696 66 3 1
a contact +221094 +221696 3 66 1
a contact +227025 +227564 66 3 1
a contact +227025 +227564 3 66 1
a contact +232887 +233502 66 3 1
a contact +232887 +233502 3 66 1
a contact +238745 +239499 66 3 1
a contact +238745 +239499 3 66 1
a contact +244661 +245526 66 3 1
a contact +244661 +245526 3 66 1
a contact +250662 +251572 66 3 1
a contact +250662 +251572 3 66 1
a contact +256750 +257640 66 3 1
a contact +256750 +257640 3 66 1
a contact +262906 +263739 66 3 1
a contact +262906 +263739 3 66 1
a contact +269086 +269880 66 3 1
a contact +269086 +269880 3 66 1
a contact +275239 +276056 66 3 1
a contact +275239 +276056 3 66 1
a contact +281346 +282221 66 3 1
a contact +281346 +282221 3 66 1
a contact +287420 +288326 66 3 1
a contact +287420 +288326 3 66 1
a contact +293471 +294346 66 3 1
a contact +293471 +294346 3 66 1
a contact +299503 +300280 66 3 1
a contact +299503 +300280 3 66 1
a contact +305507 +306147 66 3 1
a contact +305507 +306147 3 66 1
a contact +311459 +312003 66 3 1
a contact +311459 +312003 3 66 1
a contact +317338 +317919 66 3 1
a contact +317338 +317919 3 66 1
a contact +323188 +323902 66 3 1
a contact +323188 +323902 3 66 1
a contact +329083 +329922 66 3 1
a contact +329083 +329922 3 66 1
a contact +335058 +335963 66 3 1
a contact +335058 +335963 3 66 1
a contact +341121 +342024 66 3 1
a contact +341121 +342024 3 66 1
a contact +347261 +348112 66 3 1
a contact +347261 +348112 3 66 1
a contact +353440 +354240 66 3 1
a contact +353440 +354240 3 66 1
a contact +359605 +360409 66 3 1
a contact +359605 +360409 3 66 1
a contact +365725 +366583 66 3 1
a contact +365725 +366583 3 66 1
a contact +371807 +372709 66 3 1
a contact +371807 +372709 3 66 1
a contact +377864 +378755 66 3 1
a contact +377864 +378755 3 66 1
a contact +383902 +384713 66 3 1
a contact +383902 +384713 3 66 1
a contact +389916 +390596 66 3 1
a contact +389916 +390596 3 66 1
a contact +395887 +396448 66 3 1
a contact +395887 +396448 3 66 1
a contact +401786 +402341 66 3 1
a contact +401786 +402341 3 66 1
a contact +407636 +408308 66 3 1
a contact +407636 +408308 3 66 1
a contact +413513 +414319 66 3 1
a contact +413513 +414319 3 66 1
a contact +419462 +420355 66 3 1
a contact +419462 +420355 3 66 1
a contact +425500 +426410 66 3 1
a contact +425500 +426410 3 66 1
a contact +431620 +432488 66 3 1
a contact +431620 +432488 3 66 1
a contact +437793 +438604 66 3 1
a contact +437793 +438604 3 66 1
a contact +443966 +444763 66 3 1
a contact +443966 +444763 3 66 1
a contact +450100 +450941 66 3 1
a contact +450100 +450941 3 66 1
a contact +456192 +457086 66 3 1
a contact +456192 +457086 3 66 1
a contact +462256 +463157 66 3 1
a contact +462256 +463157 3 66 1
a contact +468299 +469140 66 3 1
a contact +468299 +469140 3 66 1
a contact +474321 +475042 66 3 1
a contact +474321 +475042 3 66 1
a contact +480308 +480896 66 3 1
a contact +480308 +480896 3 66 1
a contact +486229 +486770 66 3 1
a contact +486229 +486770 3 66 1
a contact +492086 +492717 66 3 1
a contact +492086 +492717 3 66 1
a contact +497949 +498719 66 3 1
a contact +497949 +498719 3 66 1
a contact +503874 +504748 66 3 1
a contact +503874 +504748 3 66 1
a contact +509886 +510797 66 3 1
a contact +509886 +510797 3 66 1
a contact +515983 +516868 66 3 1
a contact +515983 +516868 3 66 1
a contact +522146 +522971 66 3 1
a contact +522146 +522971 3 66 1
a contact +528325 +529118 66 3 1
a contact +528325 +529118 3 66 1
a contact +534472 +535296 66 3 1
a contact +534472 +535296 3 66 1
a contact +540575 +541456 66 3 1
a contact +540575 +541456 3 66 1
a contact +546645 +547551 66 3 1
a contact +546645 +547551 3 66 1
a contact +552694 +553560 66 3 1
a contact +552694 +553560 3 66 1
a contact +558723 +559484 66 3 1
a contact +558723 +559484 3 66 1
a contact +564723 +565347 66 3 1
a contact +564723 +565347 3 66 1
a contact +570666 +571207 66 3 1
a contact +570666 +571207 3 66 1
a contact +576537 +577132 66 3 1
a contact +576537 +577132 3 66 1
a contact +582390 +583120 66 3 1
a contact +582390 +583120 3 66 1
a contact +588293 +589143 66 3 1
a contact +588293 +589143 3 66 1
a contact +594279 +595187 66 3 1
a contact +594279 +595187 3 66 1
a contact +600353 +601251 66 3 1
a contact +600353 +601251 3 66 1
a contact +33260 +34087 66 5 1
a contact +33260 +34087 5 66 1
a contact +39258 +40150 66 5 1
a contact +39258 +40150 5 66 1
a contact +45571 +46100 66 5 1
a contact +45571 +46100 5 66 1
a contact +70893 +71491 66 5 1
a contact +70893 +71491 5 66 1
a contact +76864 +77754 66 5 1
a contact +76864 +77754 5 66 1
a contact +82939 +83715 66 5 1
a contact +82939 +83715 5 66 1
a contact +117724 +118455 66 5 1
a contact +117724 +118455 5 66 1
a contact +123636 +124546 66 5 1
a contact +123636 +124546 5 66 1
a contact +129839 +130542 66 5 1
a contact +129839 +130542 5 66 1
a contact +155370 +155712 66 5 1
a contact +155370 +155712 5 66 1
a contact +161265 +162118 66 5 1
a contact +161265 +162118 5 66 1
a contact +167313 +168162 66 5 1
a contact +167313 +168162 5 66 1
a contact +173520 +173855 66 5 1
a contact +173520 +173855 5 66 1
a contact +202223 +202802 66 5 1
a contact +202223 +202802 5 66 1
a contact +208038 +208936 66 5 1
a contact +208038 +208936 5 66 1
a contact +214151 +214962 66 5 1
a contact +214151 +214962 5 66 1
a contact +245674 +246457 66 5 1
a contact +245674 +246457 5 66 1
a contact +251696 +252583 66 5 1
a contact +251696 +252583 5 66 1
a contact +257823 +258414 66 5 1
a contact +257823 +258414 5 66 1
a contact +286797 +287095 66 5 1
a contact +286797 +287095 5 66 1
a contact +292463 +293318 66 5 1
a contact +292463 +293318 5 66 1
a contact +298494 +299369 66 5 1
a contact +298494 +299369 5 66 1
a contact +304867 +305288 66 5 1
a contact +304867 +305288 5 66 1
a contact +330097 +330763 66 5 1
a contact +330097 +330763 5 66 1
a contact +336087 +336981 66 5 1
a contact +336087 +336981 5 66 1
a contact +342174 +342908 66 5 1
a contact +342174 +342908 5 66 1
a contact +376914 +377690 66 5 1
a contact +376914 +377690 5 66 1
a contact +382863 +383769 66 5 1
a contact +382863 +383769 5 66 1
a contact +389107 +389749 66 5 1
a contact +389107 +389749 5 66 1
a contact +414548 +415019 66 5 1
a contact +414548 +415019 5 66 1
a contact +420484 +421356 66 5 1
a contact +420484 +421356 5 66 1
a contact +426543 +427366 66 5 1
a contact +426543 +427366 5 66 1
a contact +432872 +432912 66 5 1
a contact +432872 +432912 5 66 1
a contact +461397 +462048 66 5 1
a contact +461397 +462048 5 66 1
a contact +467255 +468161 66 5 1
a contact +467255 +468161 5 66 1
a contact +473403 +474176 66 5 1
a contact +473403 +474176 5 66 1
a contact +504890 +505706 66 5 1
a contact +504890 +505706 5 66 1
a contact +510922 +511798 66 5 1
a contact +510922 +511798 5 66 1
a contact +517074 +517580 66 5 1
a contact +517074 +517580 5 66 1
a contact +545930 +546373 66 5 1
a contact +545930 +546373 5 66 1
a contact +551670 +552546 66 5 1
a contact +551670 +552546 5 66 1
a contact +557734 +558588 66 5 1
a contact +557734 +558588 5 66 1
a contact +564193 +564451 66 5 1
a contact +564193 +564451 5 66 1
a contact +589306 +590026 66 5 1
a contact +589306 +590026 5 66 1
a contact +595310 +596205 66 5 1
a contact +595310 +596205 5 66 1
a contact +601412 +602094 66 5 1
a contact +601412 +602094 5 66 1
a contact +1754 +2384 66 7 1
a contact +1754 +2384 7 66 1
a contact +36158 +36928 66 7 1
a contact +36158 +36928 7 66 1
a contact +42130 +43002 66 7 1
a contact +42130 +43002 7 66 1
a contact +48556 +48820 66 7 1
a contact +48556 +48820 7 66 1
a contact +74175 +74516 66 7 1
a contact +74175 +74516 7 66 1
a contact +80020 +80911 66 7 1
a contact +80020 +80911 7 66 1
a contact +86097 +86877 66 7 1
a contact +86097 +86877 7 66 1
a contact +120649 +121272 66 7 1
a contact +120649 +121272 7 66 1
a contact +126510 +127402 66 7 1
a contact +126510 +127402 7 66 1
a contact +132743 +133349 66 7 1
a contact +132743 +133349 7 66 1
a contact +164433 +165263 66 7 1
a contact +164433 +165263 7 66 1
a contact +170463 +171329 66 7 1
a contact +170463 +171329 7 66 1
a contact +205219 +205555 66 7 1
a contact +205219 +205555 7 66 1
a contact +210917 +211790 66 7 1
a contact +210917 +211790 7 66 1
a contact +217032 +217797 66 7 1
a contact +217032 +217797 7 66 1
a contact +248865 +249578 66 7 1
a contact +248865 +249578 7 66 1
a contact +254845 +255750 66 7 1
a contact +254845 +255750 7 66 1
a contact +261010 +261548 66 7 1
a contact +261010 +261548 7 66 1
a contact +295354 +296164 66 7 1
a contact +295354 +296164 7 66 1
a contact +301367 +302219 66 7 1
a contact +301367 +302219 7 66 1
a contact +333336 +333834 66 7 1
a contact +333336 +333834 7 66 1
a contact +339239 +340143 66 7 1
a contact +339239 +340143 7 66 1
a contact +345337 +346064 66 7 1
a contact +345337 +346064 7 66 1
a contact +379826 +380520 66 7 1
a contact +379826 +380520 7 66 1
a contact +385735 +386624 66 7 1
a contact +385735 +386624 7 66 1
a contact +392030 +392535 66 7 1
a contact +392030 +392535 7 66 1
a contact +423646 +424507 66 7 1
a contact +423646 +424507 7 66 1
a contact +429695 +430532 66 7 1
a contact +429695 +430532 7 66 1
a contact +464352 +464838 66 7 1
a contact +464352 +464838 7 66 1
a contact +470131 +471017 66 7 1
a contact +470131 +471017 7 66 1
a contact +476292 +477002 66 7 1
a contact +476292 +477002 7 66 1
a contact +508069 +508839 66 7 1
a contact +508069 +508839 7 66 1
a contact +514072 +514965 66 7 1
a contact +514072 +514965 7 66 1
a contact +520283 +520693 66 7 1
a contact +520283 +520693 7 66 1
a contact +554555 +555397 66 7 1
a contact +554555 +555397 7 66 1
a contact +560610 +561432 66 7 1
a contact +560610 +561432 7 66 1
a contact +592519 +593124 66 7 1
a contact +592519 +593124 7 66 1
a contact +598461 +599369 66 7 1
a contact +598461 +599369 7 66 1
a contact +604582 +604800 66 7 1
a contact +604582 +604800 7 66 1
a contact +11628 +12384 66 9 1
a contact +11628 +12384 9 66 1
a contact +17623 +18442 66 9 1
a contact +17623 +18442 9 66 1
a contact +56331 +57221 66 9 1
a contact +56331 +57221 9 66 1
a contact +62469 +63117 66 9 1
a contact +62469 +63117 9 66 1
a contact +96143 +96683 66 9 1
a contact +96143 +96683 9 66 1
a contact +101986 +102866 66 9 1
a contact +101986 +102866 9 66 1
a contact +140764 +141573 66 9 1
a contact +140764 +141573 9 66 1
a contact +146791 +147606 66 9 1
a contact +146791 +147606 9 66 1
a contact +186386 +187262 66 9 1
a contact +186386 +187262 9 66 1
a contact +192583 +193152 66 9 1
a contact +192583 +193152 9 66 1
a contact +225244 +225873 66 9 1
a contact +225244 +225873 9 66 1
a contact +231155 +232046 66 9 1
a contact +231155 +232046 9 66 1
a contact +270821 +271628 66 9 1
a contact +270821 +271628 9 66 1
a contact +276870 +277642 66 9 1
a contact +276870 +277642 9 66 1
a contact +315547 +316449 66 9 1
a contact +315547 +316449 9 66 1
a contact +321745 +322274 66 9 1
a contact +321745 +322274 9 66 1
a contact +355305 +355955 66 9 1
a contact +355305 +355955 9 66 1
a contact +361217 +362080 66 9 1
a contact +361217 +362080 9 66 1
a contact +399967 +400818 66 9 1
a contact +399967 +400818 9 66 1
a contact +406037 +406797 66 9 1
a contact +406037 +406797 9 66 1
a contact +439912 +440168 66 9 1
a contact +439912 +440168 9 66 1
a contact +445602 +446487 66 9 1
a contact +445602 +446487 9 66 1
a contact +451886 +452301 66 9 1
a contact +451886 +452301 9 66 1
a contact +484423 +485143 66 9 1
a contact +484423 +485143 9 66 1
a contact +490386 +491255 66 9 1
a contact +490386 +491255 9 66 1
a contact +530022 +530866 66 9 1
a contact +530022 +530866 9 66 1
a contact +536127 +536834 66 9 1
a contact +536127 +536834 9 66 1
a contact +568959 +569382 66 9 1
a contact +568959 +569382 9 66 1
a contact +574767 +575672 66 9 1
a contact +574767 +575672 9 66 1
a contact +581053 +581397 66 9 1
a contact +581053 +581397 9 66 1
a contact +2871 +3684 66 11 1
a contact +2871 +3684 11 66 1
a contact +8879 +9737 66 11 1
a contact +8879 +9737 11 66 1
a contact +41182 +41465 66 11 1
a contact +41182 +41465 11 66 1
a contact +46982 +47864 66 11 1
a contact +46982 +47864 11 66 1
a contact +53092 +53775 66 11 1
a contact +53092 +53775 11 66 1
a contact +87354 +88027 66 11 1
a contact +87354 +88027 11 66 1
a contact +93244 +94148 66 11 1
a contact +93244 +94148 11 66 1
a contact +99586 +99996 66 11 1
a contact +99586 +99996 11 66 1
a contact +131396 +132224 66 11 1
a contact +131396 +132224 11 66 1
a contact +137440 +138251 66 11 1
a contact +137440 +138251 11 66 1
a contact +171915 +172310 66 11 1
a contact +171915 +172310 11 66 1
a contact +177641 +178542 66 11 1
a contact +177641 +178542 11 66 1
a contact +183814 +184503 66 11 1
a contact +183814 +184503 11 66 1
a contact +215834 +216544 66 11 1
a contact +215834 +216544 11 66 1
a contact +221812 +222687 66 11 1
a contact +221812 +222687 11 66 1
a contact +228115 +228329 66 11 1
a contact +228115 +228329 11 66 1
a contact +262069 +262919 66 11 1
a contact +262069 +262919 11 66 1
a contact +268123 +268948 66 11 1
a contact +268123 +268948 11 66 1
a contact +300322 +300797 66 11 1
a contact +300322 +300797 11 66 1
a contact +306202 +307091 66 11 1
a contact +306202 +307091 11 66 1
a contact +312346 +312947 66 11 1
a contact +312346 +312947 11 66 1
a contact +346534 +347275 66 11 1
a contact +346534 +347275 11 66 1
a contact +352475 +353366 66 11 1
a contact +352475 +353366 11 66 1
a contact +358978 +359078 66 11 1
a contact +358978 +359078 11 66 1
a contact +390608 +391465 66 11 1
a contact +390608 +391465 11 66 1
a contact +396678 +397445 66 11 1
a contact +396678 +397445 11 66 1
a contact +431054 +431592 66 11 1
a contact +431054 +431592 11 66 1
a contact +436859 +437767 66 11 1
a contact +436859 +437767 11 66 1
a contact +443091 +443691 66 11 1
a contact +443091 +443691 11 66 1
a contact +475035 +475803 66 11 1
a contact +475035 +475803 11 66 1
a contact +481042 +481896 66 11 1
a contact +481042 +481896 11 66 1
a contact +521274 +522151 66 11 1
a contact +521274 +522151 11 66 1
a contact +527375 +528154 66 11 1
a contact +527375 +528154 11 66 1
a contact +559496 +560090 66 11 1
a contact +559496 +560090 11 66 1
a contact +565424 +566314 66 11 1
a contact +565424 +566314 11 66 1
a contact +571612 +572104 66 11 1
a contact +571612 +572104 11 66 1
a contact +3108 +3953 67 3 1
a contact +3108 +3953 3 67 1
a contact +9287 +10085 67 3 1
a contact +9287 +10085 3 67 1
a contact +15449 +16256 67 3 1
a contact +15449 +16256 3 67 1
a contact +21565 +22428 67 3 1
a contact +21565 +22428 3 67 1
a contact +27645 +28549 67 3 1
a contact +27645 +28549 3 67 1
a contact +33701 +34588 67 3 1
a contact +33701 +34588 3 67 1
a contact +39737 +40539 67 3 1
a contact +39737 +40539 3 67 1
a contact +45748 +46417 67 3 1
a contact +45748 +46417 3 67 1
a contact +51714 +52269 67 3 1
a contact +51714 +52269 3 67 1
a contact +57607 +58168 67 3 1
a contact +57607 +58168 3 67 1
a contact +63457 +64140 67 3 1
a contact +63457 +64140 3 67 1
a contact +69338 +70154 67 3 1
a contact +69338 +70154 3 67 1
a contact +75294 +76191 67 3 1
a contact +75294 +76191 3 67 1
a contact +81339 +82247 67 3 1
a contact +81339 +82247 3 67 1
a contact +87465 +88329 67 3 1
a contact +87465 +88329 3 67 1
a contact +93640 +94447 67 3 1
a contact +93640 +94447 3 67 1
a contact +99812 +100609 67 3 1
a contact +99812 +100609 3 67 1
a contact +105942 +106787 67 3 1
a contact +105942 +106787 3 67 1
a contact +112031 +112927 67 3 1
a contact +112031 +112927 3 67 1
a contact +118093 +118991 67 3 1
a contact +118093 +118991 3 67 1
a contact +124134 +124968 67 3 1
a contact +124134 +124968 3 67 1
a contact +130154 +130864 67 3 1
a contact +130154 +130864 3 67 1
a contact +136137 +136717 67 3 1
a contact +136137 +136717 3 67 1
a contact +142052 +142596 67 3 1
a contact +142052 +142596 3 67 1
a contact +147906 +148548 67 3 1
a contact +147906 +148548 3 67 1
a contact +153772 +154553 67 3 1
a contact +153772 +154553 3 67 1
a contact +159704 +160584 67 3 1
a contact +159704 +160584 3 67 1
a contact +165723 +166635 67 3 1
a contact +165723 +166635 3 67 1
a contact +171827 +172708 67 3 1
a contact +171827 +172708 3 67 1
a contact +177993 +178814 67 3 1
a contact +177993 +178814 3 67 1
a contact +184171 +184964 67 3 1
a contact +184171 +184964 3 67 1
a contact +190314 +191143 67 3 1
a contact +190314 +191143 3 67 1
a contact +196414 +197299 67 3 1
a contact +196414 +197299 3 67 1
a contact +202483 +203388 67 3 1
a contact +202483 +203388 3 67 1
a contact +208530 +209390 67 3 1
a contact +208530 +209390 3 67 1
a contact +214557 +215307 67 3 1
a contact +214557 +215307 3 67 1
a contact +220553 +221167 67 3 1
a contact +220553 +221167 3 67 1
a contact +226491 +227030 67 3 1
a contact +226491 +227030 3 67 1
a contact +232357 +232961 67 3 1
a contact +232357 +232961 3 67 1
a contact +238212 +238954 67 3 1
a contact +238212 +238954 3 67 1
a contact +244121 +244979 67 3 1
a contact +244121 +244979 3 67 1
a contact +250114 +251024 67 3 1
a contact +250114 +251024 3 67 1
a contact +256195 +257089 67 3 1
a contact +256195 +257089 3 67 1
a contact +262347 +263185 67 3 1
a contact +262347 +263185 3 67 1
a contact +268527 +269322 67 3 1
a contact +268527 +269322 3 67 1
a contact +274683 +275496 67 3 1
a contact +274683 +275496 3 67 1
a contact +280795 +281664 67 3 1
a contact +280795 +281664 3 67 1
a contact +286871 +287776 67 3 1
a contact +286871 +287776 3 67 1
a contact +292924 +293804 67 3 1
a contact +292924 +293804 3 67 1
a contact +298957 +299745 67 3 1
a contact +298957 +299745 3 67 1
a contact +304965 +305617 67 3 1
a contact +304965 +305617 3 67 1
a contact +310923 +311471 67 3 1
a contact +310923 +311471 3 67 1
a contact +316807 +317379 67 3 1
a contact +316807 +317379 3 67 1
a contact +322657 +323358 67 3 1
a contact +322657 +323358 3 67 1
a contact +328546 +329375 67 3 1
a contact +328546 +329375 3 67 1
a contact +334513 +335415 67 3 1
a contact +334513 +335415 3 67 1
a contact +340568 +341474 67 3 1
a contact +340568 +341474 3 67 1
a contact +346703 +347559 67 3 1
a contact +346703 +347559 3 67 1
a contact +352880 +353683 67 3 1
a contact +352880 +353683 3 67 1
a contact +359048 +359849 67 3 1
a contact +359048 +359849 3 67 1
a contact +365172 +366025 67 3 1
a contact +365172 +366025 3 67 1
a contact +371257 +372157 67 3 1
a contact +371257 +372157 3 67 1
a contact +377316 +378211 67 3 1
a contact +377316 +378211 3 67 1
a contact +383356 +384177 67 3 1
a contact +383356 +384177 3 67 1
a contact +389372 +390065 67 3 1
a contact +389372 +390065 3 67 1
a contact +395349 +395917 67 3 1
a contact +395349 +395917 3 67 1
a contact +401254 +401804 67 3 1
a contact +401254 +401804 3 67 1
a contact +407106 +407765 67 3 1
a contact +407106 +407765 3 67 1
a contact +412978 +413773 67 3 1
a contact +412978 +413773 3 67 1
a contact +418919 +419807 67 3 1
a contact +418919 +419807 3 67 1
a contact +424949 +425860 67 3 1
a contact +424949 +425860 3 67 1
a contact +431063 +431936 67 3 1
a contact +431063 +431936 3 67 1
a contact +437233 +438048 67 3 1
a contact +437233 +438048 3 67 1
a contact +443408 +444203 67 3 1
a contact +443408 +444203 3 67 1
a contact +449546 +450382 67 3 1
a contact +449546 +450382 3 67 1
a contact +455642 +456532 67 3 1
a contact +455642 +456532 3 67 1
a contact +461707 +462610 67 3 1
a contact +461707 +462610 3 67 1
a contact +467752 +468602 67 3 1
a contact +467752 +468602 3 67 1
a contact +473776 +474510 67 3 1
a contact +473776 +474510 3 67 1
a contact +479767 +480366 67 3 1
a contact +479767 +480366 3 67 1
a contact +485696 +486235 67 3 1
a contact +485696 +486235 3 67 1
a contact +491557 +492176 67 3 1
a contact +491557 +492176 3 67 1
a contact +497415 +498173 67 3 1
a contact +497415 +498173 3 67 1
a contact +503334 +504201 67 3 1
a contact +503334 +504201 3 67 1
a contact +509337 +510248 67 3 1
a contact +509337 +510248 3 67 1
a contact +515428 +516317 67 3 1
a contact +515428 +516317 3 67 1
a contact +521586 +522417 67 3 1
a contact +521586 +522417 3 67 1
a contact +527766 +528559 67 3 1
a contact +527766 +528559 3 67 1
a contact +533917 +534736 67 3 1
a contact +533917 +534736 3 67 1
a contact +540023 +540900 67 3 1
a contact +540023 +540900 3 67 1
a contact +546096 +547002 67 3 1
a contact +546096 +547002 3 67 1
a contact +552147 +553020 67 3 1
a contact +552147 +553020 3 67 1
a contact +558178 +558951 67 3 1
a contact +558178 +558951 3 67 1
a contact +564181 +564817 67 3 1
a contact +564181 +564817 3 67 1
a contact +570131 +570674 67 3 1
a contact +570131 +570674 3 67 1
a contact +576007 +576592 67 3 1
a contact +576007 +576592 3 67 1
a contact +581859 +582576 67 3 1
a contact +581859 +582576 3 67 1
a contact +587755 +588597 67 3 1
a contact +587755 +588597 3 67 1
a contact +593733 +594639 67 3 1
a contact +593733 +594639 3 67 1
a contact +599799 +600700 67 3 1
a contact +599799 +600700 3 67 1
a contact +32731 +33533 67 5 1
a contact +32731 +33533 5 67 1
a contact +38703 +39604 67 5 1
a contact +38703 +39604 5 67 1
a contact +44978 +45571 67 5 1
a contact +44978 +45571 5 67 1
a contact +70364 +70900 67 5 1
a contact +70364 +70900 5 67 1
a contact +76318 +77200 67 5 1
a contact +76318 +77200 5 67 1
a contact +82384 +83187 67 5 1
a contact +82384 +83187 5 67 1
a contact +117204 +117896 67 5 1
a contact +117204 +117896 5 67 1
a contact +123089 +123998 67 5 1
a contact +123089 +123998 5 67 1
a contact +129262 +130004 67 5 1
a contact +129262 +130004 5 67 1
a contact +154885 +155069 67 5 1
a contact +154885 +155069 5 67 1
a contact +160721 +161557 67 5 1
a contact +160721 +161557 5 67 1
a contact +166761 +167626 67 5 1
a contact +166761 +167626 5 67 1
a contact +172935 +173370 67 5 1
a contact +172935 +173370 5 67 1
a contact +201720 +202233 67 5 1
a contact +201720 +202233 5 67 1
a contact +207498 +208385 67 5 1
a contact +207498 +208385 5 67 1
a contact +213585 +214420 67 5 1
a contact +213585 +214420 5 67 1
a contact +245134 +245886 67 5 1
a contact +245134 +245886 5 67 1
a contact +251147 +252040 67 5 1
a contact +251147 +252040 5 67 1
a contact +257260 +257902 67 5 1
a contact +257260 +257902 5 67 1
a contact +286381 +286444 67 5 1
a contact +286381 +286444 5 67 1
a contact +291930 +292765 67 5 1
a contact +291930 +292765 5 67 1
a contact +297936 +298825 67 5 1
a contact +297936 +298825 5 67 1
a contact +304263 +304768 67 5 1
a contact +304263 +304768 5 67 1
a contact +329563 +330179 67 5 1
a contact +329563 +330179 5 67 1
a contact +335540 +336431 67 5 1
a contact +335540 +336431 5 67 1
a contact +341617 +342384 67 5 1
a contact +341617 +342384 5 67 1
a contact +376390 +377134 67 5 1
a contact +376390 +377134 5 67 1
a contact +382312 +383222 67 5 1
a contact +382312 +383222 5 67 1
a contact +388525 +389214 67 5 1
a contact +388525 +389214 5 67 1
a contact +414032 +414411 67 5 1
a contact +414032 +414411 5 67 1
a contact +419939 +420798 67 5 1
a contact +419939 +420798 5 67 1
a contact +425990 +426833 67 5 1
a contact +425990 +426833 5 67 1
a contact +432213 +432504 67 5 1
a contact +432213 +432504 5 67 1
a contact +460886 +461484 67 5 1
a contact +460886 +461484 5 67 1
a contact +466712 +467612 67 5 1
a contact +466712 +467612 5 67 1
a contact +472833 +473635 67 5 1
a contact +472833 +473635 5 67 1
a contact +504348 +505139 67 5 1
a contact +504348 +505139 5 67 1
a contact +510372 +511257 67 5 1
a contact +510372 +511257 5 67 1
a contact +516505 +517076 67 5 1
a contact +516505 +517076 5 67 1
a contact +545446 +545787 67 5 1
a contact +545446 +545787 5 67 1
a contact +551134 +551995 67 5 1
a contact +551134 +551995 5 67 1
a contact +557173 +558044 67 5 1
a contact +557173 +558044 5 67 1
a contact +563565 +563952 67 5 1
a contact +563565 +563952 5 67 1
a contact +588769 +589449 67 5 1
a contact +588769 +589449 5 67 1
a contact +594762 +595658 67 5 1
a contact +594762 +595658 5 67 1
a contact +600853 +601575 67 5 1
a contact +600853 +601575 5 67 1
a contact +1187 +1872 67 7 1
a contact +1187 +1872 7 67 1
a contact +35636 +36369 67 7 1
a contact +35636 +36369 7 67 1
a contact +41575 +42458 67 7 1
a contact +41575 +42458 7 67 1
a contact +47922 +48335 67 7 1
a contact +47922 +48335 7 67 1
a contact +73741 +73829 67 7 1
a contact +73741 +73829 7 67 1
a contact +79477 +80354 67 7 1
a contact +79477 +80354 7 67 1
a contact +85539 +86351 67 7 1
a contact +85539 +86351 7 67 1
a contact +120143 +120701 67 7 1
a contact +120143 +120701 7 67 1
a contact +125964 +126854 67 7 1
a contact +125964 +126854 7 67 1
a contact +132157 +132823 67 7 1
a contact +132157 +132823 7 67 1
a contact +163895 +164696 67 7 1
a contact +163895 +164696 7 67 1
a contact +169911 +170793 67 7 1
a contact +169911 +170793 7 67 1
a contact +176172 +176454 67 7 1
a contact +176172 +176454 7 67 1
a contact +204794 +204909 67 7 1
a contact +204794 +204909 7 67 1
a contact +210380 +211238 67 7 1
a contact +210380 +211238 7 67 1
a contact +216463 +217260 67 7 1
a contact +216463 +217260 7 67 1
a contact +248335 +248996 67 7 1
a contact +248335 +248996 7 67 1
a contact +254297 +255205 67 7 1
a contact +254297 +255205 7 67 1
a contact +260437 +261046 67 7 1
a contact +260437 +261046 7 67 1
a contact +294826 +295608 67 7 1
a contact +294826 +295608 7 67 1
a contact +300809 +301676 67 7 1
a contact +300809 +301676 7 67 1
a contact +307276 +307461 67 7 1
a contact +307276 +307461 7 67 1
a contact +332831 +333219 67 7 1
a contact +332831 +333219 7 67 1
a contact +338695 +339590 67 7 1
a contact +338695 +339590 7 67 1
a contact +344776 +345544 67 7 1
a contact +344776 +345544 7 67 1
a contact +379312 +379955 67 7 1
a contact +379312 +379955 7 67 1
a contact +385185 +386078 67 7 1
a contact +385185 +386078 7 67 1
a contact +391433 +392017 67 7 1
a contact +391433 +392017 7 67 1
a contact +423106 +423945 67 7 1
a contact +423106 +423945 7 67 1
a contact +429141 +430000 67 7 1
a contact +429141 +430000 7 67 1
a contact +463868 +464249 67 7 1
a contact +463868 +464249 7 67 1
a contact +469590 +470467 67 7 1
a contact +469590 +470467 7 67 1
a contact +475716 +476469 67 7 1
a contact +475716 +476469 7 67 1
a contact +507535 +508264 67 7 1
a contact +507535 +508264 7 67 1
a contact +513521 +514424 67 7 1
a contact +513521 +514424 7 67 1
a contact +519696 +520206 67 7 1
a contact +519696 +520206 7 67 1
a contact +554023 +554843 67 7 1
a contact +554023 +554843 7 67 1
a contact +560047 +560892 67 7 1
a contact +560047 +560892 7 67 1
a contact +592000 +592528 67 7 1
a contact +592000 +592528 7 67 1
a contact +597914 +598820 67 7 1
a contact +597914 +598820 7 67 1
a contact +604017 +604730 67 7 1
a contact +604017 +604730 7 67 1
a contact +11109 +11815 67 9 1
a contact +11109 +11815 9 67 1
a contact +17062 +17908 67 9 1
a contact +17062 +17908 9 67 1
a contact +55792 +56665 67 9 1
a contact +55792 +56665 9 67 1
a contact +61893 +62606 67 9 1
a contact +61893 +62606 9 67 1
a contact +95660 +96082 67 9 1
a contact +95660 +96082 9 67 1
a contact +101437 +102322 67 9 1
a contact +101437 +102322 9 67 1
a contact +107815 +108048 67 9 1
a contact +107815 +108048 9 67 1
a contact +140237 +141004 67 9 1
a contact +140237 +141004 9 67 1
a contact +146231 +147078 67 9 1
a contact +146231 +147078 9 67 1
a contact +185847 +186709 67 9 1
a contact +185847 +186709 9 67 1
a contact +191993 +192643 67 9 1
a contact +191993 +192643 9 67 1
a contact +224740 +225277 67 9 1
a contact +224740 +225277 9 67 1
a contact +230604 +231505 67 9 1
a contact +230604 +231505 9 67 1
a contact +270295 +271065 67 9 1
a contact +270295 +271065 9 67 1
a contact +276304 +277113 67 9 1
a contact +276304 +277113 9 67 1
a contact +315004 +315898 67 9 1
a contact +315004 +315898 9 67 1
a contact +321156 +321778 67 9 1
a contact +321156 +321778 9 67 1
a contact +354802 +355372 67 9 1
a contact +354802 +355372 9 67 1
a contact +360663 +361540 67 9 1
a contact +360663 +361540 9 67 1
a contact +399434 +400255 67 9 1
a contact +399434 +400255 9 67 1
a contact +405472 +406275 67 9 1
a contact +405472 +406275 9 67 1
a contact +445059 +445938 67 9 1
a contact +445059 +445938 9 67 1
a contact +451275 +451812 67 9 1
a contact +451275 +451812 9 67 1
a contact +483907 +484562 67 9 1
a contact +483907 +484562 9 67 1
a contact +489832 +490719 67 9 1
a contact +489832 +490719 9 67 1
a contact +529490 +530308 67 9 1
a contact +529490 +530308 9 67 1
a contact +535553 +536311 67 9 1
a contact +535553 +536311 9 67 1
a contact +568516 +568725 67 9 1
a contact +568516 +568725 9 67 1
a contact +574221 +575125 67 9 1
a contact +574221 +575125 9 67 1
a contact +580437 +580929 67 9 1
a contact +580437 +580929 9 67 1
a contact +2346 +3124 67 11 1
a contact +2346 +3124 11 67 1
a contact +8319 +9197 67 11 1
a contact +8319 +9197 11 67 1
a contact +46439 +47310 67 11 1
a contact +46439 +47310 11 67 1
a contact +52527 +53258 67 11 1
a contact +52527 +53258 11 67 1
a contact +86846 +87455 67 11 1
a contact +86846 +87455 11 67 1
a contact +92695 +93602 67 11 1
a contact +92695 +93602 11 67 1
a contact +98973 +99496 67 11 1
a contact +98973 +99496 11 67 1
a contact +130859 +131658 67 11 1
a contact +130859 +131658 11 67 1
a contact +136884 +137720 67 11 1
a contact +136884 +137720 11 67 1
a contact +171469 +171683 67 11 1
a contact +171469 +171683 11 67 1
a contact +177101 +177991 67 11 1
a contact +177101 +177991 11 67 1
a contact +183235 +183975 67 11 1
a contact +183235 +183975 11 67 1
a contact +215308 +215963 67 11 1
a contact +215308 +215963 11 67 1
a contact +221262 +222146 67 11 1
a contact +221262 +222146 11 67 1
a contact +227489 +227881 67 11 1
a contact +227489 +227881 11 67 1
a contact +261539 +262363 67 11 1
a contact +261539 +262363 11 67 1
a contact +267559 +268410 67 11 1
a contact +267559 +268410 11 67 1
a contact +299830 +300174 67 11 1
a contact +299830 +300174 11 67 1
a contact +305657 +306541 67 11 1
a contact +305657 +306541 11 67 1
a contact +311774 +312439 67 11 1
a contact +311774 +312439 11 67 1
a contact +346018 +346709 67 11 1
a contact +346018 +346709 11 67 1
a contact +351921 +352822 67 11 1
a contact +351921 +352822 11 67 1
a contact +358289 +358650 67 11 1
a contact +358289 +358650 11 67 1
a contact +390069 +390904 67 11 1
a contact +390069 +390904 11 67 1
a contact +396119 +396920 67 11 1
a contact +396119 +396920 11 67 1
a contact +430566 +431003 67 11 1
a contact +430566 +431003 11 67 1
a contact +436315 +437218 67 11 1
a contact +436315 +437218 11 67 1
a contact +442502 +443171 67 11 1
a contact +442502 +443171 11 67 1
a contact +474504 +475229 67 11 1
a contact +474504 +475229 11 67 1
a contact +480489 +481360 67 11 1
a contact +480489 +481360 11 67 1
a contact +486850 +486938 67 11 1
a contact +486850 +486938 11 67 1
a contact +520740 +521597 67 11 1
a contact +520740 +521597 11 67 1
a contact +526805 +527619 67 11 1
a contact +526805 +527619 11 67 1
a contact +558983 +559492 67 11 1
a contact +558983 +559492 11 67 1
a contact +564877 +565767 67 11 1
a contact +564877 +565767 11 67 1
a contact +571031 +571608 67 11 1
a contact +571031 +571608 11 67 1
a contact +2548 +3399 68 3 1
a contact +2548 +3399 3 68 1
a contact +8727 +9526 68 3 1
a contact +8727 +9526 3 68 1
a contact +14891 +15695 68 3 1
a contact +14891 +15695 3 68 1
a contact +21012 +21870 68 3 1
a contact +21012 +21870 3 68 1
a contact +27095 +27996 68 3 1
a contact +27095 +27996 3 68 1
a contact +33152 +34043 68 3 1
a contact +33152 +34043 3 68 1
a contact +39190 +40002 68 3 1
a contact +39190 +40002 3 68 1
a contact +45204 +45885 68 3 1
a contact +45204 +45885 3 68 1
a contact +51175 +51737 68 3 1
a contact +51175 +51737 3 68 1
a contact +57075 +57630 68 3 1
a contact +57075 +57630 3 68 1
a contact +62925 +63596 68 3 1
a contact +62925 +63596 3 68 1
a contact +68801 +69607 68 3 1
a contact +68801 +69607 3 68 1
a contact +74750 +75642 68 3 1
a contact +74750 +75642 3 68 1
a contact +80787 +81697 68 3 1
a contact +80787 +81697 3 68 1
a contact +86907 +87776 68 3 1
a contact +86907 +87776 3 68 1
a contact +93079 +93890 68 3 1
a contact +93079 +93890 3 68 1
a contact +99253 +100049 68 3 1
a contact +99253 +100049 3 68 1
a contact +105387 +106227 68 3 1
a contact +105387 +106227 3 68 1
a contact +111480 +112373 68 3 1
a contact +111480 +112373 3 68 1
a contact +117543 +118445 68 3 1
a contact +117543 +118445 3 68 1
a contact +123587 +124429 68 3 1
a contact +123587 +124429 3 68 1
a contact +129609 +130332 68 3 1
a contact +129609 +130332 3 68 1
a contact +135596 +136185 68 3 1
a contact +135596 +136185 3 68 1
a contact +141518 +142059 68 3 1
a contact +141518 +142059 3 68 1
a contact +147376 +148005 68 3 1
a contact +147376 +148005 3 68 1
a contact +153238 +154006 68 3 1
a contact +153238 +154006 3 68 1
a contact +159162 +160036 68 3 1
a contact +159162 +160036 3 68 1
a contact +165173 +166085 68 3 1
a contact +165173 +166085 3 68 1
a contact +171270 +172155 68 3 1
a contact +171270 +172155 3 68 1
a contact +177432 +178258 68 3 1
a contact +177432 +178258 3 68 1
a contact +183611 +184404 68 3 1
a contact +183611 +184404 3 68 1
a contact +189759 +190582 68 3 1
a contact +189759 +190582 3 68 1
a contact +195862 +196742 68 3 1
a contact +195862 +196742 3 68 1
a contact +201933 +202838 68 3 1
a contact +201933 +202838 3 68 1
a contact +207982 +208849 68 3 1
a contact +207982 +208849 3 68 1
a contact +214011 +214773 68 3 1
a contact +214011 +214773 3 68 1
a contact +220011 +220636 68 3 1
a contact +220011 +220636 3 68 1
a contact +225955 +226496 68 3 1
a contact +225955 +226496 3 68 1
a contact +231827 +232420 68 3 1
a contact +231827 +232420 3 68 1
a contact +237679 +238408 68 3 1
a contact +237679 +238408 3 68 1
a contact +243582 +244431 68 3 1
a contact +243582 +244431 3 68 1
a contact +249567 +250474 68 3 1
a contact +249567 +250474 3 68 1
a contact +255639 +256538 68 3 1
a contact +255639 +256538 3 68 1
a contact +261786 +262630 68 3 1
a contact +261786 +262630 3 68 1
a contact +267966 +268763 68 3 1
a contact +267966 +268763 3 68 1
a contact +274126 +274935 68 3 1
a contact +274126 +274935 3 68 1
a contact +280242 +281106 68 3 1
a contact +280242 +281106 3 68 1
a contact +286321 +287225 68 3 1
a contact +286321 +287225 3 68 1
a contact +292375 +293261 68 3 1
a contact +292375 +293261 3 68 1
a contact +298411 +299209 68 3 1
a contact +298411 +299209 3 68 1
a contact +304421 +305086 68 3 1
a contact +304421 +305086 3 68 1
a contact +310385 +310938 68 3 1
a contact +310385 +310938 3 68 1
a contact +316276 +316840 68 3 1
a contact +316276 +316840 3 68 1
a contact +322126 +322813 68 3 1
a contact +322126 +322813 3 68 1
a contact +328009 +328828 68 3 1
a contact +328009 +328828 3 68 1
a contact +333968 +334866 68 3 1
a contact +333968 +334866 3 68 1
a contact +340015 +340923 68 3 1
a contact +340015 +340923 3 68 1
a contact +346143 +347005 68 3 1
a contact +346143 +347005 3 68 1
a contact +352319 +353125 68 3 1
a contact +352319 +353125 3 68 1
a contact +358490 +359288 68 3 1
a contact +358490 +359288 3 68 1
a contact +364618 +365466 68 3 1
a contact +364618 +365466 3 68 1
a contact +370706 +371604 68 3 1
a contact +370706 +371604 3 68 1
a contact +376767 +377665 68 3 1
a contact +376767 +377665 3 68 1
a contact +382808 +383639 68 3 1
a contact +382808 +383639 3 68 1
a contact +388827 +389533 68 3 1
a contact +388827 +389533 3 68 1
a contact +394809 +395385 68 3 1
a contact +394809 +395385 3 68 1
a contact +400721 +401267 68 3 1
a contact +400721 +401267 3 68 1
a contact +406575 +407221 68 3 1
a contact +406575 +407221 3 68 1
a contact +412442 +413227 68 3 1
a contact +412442 +413227 3 68 1
a contact +418377 +419259 68 3 1
a contact +418377 +419259 3 68 1
a contact +424398 +425310 68 3 1
a contact +424398 +425310 3 68 1
a contact +430505 +431384 68 3 1
a contact +430505 +431384 3 68 1
a contact +436672 +437491 68 3 1
a contact +436672 +437491 3 68 1
a contact +442849 +443643 68 3 1
a contact +442849 +443643 3 68 1
a contact +448991 +449821 68 3 1
a contact +448991 +449821 3 68 1
a contact +455090 +455976 68 3 1
a contact +455090 +455976 3 68 1
a contact +461158 +462062 68 3 1
a contact +461158 +462062 3 68 1
a contact +467204 +468062 68 3 1
a contact +467204 +468062 3 68 1
a contact +473231 +473977 68 3 1
a contact +473231 +473977 3 68 1
a contact +479226 +479835 68 3 1
a contact +479226 +479835 3 68 1
a contact +485161 +485700 68 3 1
a contact +485161 +485700 3 68 1
a contact +491026 +491634 68 3 1
a contact +491026 +491634 3 68 1
a contact +496882 +497628 68 3 1
a contact +496882 +497628 3 68 1
a contact +502793 +503653 68 3 1
a contact +502793 +503653 3 68 1
a contact +508789 +509699 68 3 1
a contact +508789 +509699 3 68 1
a contact +514872 +515765 68 3 1
a contact +514872 +515765 3 68 1
a contact +521025 +521861 68 3 1
a contact +521025 +521861 3 68 1
a contact +527205 +528000 68 3 1
a contact +527205 +528000 3 68 1
a contact +533360 +534175 68 3 1
a contact +533360 +534175 3 68 1
a contact +539471 +540342 68 3 1
a contact +539471 +540342 3 68 1
a contact +545546 +546452 68 3 1
a contact +545546 +546452 3 68 1
a contact +551599 +552477 68 3 1
a contact +551599 +552477 3 68 1
a contact +557631 +558416 68 3 1
a contact +557631 +558416 3 68 1
a contact +563638 +564286 68 3 1
a contact +563638 +564286 3 68 1
a contact +569594 +570140 68 3 1
a contact +569594 +570140 3 68 1
a contact +575476 +576051 68 3 1
a contact +575476 +576051 3 68 1
a contact +581326 +582031 68 3 1
a contact +581326 +582031 3 68 1
a contact +587217 +588049 68 3 1
a contact +587217 +588049 3 68 1
a contact +593187 +594089 68 3 1
a contact +593187 +594089 3 68 1
a contact +599245 +600149 68 3 1
a contact +599245 +600149 3 68 1
a contact +32204 +32977 68 5 1
a contact +32204 +32977 5 68 1
a contact +38150 +39056 68 5 1
a contact +38150 +39056 5 68 1
a contact +44391 +45038 68 5 1
a contact +44391 +45038 5 68 1
a contact +69838 +70301 68 5 1
a contact +69838 +70301 5 68 1
a contact +75772 +76643 68 5 1
a contact +75772 +76643 5 68 1
a contact +81830 +82656 68 5 1
a contact +81830 +82656 5 68 1
a contact +88130 +88232 68 5 1
a contact +88130 +88232 5 68 1
a contact +116688 +117334 68 5 1
a contact +116688 +117334 5 68 1
a contact +122543 +123449 68 5 1
a contact +122543 +123449 5 68 1
a contact +128689 +129464 68 5 1
a contact +128689 +129464 5 68 1
a contact +160178 +160992 68 5 1
a contact +160178 +160992 5 68 1
a contact +166210 +167086 68 5 1
a contact +166210 +167086 5 68 1
a contact +172359 +172873 68 5 1
a contact +172359 +172873 5 68 1
a contact +201224 +201657 68 5 1
a contact +201224 +201657 5 68 1
a contact +206959 +207834 68 5 1
a contact +206959 +207834 5 68 1
a contact +213021 +213876 68 5 1
a contact +213021 +213876 5 68 1
a contact +219471 +219745 68 5 1
a contact +219471 +219745 5 68 1
a contact +244595 +245311 68 5 1
a contact +244595 +245311 5 68 1
a contact +250597 +251493 68 5 1
a contact +250597 +251493 5 68 1
a contact +256698 +257385 68 5 1
a contact +256698 +257385 5 68 1
a contact +291399 +292210 68 5 1
a contact +291399 +292210 5 68 1
a contact +297380 +298278 68 5 1
a contact +297380 +298278 5 68 1
a contact +303667 +304240 68 5 1
a contact +303667 +304240 5 68 1
a contact +329032 +329590 68 5 1
a contact +329032 +329590 5 68 1
a contact +334992 +335877 68 5 1
a contact +334992 +335877 5 68 1
a contact +341061 +341856 68 5 1
a contact +341061 +341856 5 68 1
a contact +375869 +376574 68 5 1
a contact +375869 +376574 5 68 1
a contact +381763 +382673 68 5 1
a contact +381763 +382673 5 68 1
a contact +387946 +388676 68 5 1
a contact +387946 +388676 5 68 1
a contact +413533 +413782 68 5 1
a contact +413533 +413782 5 68 1
a contact +419395 +420236 68 5 1
a contact +419395 +420236 5 68 1
a contact +425437 +426297 68 5 1
a contact +425437 +426297 5 68 1
a contact +431620 +432026 68 5 1
a contact +431620 +432026 5 68 1
a contact +460379 +460916 68 5 1
a contact +460379 +460916 5 68 1
a contact +466170 +467061 68 5 1
a contact +466170 +467061 5 68 1
a contact +472265 +473093 68 5 1
a contact +472265 +473093 5 68 1
a contact +503806 +504569 68 5 1
a contact +503806 +504569 5 68 1
a contact +509822 +510713 68 5 1
a contact +509822 +510713 5 68 1
a contact +515939 +516565 68 5 1
a contact +515939 +516565 5 68 1
a contact +544992 +545173 68 5 1
a contact +544992 +545173 5 68 1
a contact +550600 +551441 68 5 1
a contact +550600 +551441 5 68 1
a contact +556614 +557498 68 5 1
a contact +556614 +557498 5 68 1
a contact +562955 +563434 68 5 1
a contact +562955 +563434 5 68 1
a contact +588233 +588866 68 5 1
a contact +588233 +588866 5 68 1
a contact +594214 +595107 68 5 1
a contact +594214 +595107 5 68 1
a contact +600295 +601051 68 5 1
a contact +600295 +601051 5 68 1
a contact +623 +1355 68 7 1
a contact +623 +1355 7 68 1
a contact +35116 +35806 68 7 1
a contact +35116 +35806 7 68 1
a contact +41022 +41912 68 7 1
a contact +41022 +41912 7 68 1
a contact +47312 +47826 68 7 1
a contact +47312 +47826 7 68 1
a contact +78934 +79794 68 7 1
a contact +78934 +79794 7 68 1
a contact +84982 +85821 68 7 1
a contact +84982 +85821 7 68 1
a contact +119646 +120122 68 7 1
a contact +119646 +120122 7 68 1
a contact +125419 +126304 68 7 1
a contact +125419 +126304 7 68 1
a contact +131576 +132291 68 7 1
a contact +131576 +132291 7 68 1
a contact +163358 +164124 68 7 1
a contact +163358 +164124 7 68 1
a contact +169359 +170253 68 7 1
a contact +169359 +170253 7 68 1
a contact +175566 +175987 68 7 1
a contact +175566 +175987 7 68 1
a contact +209844 +210684 68 7 1
a contact +209844 +210684 7 68 1
a contact +215896 +216721 68 7 1
a contact +215896 +216721 7 68 1
a contact +247809 +248407 68 7 1
a contact +247809 +248407 7 68 1
a contact +253748 +254657 68 7 1
a contact +253748 +254657 7 68 1
a contact +259868 +260536 68 7 1
a contact +259868 +260536 7 68 1
a contact +294301 +295048 68 7 1
a contact +294301 +295048 7 68 1
a contact +300252 +301132 68 7 1
a contact +300252 +301132 7 68 1
a contact +306621 +306993 68 7 1
a contact +306621 +306993 7 68 1
a contact +332358 +332570 68 7 1
a contact +332358 +332570 7 68 1
a contact +338150 +339033 68 7 1
a contact +338150 +339033 7 68 1
a contact +344217 +345019 68 7 1
a contact +344217 +345019 7 68 1
a contact +378803 +379384 68 7 1
a contact +378803 +379384 7 68 1
a contact +384637 +385529 68 7 1
a contact +384637 +385529 7 68 1
a contact +390844 +391491 68 7 1
a contact +390844 +391491 7 68 1
a contact +422566 +423378 68 7 1
a contact +422566 +423378 7 68 1
a contact +428587 +429464 68 7 1
a contact +428587 +429464 7 68 1
a contact +434877 +435090 68 7 1
a contact +434877 +435090 7 68 1
a contact +463413 +463630 68 7 1
a contact +463413 +463630 7 68 1
a contact +469051 +469914 68 7 1
a contact +469051 +469914 7 68 1
a contact +475144 +475932 68 7 1
a contact +475144 +475932 7 68 1
a contact +507003 +507683 68 7 1
a contact +507003 +507683 7 68 1
a contact +512972 +513879 68 7 1
a contact +512972 +513879 7 68 1
a contact +519119 +519706 68 7 1
a contact +519119 +519706 7 68 1
a contact +553494 +554285 68 7 1
a contact +553494 +554285 7 68 1
a contact +559487 +560349 68 7 1
a contact +559487 +560349 7 68 1
a contact +591490 +591919 68 7 1
a contact +591490 +591919 7 68 1
a contact +597368 +598266 68 7 1
a contact +597368 +598266 7 68 1
a contact +603455 +604210 68 7 1
a contact +603455 +604210 7 68 1
a contact +10597 +11239 68 9 1
a contact +10597 +11239 9 68 1
a contact +16504 +17369 68 9 1
a contact +16504 +17369 9 68 1
a contact +55256 +56104 68 9 1
a contact +55256 +56104 9 68 1
a contact +61323 +62088 68 9 1
a contact +61323 +62088 9 68 1
a contact +95215 +95442 68 9 1
a contact +95215 +95442 9 68 1
a contact +100890 +101775 68 9 1
a contact +100890 +101775 9 68 1
a contact +107166 +107595 68 9 1
a contact +107166 +107595 9 68 1
a contact +139714 +140428 68 9 1
a contact +139714 +140428 9 68 1
a contact +145673 +146544 68 9 1
a contact +145673 +146544 9 68 1
a contact +185311 +186153 68 9 1
a contact +185311 +186153 9 68 1
a contact +191412 +192124 68 9 1
a contact +191412 +192124 9 68 1
a contact +224254 +224661 68 9 1
a contact +224254 +224661 9 68 1
a contact +230055 +230960 68 9 1
a contact +230055 +230960 9 68 1
a contact +236332 +236695 68 9 1
a contact +236332 +236695 9 68 1
a contact +269774 +270497 68 9 1
a contact +269774 +270497 9 68 1
a contact +275740 +276578 68 9 1
a contact +275740 +276578 9 68 1
a contact +314464 +315343 68 9 1
a contact +314464 +315343 9 68 1
a contact +320577 +321269 68 9 1
a contact +320577 +321269 9 68 1
a contact +354311 +354777 68 9 1
a contact +354311 +354777 9 68 1
a contact +360112 +360996 68 9 1
a contact +360112 +360996 9 68 1
a contact +366564 +366651 68 9 1
a contact +366564 +366651 9 68 1
a contact +398904 +399686 68 9 1
a contact +398904 +399686 9 68 1
a contact +404909 +405746 68 9 1
a contact +404909 +405746 9 68 1
a contact +444518 +445386 68 9 1
a contact +444518 +445386 9 68 1
a contact +450680 +451306 68 9 1
a contact +450680 +451306 9 68 1
a contact +483399 +483969 68 9 1
a contact +483399 +483969 9 68 1
a contact +489279 +490178 68 9 1
a contact +489279 +490178 9 68 1
a contact +528962 +529746 68 9 1
a contact +528962 +529746 9 68 1
a contact +534984 +535782 68 9 1
a contact +534984 +535782 9 68 1
a contact +573677 +574574 68 9 1
a contact +573677 +574574 9 68 1
a contact +579843 +580437 68 9 1
a contact +579843 +580437 9 68 1
a contact +1824 +2561 68 11 1
a contact +1824 +2561 11 68 1
a contact +7762 +8654 68 11 1
a contact +7762 +8654 11 68 1
a contact +14239 +14390 68 11 1
a contact +14239 +14390 11 68 1
a contact +45897 +46751 68 11 1
a contact +45897 +46751 11 68 1
a contact +51964 +52735 68 11 1
a contact +51964 +52735 11 68 1
a contact +86347 +86876 68 11 1
a contact +86347 +86876 11 68 1
a contact +92147 +93054 68 11 1
a contact +92147 +93054 11 68 1
a contact +98374 +98982 68 11 1
a contact +98374 +98982 11 68 1
a contact +130324 +131088 68 11 1
a contact +130324 +131088 11 68 1
a contact +136328 +137185 68 11 1
a contact +136328 +137185 11 68 1
a contact +176563 +177438 68 11 1
a contact +176563 +177438 11 68 1
a contact +182660 +183443 68 11 1
a contact +182660 +183443 11 68 1
a contact +214787 +215373 68 11 1
a contact +214787 +215373 11 68 1
a contact +220712 +221601 68 11 1
a contact +220712 +221601 11 68 1
a contact +226895 +227397 68 11 1
a contact +226895 +227397 11 68 1
a contact +261012 +261803 68 11 1
a contact +261012 +261803 11 68 1
a contact +266997 +267870 68 11 1
a contact +266997 +267870 11 68 1
a contact +299432 +299455 68 11 1
a contact +299432 +299455 11 68 1
a contact +305112 +305987 68 11 1
a contact +305112 +305987 11 68 1
a contact +311207 +311923 68 11 1
a contact +311207 +311923 11 68 1
a contact +345507 +346139 68 11 1
a contact +345507 +346139 11 68 1
a contact +351370 +352276 68 11 1
a contact +351370 +352276 11 68 1
a contact +357667 +358157 68 11 1
a contact +357667 +358157 11 68 1
a contact +389530 +390339 68 11 1
a contact +389530 +390339 11 68 1
a contact +395561 +396389 68 11 1
a contact +395561 +396389 11 68 1
a contact +430102 +430391 68 11 1
a contact +430102 +430391 11 68 1
a contact +435773 +436667 68 11 1
a contact +435773 +436667 11 68 1
a contact +441920 +442643 68 11 1
a contact +441920 +442643 11 68 1
a contact +473975 +474649 68 11 1
a contact +473975 +474649 11 68 1
a contact +479937 +480819 68 11 1
a contact +479937 +480819 11 68 1
a contact +486184 +486528 68 11 1
a contact +486184 +486528 11 68 1
a contact +520208 +521040 68 11 1
a contact +520208 +521040 11 68 1
a contact +526239 +527082 68 11 1
a contact +526239 +527082 11 68 1
a contact +558483 +558877 68 11 1
a contact +558483 +558877 11 68 1
a contact +564330 +565217 68 11 1
a contact +564330 +565217 11 68 1
a contact +570456 +571101 68 11 1
a contact +570456 +571101 11 68 1
a contact +604681 +604800 68 11 1
a contact +604681 +604800 11 68 1
a contact +1987 +2844 69 3 1
a contact +1987 +2844 3 69 1
a contact +8164 +8967 69 3 1
a contact +8164 +8967 3 69 1
a contact +14332 +15133 69 3 1
a contact +14332 +15133 3 69 1
a contact +20457 +21309 69 3 1
a contact +20457 +21309 3 69 1
a contact +26543 +27442 69 3 1
a contact +26543 +27442 3 69 1
a contact +32602 +33497 69 3 1
a contact +32602 +33497 3 69 1
a contact +38641 +39464 69 3 1
a contact +38641 +39464 3 69 1
a contact +44658 +45353 69 3 1
a contact +44658 +45353 3 69 1
a contact +50635 +51204 69 3 1
a contact +50635 +51204 3 69 1
a contact +56541 +57091 69 3 1
a contact +56541 +57091 3 69 1
a contact +62393 +63051 69 3 1
a contact +62393 +63051 3 69 1
a contact +68264 +69059 69 3 1
a contact +68264 +69059 3 69 1
a contact +74205 +75092 69 3 1
a contact +74205 +75092 3 69 1
a contact +80234 +81145 69 3 1
a contact +80234 +81145 3 69 1
a contact +86347 +87221 69 3 1
a contact +86347 +87221 3 69 1
a contact +92517 +93332 69 3 1
a contact +92517 +93332 3 69 1
a contact +98693 +99487 69 3 1
a contact +98693 +99487 3 69 1
a contact +104831 +105666 69 3 1
a contact +104831 +105666 3 69 1
a contact +110927 +111816 69 3 1
a contact +110927 +111816 3 69 1
a contact +116993 +117896 69 3 1
a contact +116993 +117896 3 69 1
a contact +123038 +123888 69 3 1
a contact +123038 +123888 3 69 1
a contact +129062 +129797 69 3 1
a contact +129062 +129797 3 69 1
a contact +135054 +135653 69 3 1
a contact +135054 +135653 3 69 1
a contact +140983 +141522 69 3 1
a contact +140983 +141522 3 69 1
a contact +146844 +147462 69 3 1
a contact +146844 +147462 3 69 1
a contact +152702 +153459 69 3 1
a contact +152702 +153459 3 69 1
a contact +158620 +159487 69 3 1
a contact +158620 +159487 3 69 1
a contact +164623 +165534 69 3 1
a contact +164623 +165534 3 69 1
a contact +170712 +171602 69 3 1
a contact +170712 +171602 3 69 1
a contact +176870 +177701 69 3 1
a contact +176870 +177701 3 69 1
a contact +183050 +183843 69 3 1
a contact +183050 +183843 3 69 1
a contact +189201 +190020 69 3 1
a contact +189201 +190020 3 69 1
a contact +195308 +196184 69 3 1
a contact +195308 +196184 3 69 1
a contact +201382 +202287 69 3 1
a contact +201382 +202287 3 69 1
a contact +207432 +208306 69 3 1
a contact +207432 +208306 3 69 1
a contact +213463 +214238 69 3 1
a contact +213463 +214238 3 69 1
a contact +219467 +220104 69 3 1
a contact +219467 +220104 3 69 1
a contact +225418 +225961 69 3 1
a contact +225418 +225961 3 69 1
a contact +231295 +231878 69 3 1
a contact +231295 +231878 3 69 1
a contact +237146 +237862 69 3 1
a contact +237146 +237862 3 69 1
a contact +243042 +243882 69 3 1
a contact +243042 +243882 3 69 1
a contact +249018 +249924 69 3 1
a contact +249018 +249924 3 69 1
a contact +255084 +255985 69 3 1
a contact +255084 +255985 3 69 1
a contact +261225 +262074 69 3 1
a contact +261225 +262074 3 69 1
a contact +267404 +268203 69 3 1
a contact +267404 +268203 3 69 1
a contact +273568 +274373 69 3 1
a contact +273568 +274373 3 69 1
a contact +279687 +280546 69 3 1
a contact +279687 +280546 3 69 1
a contact +285769 +286671 69 3 1
a contact +285769 +286671 3 69 1
a contact +291825 +292715 69 3 1
a contact +291825 +292715 3 69 1
a contact +297863 +298672 69 3 1
a contact +297863 +298672 3 69 1
a contact +303876 +304553 69 3 1
a contact +303876 +304553 3 69 1
a contact +309846 +310405 69 3 1
a contact +309846 +310405 3 69 1
a contact +315743 +316300 69 3 1
a contact +315743 +316300 3 69 1
a contact +321593 +322268 69 3 1
a contact +321593 +322268 3 69 1
a contact +327471 +328280 69 3 1
a contact +327471 +328280 3 69 1
a contact +333422 +334316 69 3 1
a contact +333422 +334316 3 69 1
a contact +339462 +340371 69 3 1
a contact +339462 +340371 3 69 1
a contact +345583 +346451 69 3 1
a contact +345583 +346451 3 69 1
a contact +351757 +352566 69 3 1
a contact +351757 +352566 3 69 1
a contact +357930 +358726 69 3 1
a contact +357930 +358726 3 69 1
a contact +364063 +364904 69 3 1
a contact +364063 +364904 3 69 1
a contact +370154 +371048 69 3 1
a contact +370154 +371048 3 69 1
a contact +376217 +377118 69 3 1
a contact +376217 +377118 3 69 1
a contact +382260 +383099 69 3 1
a contact +382260 +383099 3 69 1
a contact +388281 +389000 69 3 1
a contact +388281 +389000 3 69 1
a contact +394267 +394853 69 3 1
a contact +394267 +394853 3 69 1
a contact +400187 +400729 69 3 1
a contact +400187 +400729 3 69 1
a contact +406043 +406677 69 3 1
a contact +406043 +406677 3 69 1
a contact +411906 +412679 69 3 1
a contact +411906 +412679 3 69 1
a contact +417833 +418709 69 3 1
a contact +417833 +418709 3 69 1
a contact +423847 +424759 69 3 1
a contact +423847 +424759 3 69 1
a contact +429946 +430830 69 3 1
a contact +429946 +430830 3 69 1
a contact +436109 +436934 69 3 1
a contact +436109 +436934 3 69 1
a contact +442288 +443081 69 3 1
a contact +442288 +443081 3 69 1
a contact +448434 +449259 69 3 1
a contact +448434 +449259 3 69 1
a contact +454537 +455418 69 3 1
a contact +454537 +455418 3 69 1
a contact +460607 +461512 69 3 1
a contact +460607 +461512 3 69 1
a contact +466655 +467520 69 3 1
a contact +466655 +467520 3 69 1
a contact +472684 +473442 69 3 1
a contact +472684 +473442 3 69 1
a contact +478682 +479303 69 3 1
a contact +478682 +479303 3 69 1
a contact +484624 +485164 69 3 1
a contact +484624 +485164 3 69 1
a contact +490494 +491091 69 3 1
a contact +490494 +491091 3 69 1
a contact +496348 +497081 69 3 1
a contact +496348 +497081 3 69 1
a contact +502252 +503104 69 3 1
a contact +502252 +503104 3 69 1
a contact +508240 +509148 69 3 1
a contact +508240 +509148 3 69 1
a contact +514315 +515212 69 3 1
a contact +514315 +515212 3 69 1
a contact +520463 +521305 69 3 1
a contact +520463 +521305 3 69 1
a contact +526644 +527440 69 3 1
a contact +526644 +527440 3 69 1
a contact +532802 +533613 69 3 1
a contact +532802 +533613 3 69 1
a contact +538917 +539783 69 3 1
a contact +538917 +539783 3 69 1
a contact +544995 +545899 69 3 1
a contact +544995 +545899 3 69 1
a contact +551049 +551933 69 3 1
a contact +551049 +551933 3 69 1
a contact +557083 +557879 69 3 1
a contact +557083 +557879 3 69 1
a contact +563093 +563754 69 3 1
a contact +563093 +563754 3 69 1
a contact +569055 +569606 69 3 1
a contact +569055 +569606 3 69 1
a contact +574944 +575510 69 3 1
a contact +574944 +575510 3 69 1
a contact +580794 +581485 69 3 1
a contact +580794 +581485 3 69 1
a contact +586678 +587501 69 3 1
a contact +586678 +587501 3 69 1
a contact +592640 +593539 69 3 1
a contact +592640 +593539 3 69 1
a contact +598690 +599597 69 3 1
a contact +598690 +599597 3 69 1
a contact +31678 +32418 69 5 1
a contact +31678 +32418 5 69 1
a contact +37598 +38507 69 5 1
a contact +37598 +38507 5 69 1
a contact +43807 +44501 69 5 1
a contact +43807 +44501 5 69 1
a contact +69321 +69689 69 5 1
a contact +69321 +69689 5 69 1
a contact +75225 +76082 69 5 1
a contact +75225 +76082 5 69 1
a contact +81275 +82120 69 5 1
a contact +81275 +82120 5 69 1
a contact +87492 +87798 69 5 1
a contact +87492 +87798 5 69 1
a contact +116175 +116767 69 5 1
a contact +116175 +116767 5 69 1
a contact +121998 +122897 69 5 1
a contact +121998 +122897 5 69 1
a contact +128117 +128921 69 5 1
a contact +128117 +128921 5 69 1
a contact +159634 +160423 69 5 1
a contact +159634 +160423 5 69 1
a contact +165657 +166543 69 5 1
a contact +165657 +166543 5 69 1
a contact +171788 +172366 69 5 1
a contact +171788 +172366 5 69 1
a contact +200740 +201068 69 5 1
a contact +200740 +201068 5 69 1
a contact +206421 +207280 69 5 1
a contact +206421 +207280 5 69 1
a contact +212458 +213330 69 5 1
a contact +212458 +213330 5 69 1
a contact +218843 +219241 69 5 1
a contact +218843 +219241 5 69 1
a contact +244056 +244731 69 5 1
a contact +244056 +244731 5 69 1
a contact +250047 +250943 69 5 1
a contact +250047 +250943 5 69 1
a contact +256137 +256863 69 5 1
a contact +256137 +256863 5 69 1
a contact +290870 +291653 69 5 1
a contact +290870 +291653 5 69 1
a contact +296825 +297730 69 5 1
a contact +296825 +297730 5 69 1
a contact +303077 +303707 69 5 1
a contact +303077 +303707 5 69 1
a contact +328503 +328992 69 5 1
a contact +328503 +328992 5 69 1
a contact +334445 +335319 69 5 1
a contact +334445 +335319 5 69 1
a contact +340505 +341324 69 5 1
a contact +340505 +341324 5 69 1
a contact +375350 +376012 69 5 1
a contact +375350 +376012 5 69 1
a contact +381215 +382122 69 5 1
a contact +381215 +382122 5 69 1
a contact +387370 +388135 69 5 1
a contact +387370 +388135 5 69 1
a contact +418849 +419671 69 5 1
a contact +418849 +419671 5 69 1
a contact +424884 +425757 69 5 1
a contact +424884 +425757 5 69 1
a contact +431041 +431530 69 5 1
a contact +431041 +431530 5 69 1
a contact +459879 +460341 69 5 1
a contact +459879 +460341 5 69 1
a contact +465629 +466508 69 5 1
a contact +465629 +466508 5 69 1
a contact +471699 +472548 69 5 1
a contact +471699 +472548 5 69 1
a contact +478178 +478395 69 5 1
a contact +478178 +478395 5 69 1
a contact +503265 +503994 69 5 1
a contact +503265 +503994 5 69 1
a contact +509271 +510166 69 5 1
a contact +509271 +510166 5 69 1
a contact +515375 +516049 69 5 1
a contact +515375 +516049 5 69 1
a contact +550067 +550886 69 5 1
a contact +550067 +550886 5 69 1
a contact +556056 +556951 69 5 1
a contact +556056 +556951 5 69 1
a contact +562356 +562907 69 5 1
a contact +562356 +562907 5 69 1
a contact +587699 +588277 69 5 1
a contact +587699 +588277 5 69 1
a contact +593665 +594552 69 5 1
a contact +593665 +594552 5 69 1
a contact +599737 +600523 69 5 1
a contact +599737 +600523 5 69 1
a contact +60 +832 69 7 1
a contact +60 +832 7 69 1
a contact +34601 +35238 69 7 1
a contact +34601 +35238 7 69 1
a contact +40471 +41363 69 7 1
a contact +40471 +41363 7 69 1
a contact +46714 +47305 69 7 1
a contact +46714 +47305 7 69 1
a contact +78392 +79228 69 7 1
a contact +78392 +79228 7 69 1
a contact +84426 +85286 69 7 1
a contact +84426 +85286 7 69 1
a contact +119161 +119529 69 7 1
a contact +119161 +119529 7 69 1
a contact +124876 +125752 69 7 1
a contact +124876 +125752 7 69 1
a contact +130999 +131755 69 7 1
a contact +130999 +131755 7 69 1
a contact +162822 +163546 69 7 1
a contact +162822 +163546 7 69 1
a contact +168807 +169709 69 7 1
a contact +168807 +169709 7 69 1
a contact +174978 +175497 69 7 1
a contact +174978 +175497 7 69 1
a contact +209311 +210127 69 7 1
a contact +209311 +210127 7 69 1
a contact +215331 +216178 69 7 1
a contact +215331 +216178 7 69 1
a contact +247289 +247808 69 7 1
a contact +247289 +247808 7 69 1
a contact +253200 +254105 69 7 1
a contact +253200 +254105 7 69 1
a contact +259301 +260019 69 7 1
a contact +259301 +260019 7 69 1
a contact +293780 +294484 69 7 1
a contact +293780 +294484 7 69 1
a contact +299697 +300585 69 7 1
a contact +299697 +300585 7 69 1
a contact +306004 +306488 69 7 1
a contact +306004 +306488 7 69 1
a contact +337606 +338471 69 7 1
a contact +337606 +338471 7 69 1
a contact +343658 +344488 69 7 1
a contact +343658 +344488 7 69 1
a contact +378301 +378806 69 7 1
a contact +378301 +378806 7 69 1
a contact +384091 +384978 69 7 1
a contact +384091 +384978 7 69 1
a contact +390260 +390960 69 7 1
a contact +390260 +390960 7 69 1
a contact +422027 +422806 69 7 1
a contact +422027 +422806 7 69 1
a contact +428033 +428924 69 7 1
a contact +428033 +428924 7 69 1
a contact +434255 +434637 69 7 1
a contact +434255 +434637 7 69 1
a contact +468513 +469360 69 7 1
a contact +468513 +469360 7 69 1
a contact +474575 +475391 69 7 1
a contact +474575 +475391 7 69 1
a contact +506475 +507095 69 7 1
a contact +506475 +507095 7 69 1
a contact +512422 +513330 69 7 1
a contact +512422 +513330 7 69 1
a contact +518547 +519197 69 7 1
a contact +518547 +519197 7 69 1
a contact +552967 +553725 69 7 1
a contact +552967 +553725 7 69 1
a contact +558928 +559804 69 7 1
a contact +558928 +559804 7 69 1
a contact +565323 +565646 69 7 1
a contact +565323 +565646 7 69 1
a contact +591000 +591284 69 7 1
a contact +591000 +591284 7 69 1
a contact +596822 +597709 69 7 1
a contact +596822 +597709 7 69 1
a contact +602893 +603685 69 7 1
a contact +602893 +603685 7 69 1
a contact +10092 +10653 69 9 1
a contact +10092 +10653 9 69 1
a contact +15948 +16826 69 9 1
a contact +15948 +16826 9 69 1
a contact +54721 +55539 69 9 1
a contact +54721 +55539 9 69 1
a contact +60755 +61563 69 9 1
a contact +60755 +61563 9 69 1
a contact +100345 +101223 69 9 1
a contact +100345 +101223 9 69 1
a contact +106555 +107103 69 9 1
a contact +106555 +107103 9 69 1
a contact +139196 +139843 69 9 1
a contact +139196 +139843 9 69 1
a contact +145117 +146005 69 9 1
a contact +145117 +146005 9 69 1
a contact +184778 +185592 69 9 1
a contact +184778 +185592 9 69 1
a contact +190836 +191599 69 9 1
a contact +190836 +191599 9 69 1
a contact +223821 +223989 69 9 1
a contact +223821 +223989 9 69 1
a contact +229507 +230411 69 9 1
a contact +229507 +230411 9 69 1
a contact +235717 +236221 69 9 1
a contact +235717 +236221 9 69 1
a contact +269257 +269922 69 9 1
a contact +269257 +269922 9 69 1
a contact +275180 +276039 69 9 1
a contact +275180 +276039 9 69 1
a contact +313925 +314782 69 9 1
a contact +313925 +314782 9 69 1
a contact +320003 +320752 69 9 1
a contact +320003 +320752 9 69 1
a contact +353846 +354154 69 9 1
a contact +353846 +354154 9 69 1
a contact +359563 +360448 69 9 1
a contact +359563 +360448 9 69 1
a contact +365866 +366244 69 9 1
a contact +365866 +366244 9 69 1
a contact +398378 +399111 69 9 1
a contact +398378 +399111 9 69 1
a contact +404349 +405213 69 9 1
a contact +404349 +405213 9 69 1
a contact +443980 +444829 69 9 1
a contact +443980 +444829 9 69 1
a contact +450095 +450789 69 9 1
a contact +450095 +450789 9 69 1
a contact +482904 +483360 69 9 1
a contact +482904 +483360 9 69 1
a contact +488728 +489633 69 9 1
a contact +488728 +489633 9 69 1
a contact +495036 +495333 69 9 1
a contact +495036 +495333 9 69 1
a contact +528438 +529178 69 9 1
a contact +528438 +529178 9 69 1
a contact +534418 +535247 69 9 1
a contact +534418 +535247 9 69 1
a contact +573134 +574019 69 9 1
a contact +573134 +574019 9 69 1
a contact +579259 +579930 69 9 1
a contact +579259 +579930 9 69 1
a contact +1307 +1993 69 11 1
a contact +1307 +1993 11 69 1
a contact +7206 +8108 69 11 1
a contact +7206 +8108 11 69 1
a contact +13566 +13943 69 11 1
a contact +13566 +13943 11 69 1
a contact +45355 +46188 69 11 1
a contact +45355 +46188 11 69 1
a contact +51403 +52207 69 11 1
a contact +51403 +52207 11 69 1
a contact +85859 +86283 69 11 1
a contact +85859 +86283 11 69 1
a contact +91601 +92503 69 11 1
a contact +91601 +92503 11 69 1
a contact +97784 +98458 69 11 1
a contact +97784 +98458 11 69 1
a contact +129791 +130512 69 11 1
a contact +129791 +130512 11 69 1
a contact +135774 +136646 69 11 1
a contact +135774 +136646 11 69 1
a contact +142110 +142251 69 11 1
a contact +142110 +142251 11 69 1
a contact +176027 +176882 69 11 1
a contact +176027 +176882 11 69 1
a contact +182089 +182906 69 11 1
a contact +182089 +182906 11 69 1
a contact +214273 +214771 69 11 1
a contact +214273 +214771 11 69 1
a contact +220163 +221052 69 11 1
a contact +220163 +221052 11 69 1
a contact +226313 +226898 69 11 1
a contact +226313 +226898 11 69 1
a contact +260488 +261239 69 11 1
a contact +260488 +261239 11 69 1
a contact +266438 +267326 69 11 1
a contact +266438 +267326 11 69 1
a contact +304568 +305428 69 11 1
a contact +304568 +305428 11 69 1
a contact +310642 +311401 69 11 1
a contact +310642 +311401 11 69 1
a contact +345003 +345560 69 11 1
a contact +345003 +345560 11 69 1
a contact +350820 +351728 69 11 1
a contact +350820 +351728 11 69 1
a contact +357063 +357645 69 11 1
a contact +357063 +357645 11 69 1
a contact +388993 +389769 69 11 1
a contact +388993 +389769 11 69 1
a contact +395004 +395855 69 11 1
a contact +395004 +395855 11 69 1
a contact +435233 +436113 69 11 1
a contact +435233 +436113 11 69 1
a contact +441342 +442111 69 11 1
a contact +441342 +442111 11 69 1
a contact +473450 +474061 69 11 1
a contact +473450 +474061 11 69 1
a contact +479386 +480274 69 11 1
a contact +479386 +480274 11 69 1
a contact +485582 +486051 69 11 1
a contact +485582 +486051 11 69 1
a contact +519678 +520480 69 11 1
a contact +519678 +520480 11 69 1
a contact +525675 +526541 69 11 1
a contact +525675 +526541 11 69 1
a contact +558020 +558221 69 11 1
a contact +558020 +558221 11 69 1
a contact +563784 +564662 69 11 1
a contact +563784 +564662 11 69 1
a contact +569886 +570586 69 11 1
a contact +569886 +570586 11 69 1
a contact +604167 +604800 69 11 1
a contact +604167 +604800 11 69 1
a contact +1425 +2288 70 3 1
a contact +1425 +2288 3 70 1
a contact +7601 +8407 70 3 1
a contact +7601 +8407 3 70 1
a contact +13772 +14570 70 3 1
a contact +13772 +14570 3 70 1
a contact +19901 +20747 70 3 1
a contact +19901 +20747 3 70 1
a contact +25989 +26886 70 3 1
a contact +25989 +26886 3 70 1
a contact +32050 +32949 70 3 1
a contact +32050 +32949 3 70 1
a contact +38092 +38923 70 3 1
a contact +38092 +38923 3 70 1
a contact +44111 +44818 70 3 1
a contact +44111 +44818 3 70 1
a contact +50093 +50670 70 3 1
a contact +50093 +50670 3 70 1
a contact +56006 +56551 70 3 1
a contact +56006 +56551 3 70 1
a contact +61860 +62505 70 3 1
a contact +61860 +62505 3 70 1
a contact +67727 +68510 70 3 1
a contact +67727 +68510 3 70 1
a contact +73660 +74542 70 3 1
a contact +73660 +74542 3 70 1
a contact +79681 +80593 70 3 1
a contact +79681 +80593 3 70 1
a contact +85787 +86666 70 3 1
a contact +85787 +86666 3 70 1
a contact +91953 +92773 70 3 1
a contact +91953 +92773 3 70 1
a contact +98131 +98925 70 3 1
a contact +98131 +98925 3 70 1
a contact +104273 +105103 70 3 1
a contact +104273 +105103 3 70 1
a contact +110373 +111258 70 3 1
a contact +110373 +111258 3 70 1
a contact +116441 +117345 70 3 1
a contact +116441 +117345 3 70 1
a contact +122487 +123346 70 3 1
a contact +122487 +123346 3 70 1
a contact +128514 +129262 70 3 1
a contact +128514 +129262 3 70 1
a contact +134510 +135120 70 3 1
a contact +134510 +135120 3 70 1
a contact +140446 +140985 70 3 1
a contact +140446 +140985 3 70 1
a contact +146311 +146917 70 3 1
a contact +146311 +146917 3 70 1
a contact +152167 +152911 70 3 1
a contact +152167 +152911 3 70 1
a contact +158077 +158936 70 3 1
a contact +158077 +158936 3 70 1
a contact +164072 +164982 70 3 1
a contact +164072 +164982 3 70 1
a contact +170154 +171048 70 3 1
a contact +170154 +171048 3 70 1
a contact +176307 +177144 70 3 1
a contact +176307 +177144 3 70 1
a contact +182487 +183282 70 3 1
a contact +182487 +183282 3 70 1
a contact +188643 +189457 70 3 1
a contact +188643 +189457 3 70 1
a contact +194753 +195624 70 3 1
a contact +194753 +195624 3 70 1
a contact +200829 +201734 70 3 1
a contact +200829 +201734 3 70 1
a contact +206882 +207761 70 3 1
a contact +206882 +207761 3 70 1
a contact +212915 +213700 70 3 1
a contact +212915 +213700 3 70 1
a contact +218921 +219571 70 3 1
a contact +218921 +219571 3 70 1
a contact +224878 +225425 70 3 1
a contact +224878 +225425 3 70 1
a contact +230761 +231335 70 3 1
a contact +230761 +231335 3 70 1
a contact +236611 +237315 70 3 1
a contact +236611 +237315 3 70 1
a contact +242501 +243333 70 3 1
a contact +242501 +243333 3 70 1
a contact +248470 +249372 70 3 1
a contact +248470 +249372 3 70 1
a contact +254527 +255432 70 3 1
a contact +254527 +255432 3 70 1
a contact +260663 +261518 70 3 1
a contact +260663 +261518 3 70 1
a contact +266841 +267643 70 3 1
a contact +266841 +267643 3 70 1
a contact +273008 +273809 70 3 1
a contact +273008 +273809 3 70 1
a contact +279131 +279985 70 3 1
a contact +279131 +279985 3 70 1
a contact +285216 +286116 70 3 1
a contact +285216 +286116 3 70 1
a contact +291274 +292168 70 3 1
a contact +291274 +292168 3 70 1
a contact +297313 +298132 70 3 1
a contact +297313 +298132 3 70 1
a contact +303329 +304019 70 3 1
a contact +303329 +304019 3 70 1
a contact +309304 +309871 70 3 1
a contact +309304 +309871 3 70 1
a contact +315208 +315759 70 3 1
a contact +315208 +315759 3 70 1
a contact +321060 +321721 70 3 1
a contact +321060 +321721 3 70 1
a contact +326932 +327731 70 3 1
a contact +326932 +327731 3 70 1
a contact +332876 +333765 70 3 1
a contact +332876 +333765 3 70 1
a contact +338908 +339818 70 3 1
a contact +338908 +339818 3 70 1
a contact +345023 +345895 70 3 1
a contact +345023 +345895 3 70 1
a contact +351193 +352007 70 3 1
a contact +351193 +352007 3 70 1
a contact +357369 +358163 70 3 1
a contact +357369 +358163 3 70 1
a contact +363505 +364342 70 3 1
a contact +363505 +364342 3 70 1
a contact +369600 +370491 70 3 1
a contact +369600 +370491 3 70 1
a contact +375665 +376568 70 3 1
a contact +375665 +376568 3 70 1
a contact +381710 +382558 70 3 1
a contact +381710 +382558 3 70 1
a contact +387733 +388465 70 3 1
a contact +387733 +388465 3 70 1
a contact +393724 +394320 70 3 1
a contact +393724 +394320 3 70 1
a contact +399650 +400190 70 3 1
a contact +399650 +400190 3 70 1
a contact +405510 +406132 70 3 1
a contact +405510 +406132 3 70 1
a contact +411370 +412131 70 3 1
a contact +411370 +412131 3 70 1
a contact +417290 +418159 70 3 1
a contact +417290 +418159 3 70 1
a contact +423295 +424206 70 3 1
a contact +423295 +424206 3 70 1
a contact +429387 +430276 70 3 1
a contact +429387 +430276 3 70 1
a contact +435546 +436376 70 3 1
a contact +435546 +436376 3 70 1
a contact +441726 +442519 70 3 1
a contact +441726 +442519 3 70 1
a contact +447876 +448696 70 3 1
a contact +447876 +448696 3 70 1
a contact +453982 +454859 70 3 1
a contact +453982 +454859 3 70 1
a contact +460055 +460960 70 3 1
a contact +460055 +460960 3 70 1
a contact +466105 +466976 70 3 1
a contact +466105 +466976 3 70 1
a contact +472135 +472905 70 3 1
a contact +472135 +472905 3 70 1
a contact +478137 +478770 70 3 1
a contact +478137 +478770 3 70 1
a contact +484086 +484628 70 3 1
a contact +484086 +484628 3 70 1
a contact +489961 +490548 70 3 1
a contact +489961 +490548 3 70 1
a contact +495813 +496533 70 3 1
a contact +495813 +496533 3 70 1
a contact +501711 +502554 70 3 1
a contact +501711 +502554 3 70 1
a contact +507690 +508596 70 3 1
a contact +507690 +508596 3 70 1
a contact +513758 +514659 70 3 1
a contact +513758 +514659 3 70 1
a contact +519901 +520748 70 3 1
a contact +519901 +520748 3 70 1
a contact +526080 +526879 70 3 1
a contact +526080 +526879 3 70 1
a contact +532243 +533049 70 3 1
a contact +532243 +533049 3 70 1
a contact +538361 +539222 70 3 1
a contact +538361 +539222 3 70 1
a contact +544442 +545345 70 3 1
a contact +544442 +545345 3 70 1
a contact +550498 +551386 70 3 1
a contact +550498 +551386 3 70 1
a contact +556534 +557340 70 3 1
a contact +556534 +557340 3 70 1
a contact +562547 +563220 70 3 1
a contact +562547 +563220 3 70 1
a contact +568515 +569072 70 3 1
a contact +568515 +569072 3 70 1
a contact +574410 +574969 70 3 1
a contact +574410 +574969 3 70 1
a contact +580260 +580938 70 3 1
a contact +580260 +580938 3 70 1
a contact +586139 +586951 70 3 1
a contact +586139 +586951 3 70 1
a contact +592093 +592988 70 3 1
a contact +592093 +592988 3 70 1
a contact +598135 +599044 70 3 1
a contact +598135 +599044 3 70 1
a contact +604259 +604800 70 3 1
a contact +604259 +604800 3 70 1
a contact +31155 +31856 70 5 1
a contact +31155 +31856 5 70 1
a contact +37046 +37956 70 5 1
a contact +37046 +37956 5 70 1
a contact +43226 +43960 70 5 1
a contact +43226 +43960 5 70 1
a contact +68823 +69053 70 5 1
a contact +68823 +69053 5 70 1
a contact +74678 +75518 70 5 1
a contact +74678 +75518 5 70 1
a contact +80720 +81581 70 5 1
a contact +80720 +81581 5 70 1
a contact +86900 +87315 70 5 1
a contact +86900 +87315 5 70 1
a contact +115667 +116196 70 5 1
a contact +115667 +116196 5 70 1
a contact +121454 +122344 70 5 1
a contact +121454 +122344 5 70 1
a contact +127546 +128376 70 5 1
a contact +127546 +128376 5 70 1
a contact +159090 +159849 70 5 1
a contact +159090 +159849 5 70 1
a contact +165105 +165997 70 5 1
a contact +165105 +165997 5 70 1
a contact +171221 +171852 70 5 1
a contact +171221 +171852 5 70 1
a contact +200291 +200443 70 5 1
a contact +200291 +200443 5 70 1
a contact +205885 +206724 70 5 1
a contact +205885 +206724 5 70 1
a contact +211896 +212782 70 5 1
a contact +211896 +212782 5 70 1
a contact +218233 +218720 70 5 1
a contact +218233 +218720 5 70 1
a contact +243518 +244145 70 5 1
a contact +243518 +244145 5 70 1
a contact +249497 +250389 70 5 1
a contact +249497 +250389 5 70 1
a contact +255577 +256336 70 5 1
a contact +255577 +256336 5 70 1
a contact +290343 +291093 70 5 1
a contact +290343 +291093 5 70 1
a contact +296270 +297179 70 5 1
a contact +296270 +297179 5 70 1
a contact +302490 +303169 70 5 1
a contact +302490 +303169 5 70 1
a contact +327981 +328384 70 5 1
a contact +327981 +328384 5 70 1
a contact +333896 +334758 70 5 1
a contact +333896 +334758 5 70 1
a contact +339949 +340788 70 5 1
a contact +339949 +340788 5 70 1
a contact +346184 +346442 70 5 1
a contact +346184 +346442 5 70 1
a contact +374835 +375446 70 5 1
a contact +374835 +375446 5 70 1
a contact +380668 +381570 70 5 1
a contact +380668 +381570 5 70 1
a contact +386796 +387592 70 5 1
a contact +386796 +387592 5 70 1
a contact +418304 +419102 70 5 1
a contact +418304 +419102 5 70 1
a contact +424330 +425214 70 5 1
a contact +424330 +425214 5 70 1
a contact +430467 +431025 70 5 1
a contact +430467 +431025 5 70 1
a contact +459388 +459755 70 5 1
a contact +459388 +459755 5 70 1
a contact +465089 +465954 70 5 1
a contact +465089 +465954 5 70 1
a contact +471134 +472001 70 5 1
a contact +471134 +472001 5 70 1
a contact +477538 +477901 70 5 1
a contact +477538 +477901 5 70 1
a contact +502724 +503414 70 5 1
a contact +502724 +503414 5 70 1
a contact +508720 +509616 70 5 1
a contact +508720 +509616 5 70 1
a contact +514813 +515527 70 5 1
a contact +514813 +515527 5 70 1
a contact +549535 +550328 70 5 1
a contact +549535 +550328 5 70 1
a contact +555498 +556402 70 5 1
a contact +555498 +556402 5 70 1
a contact +561762 +562374 70 5 1
a contact +561762 +562374 5 70 1
a contact +587168 +587681 70 5 1
a contact +587168 +587681 5 70 1
a contact +593116 +593994 70 5 1
a contact +593116 +593994 5 70 1
a contact +599179 +599990 70 5 1
a contact +599179 +599990 5 70 1
a contact +0 +304 70 7 1
a contact +0 +304 7 70 1
a contact +34091 +34664 70 7 1
a contact +34091 +34664 7 70 1
a contact +39921 +40812 70 7 1
a contact +39921 +40812 7 70 1
a contact +46123 +46776 70 7 1
a contact +46123 +46776 7 70 1
a contact +77850 +78658 70 7 1
a contact +77850 +78658 7 70 1
a contact +83870 +84748 70 7 1
a contact +83870 +84748 7 70 1
a contact +90148 +90387 70 7 1
a contact +90148 +90387 7 70 1
a contact +118711 +118901 70 7 1
a contact +118711 +118901 7 70 1
a contact +124335 +125197 70 7 1
a contact +124335 +125197 7 70 1
a contact +130425 +131216 70 7 1
a contact +130425 +131216 7 70 1
a contact +162289 +162962 70 7 1
a contact +162289 +162962 7 70 1
a contact +168255 +169162 70 7 1
a contact +168255 +169162 7 70 1
a contact +174400 +174994 70 7 1
a contact +174400 +174994 7 70 1
a contact +208779 +209567 70 7 1
a contact +208779 +209567 7 70 1
a contact +214769 +215633 70 7 1
a contact +214769 +215633 7 70 1
a contact +221279 +221379 70 7 1
a contact +221279 +221379 7 70 1
a contact +246778 +247194 70 7 1
a contact +246778 +247194 7 70 1
a contact +252652 +253549 70 7 1
a contact +252652 +253549 7 70 1
a contact +258736 +259496 70 7 1
a contact +258736 +259496 7 70 1
a contact +293261 +293917 70 7 1
a contact +293261 +293917 7 70 1
a contact +299143 +300035 70 7 1
a contact +299143 +300035 7 70 1
a contact +305401 +305969 70 7 1
a contact +305401 +305969 7 70 1
a contact +337062 +337906 70 7 1
a contact +337062 +337906 7 70 1
a contact +343100 +343954 70 7 1
a contact +343100 +343954 7 70 1
a contact +377810 +378217 70 7 1
a contact +377810 +378217 7 70 1
a contact +383546 +384425 70 7 1
a contact +383546 +384425 7 70 1
a contact +389680 +390424 70 7 1
a contact +389680 +390424 7 70 1
a contact +421489 +422228 70 7 1
a contact +421489 +422228 7 70 1
a contact +427480 +428380 70 7 1
a contact +427480 +428380 7 70 1
a contact +433662 +434151 70 7 1
a contact +433662 +434151 7 70 1
a contact +467977 +468802 70 7 1
a contact +467977 +468802 7 70 1
a contact +474008 +474848 70 7 1
a contact +474008 +474848 7 70 1
a contact +505950 +506497 70 7 1
a contact +505950 +506497 7 70 1
a contact +511872 +512778 70 7 1
a contact +511872 +512778 7 70 1
a contact +517978 +518681 70 7 1
a contact +517978 +518681 7 70 1
a contact +552442 +553161 70 7 1
a contact +552442 +553161 7 70 1
a contact +558371 +559256 70 7 1
a contact +558371 +559256 7 70 1
a contact +564696 +565147 70 7 1
a contact +564696 +565147 7 70 1
a contact +596276 +597148 70 7 1
a contact +596276 +597148 7 70 1
a contact +602333 +603155 70 7 1
a contact +602333 +603155 7 70 1
a contact +9601 +10053 70 9 1
a contact +9601 +10053 9 70 1
a contact +15395 +16279 70 9 1
a contact +15395 +16279 9 70 1
a contact +21814 +21966 70 9 1
a contact +21814 +21966 9 70 1
a contact +54190 +54967 70 9 1
a contact +54190 +54967 9 70 1
a contact +60191 +61032 70 9 1
a contact +60191 +61032 9 70 1
a contact +99803 +100668 70 9 1
a contact +99803 +100668 9 70 1
a contact +105959 +106593 70 9 1
a contact +105959 +106593 9 70 1
a contact +138687 +139247 70 9 1
a contact +138687 +139247 9 70 1
a contact +144562 +145462 70 9 1
a contact +144562 +145462 9 70 1
a contact +184248 +185027 70 9 1
a contact +184248 +185027 9 70 1
a contact +190265 +191067 70 9 1
a contact +190265 +191067 9 70 1
a contact +228961 +229857 70 9 1
a contact +228961 +229857 9 70 1
a contact +235122 +235725 70 9 1
a contact +235122 +235725 9 70 1
a contact +268749 +269339 70 9 1
a contact +268749 +269339 9 70 1
a contact +274622 +275496 70 9 1
a contact +274622 +275496 9 70 1
a contact +313388 +314217 70 9 1
a contact +313388 +314217 9 70 1
a contact +319433 +320227 70 9 1
a contact +319433 +320227 9 70 1
a contact +359016 +359896 70 9 1
a contact +359016 +359896 9 70 1
a contact +365245 +365758 70 9 1
a contact +365245 +365758 9 70 1
a contact +397857 +398528 70 9 1
a contact +397857 +398528 9 70 1
a contact +403791 +404674 70 9 1
a contact +403791 +404674 9 70 1
a contact +443444 +444268 70 9 1
a contact +443444 +444268 9 70 1
a contact +449516 +450264 70 9 1
a contact +449516 +450264 9 70 1
a contact +482441 +482716 70 9 1
a contact +482441 +482716 9 70 1
a contact +488178 +489083 70 9 1
a contact +488178 +489083 9 70 1
a contact +494407 +494872 70 9 1
a contact +494407 +494872 9 70 1
a contact +527918 +528604 70 9 1
a contact +527918 +528604 9 70 1
a contact +533855 +534708 70 9 1
a contact +533855 +534708 9 70 1
a contact +572593 +573458 70 9 1
a contact +572593 +573458 9 70 1
a contact +578682 +579414 70 9 1
a contact +578682 +579414 9 70 1
a contact +795 +1419 70 11 1
a contact +795 +1419 11 70 1
a contact +6653 +7560 70 11 1
a contact +6653 +7560 11 70 1
a contact +12943 +13445 70 11 1
a contact +12943 +13445 11 70 1
a contact +44814 +45620 70 11 1
a contact +44814 +45620 11 70 1
a contact +50843 +51674 70 11 1
a contact +50843 +51674 11 70 1
a contact +85398 +85664 70 11 1
a contact +85398 +85664 11 70 1
a contact +91057 +91950 70 11 1
a contact +91057 +91950 11 70 1
a contact +97199 +97929 70 11 1
a contact +97199 +97929 11 70 1
a contact +129261 +129928 70 11 1
a contact +129261 +129928 11 70 1
a contact +135220 +136103 70 11 1
a contact +135220 +136103 11 70 1
a contact +141460 +141821 70 11 1
a contact +141460 +141821 11 70 1
a contact +175493 +176322 70 11 1
a contact +175493 +176322 11 70 1
a contact +181520 +182366 70 11 1
a contact +181520 +182366 11 70 1
a contact +213773 +214151 70 11 1
a contact +213773 +214151 11 70 1
a contact +219614 +220500 70 11 1
a contact +219614 +220500 11 70 1
a contact +225737 +226388 70 11 1
a contact +225737 +226388 11 70 1
a contact +259968 +260671 70 11 1
a contact +259968 +260671 11 70 1
a contact +265880 +266779 70 11 1
a contact +265880 +266779 11 70 1
a contact +272268 +272591 70 11 1
a contact +272268 +272591 11 70 1
a contact +304024 +304865 70 11 1
a contact +304024 +304865 11 70 1
a contact +310079 +310873 70 11 1
a contact +310079 +310873 11 70 1
a contact +344509 +344971 70 11 1
a contact +344509 +344971 11 70 1
a contact +350272 +351176 70 11 1
a contact +350272 +351176 11 70 1
a contact +356468 +357123 70 11 1
a contact +356468 +357123 11 70 1
a contact +388457 +389193 70 11 1
a contact +388457 +389193 11 70 1
a contact +394448 +395315 70 11 1
a contact +394448 +395315 11 70 1
a contact +434694 +435556 70 11 1
a contact +434694 +435556 11 70 1
a contact +440768 +441574 70 11 1
a contact +440768 +441574 11 70 1
a contact +472932 +473462 70 11 1
a contact +472932 +473462 11 70 1
a contact +478835 +479725 70 11 1
a contact +478835 +479725 11 70 1
a contact +484995 +485555 70 11 1
a contact +484995 +485555 11 70 1
a contact +519152 +519917 70 11 1
a contact +519152 +519917 11 70 1
a contact +525113 +525996 70 11 1
a contact +525113 +525996 11 70 1
a contact +563238 +564104 70 11 1
a contact +563238 +564104 11 70 1
a contact +569319 +570064 70 11 1
a contact +569319 +570064 11 70 1
a contact +603659 +604243 70 11 1
a contact +603659 +604243 11 70 1
a contact +863 +1731 71 3 1
a contact +863 +1731 3 71 1
a contact +7037 +7847 71 3 1
a contact +7037 +7847 3 71 1
a contact +13210 +14006 71 3 1
a contact +13210 +14006 3 71 1
a contact +19343 +20184 71 3 1
a contact +19343 +20184 3 71 1
a contact +25435 +26329 71 3 1
a contact +25435 +26329 3 71 1
a contact +31498 +32399 71 3 1
a contact +31498 +32399 3 71 1
a contact +37541 +38382 71 3 1
a contact +37541 +38382 3 71 1
a contact +43563 +44283 71 3 1
a contact +43563 +44283 3 71 1
a contact +49549 +50136 71 3 1
a contact +49549 +50136 3 71 1
a contact +55470 +56011 71 3 1
a contact +55470 +56011 3 71 1
a contact +61327 +61959 71 3 1
a contact +61327 +61959 3 71 1
a contact +67189 +67961 71 3 1
a contact +67189 +67961 3 71 1
a contact +73115 +73990 71 3 1
a contact +73115 +73990 3 71 1
a contact +79128 +80040 71 3 1
a contact +79128 +80040 3 71 1
a contact +85227 +86111 71 3 1
a contact +85227 +86111 3 71 1
a contact +91389 +92214 71 3 1
a contact +91389 +92214 3 71 1
a contact +97568 +98362 71 3 1
a contact +97568 +98362 3 71 1
a contact +103715 +104539 71 3 1
a contact +103715 +104539 3 71 1
a contact +109817 +110699 71 3 1
a contact +109817 +110699 3 71 1
a contact +115888 +116793 71 3 1
a contact +115888 +116793 3 71 1
a contact +121936 +122802 71 3 1
a contact +121936 +122802 3 71 1
a contact +127965 +128725 71 3 1
a contact +127965 +128725 3 71 1
a contact +133964 +134587 71 3 1
a contact +133964 +134587 3 71 1
a contact +139907 +140447 71 3 1
a contact +139907 +140447 3 71 1
a contact +145777 +146373 71 3 1
a contact +145777 +146373 3 71 1
a contact +151631 +152362 71 3 1
a contact +151631 +152362 3 71 1
a contact +157535 +158386 71 3 1
a contact +157535 +158386 3 71 1
a contact +163521 +164429 71 3 1
a contact +163521 +164429 3 71 1
a contact +169596 +170493 71 3 1
a contact +169596 +170493 3 71 1
a contact +175743 +176586 71 3 1
a contact +175743 +176586 3 71 1
a contact +181924 +182720 71 3 1
a contact +181924 +182720 3 71 1
a contact +188083 +188892 71 3 1
a contact +188083 +188892 3 71 1
a contact +194197 +195063 71 3 1
a contact +194197 +195063 3 71 1
a contact +200276 +201180 71 3 1
a contact +200276 +201180 3 71 1
a contact +206330 +207215 71 3 1
a contact +206330 +207215 3 71 1
a contact +212365 +213161 71 3 1
a contact +212365 +213161 3 71 1
a contact +218375 +219037 71 3 1
a contact +218375 +219037 3 71 1
a contact +224338 +224889 71 3 1
a contact +224338 +224889 3 71 1
a contact +230227 +230793 71 3 1
a contact +230227 +230793 3 71 1
a contact +236077 +236767 71 3 1
a contact +236077 +236767 3 71 1
a contact +241961 +242782 71 3 1
a contact +241961 +242782 3 71 1
a contact +247922 +248821 71 3 1
a contact +247922 +248821 3 71 1
a contact +253971 +254878 71 3 1
a contact +253971 +254878 3 71 1
a contact +260100 +260961 71 3 1
a contact +260100 +260961 3 71 1
a contact +266277 +267082 71 3 1
a contact +266277 +267082 3 71 1
a contact +272446 +273246 71 3 1
a contact +272446 +273246 3 71 1
a contact +278574 +279423 71 3 1
a contact +278574 +279423 3 71 1
a contact +284662 +285560 71 3 1
a contact +284662 +285560 3 71 1
a contact +290722 +291620 71 3 1
a contact +290722 +291620 3 71 1
a contact +296763 +297592 71 3 1
a contact +296763 +297592 3 71 1
a contact +302781 +303485 71 3 1
a contact +302781 +303485 3 71 1
a contact +308762 +309336 71 3 1
a contact +308762 +309336 3 71 1
a contact +314673 +315219 71 3 1
a contact +314673 +315219 3 71 1
a contact +320526 +321175 71 3 1
a contact +320526 +321175 3 71 1
a contact +326394 +327181 71 3 1
a contact +326394 +327181 3 71 1
a contact +332330 +333213 71 3 1
a contact +332330 +333213 3 71 1
a contact +338353 +339265 71 3 1
a contact +338353 +339265 3 71 1
a contact +344462 +345339 71 3 1
a contact +344462 +345339 3 71 1
a contact +350629 +351448 71 3 1
a contact +350629 +351448 3 71 1
a contact +356806 +357600 71 3 1
a contact +356806 +357600 3 71 1
a contact +362947 +363779 71 3 1
a contact +362947 +363779 3 71 1
a contact +369045 +369932 71 3 1
a contact +369045 +369932 3 71 1
a contact +375113 +376017 71 3 1
a contact +375113 +376017 3 71 1
a contact +381159 +382015 71 3 1
a contact +381159 +382015 3 71 1
a contact +387185 +387929 71 3 1
a contact +387185 +387929 3 71 1
a contact +393179 +393786 71 3 1
a contact +393179 +393786 3 71 1
a contact +399113 +399652 71 3 1
a contact +399113 +399652 3 71 1
a contact +404977 +405587 71 3 1
a contact +404977 +405587 3 71 1
a contact +410833 +411582 71 3 1
a contact +410833 +411582 3 71 1
a contact +416746 +417608 71 3 1
a contact +416746 +417608 3 71 1
a contact +422743 +423654 71 3 1
a contact +422743 +423654 3 71 1
a contact +428828 +429721 71 3 1
a contact +428828 +429721 3 71 1
a contact +434983 +435817 71 3 1
a contact +434983 +435817 3 71 1
a contact +441163 +441957 71 3 1
a contact +441163 +441957 3 71 1
a contact +447317 +448132 71 3 1
a contact +447317 +448132 3 71 1
a contact +453426 +454299 71 3 1
a contact +453426 +454299 3 71 1
a contact +459501 +460407 71 3 1
a contact +459501 +460407 3 71 1
a contact +465553 +466431 71 3 1
a contact +465553 +466431 3 71 1
a contact +471586 +472367 71 3 1
a contact +471586 +472367 3 71 1
a contact +477591 +478237 71 3 1
a contact +477591 +478237 3 71 1
a contact +483546 +484092 71 3 1
a contact +483546 +484092 3 71 1
a contact +489427 +490004 71 3 1
a contact +489427 +490004 3 71 1
a contact +495278 +495985 71 3 1
a contact +495278 +495985 3 71 1
a contact +501170 +502004 71 3 1
a contact +501170 +502004 3 71 1
a contact +507141 +508044 71 3 1
a contact +507141 +508044 3 71 1
a contact +513201 +514104 71 3 1
a contact +513201 +514104 3 71 1
a contact +519338 +520191 71 3 1
a contact +519338 +520191 3 71 1
a contact +525517 +526317 71 3 1
a contact +525517 +526317 3 71 1
a contact +531682 +532485 71 3 1
a contact +531682 +532485 3 71 1
a contact +537804 +538660 71 3 1
a contact +537804 +538660 3 71 1
a contact +543888 +544789 71 3 1
a contact +543888 +544789 3 71 1
a contact +549946 +550839 71 3 1
a contact +549946 +550839 3 71 1
a contact +555984 +556800 71 3 1
a contact +555984 +556800 3 71 1
a contact +561999 +562686 71 3 1
a contact +561999 +562686 3 71 1
a contact +567973 +568537 71 3 1
a contact +567973 +568537 3 71 1
a contact +573875 +574428 71 3 1
a contact +573875 +574428 3 71 1
a contact +579726 +580391 71 3 1
a contact +579726 +580391 3 71 1
a contact +585600 +586402 71 3 1
a contact +585600 +586402 3 71 1
a contact +591546 +592436 71 3 1
a contact +591546 +592436 3 71 1
a contact +597580 +598490 71 3 1
a contact +597580 +598490 3 71 1
a contact +603697 +604568 71 3 1
a contact +603697 +604568 3 71 1
a contact +30635 +31292 71 5 1
a contact +30635 +31292 5 71 1
a contact +36497 +37404 71 5 1
a contact +36497 +37404 5 71 1
a contact +42648 +43417 71 5 1
a contact +42648 +43417 5 71 1
a contact +74131 +74950 71 5 1
a contact +74131 +74950 5 71 1
a contact +80165 +81039 71 5 1
a contact +80165 +81039 5 71 1
a contact +86319 +86817 71 5 1
a contact +86319 +86817 5 71 1
a contact +115166 +115618 71 5 1
a contact +115166 +115618 5 71 1
a contact +120911 +121789 71 5 1
a contact +120911 +121789 5 71 1
a contact +126979 +127830 71 5 1
a contact +126979 +127830 5 71 1
a contact +133447 +133685 71 5 1
a contact +133447 +133685 5 71 1
a contact +158547 +159272 71 5 1
a contact +158547 +159272 5 71 1
a contact +164552 +165448 71 5 1
a contact +164552 +165448 5 71 1
a contact +170655 +171333 71 5 1
a contact +170655 +171333 5 71 1
a contact +205350 +206166 71 5 1
a contact +205350 +206166 5 71 1
a contact +211336 +212232 71 5 1
a contact +211336 +212232 5 71 1
a contact +217632 +218191 71 5 1
a contact +217632 +218191 5 71 1
a contact +242982 +243554 71 5 1
a contact +242982 +243554 5 71 1
a contact +248947 +249833 71 5 1
a contact +248947 +249833 5 71 1
a contact +255017 +255806 71 5 1
a contact +255017 +255806 5 71 1
a contact +289818 +290532 71 5 1
a contact +289818 +290532 5 71 1
a contact +295718 +296628 71 5 1
a contact +295718 +296628 5 71 1
a contact +301907 +302629 71 5 1
a contact +301907 +302629 5 71 1
a contact +327474 +327757 71 5 1
a contact +327474 +327757 5 71 1
a contact +333348 +334194 71 5 1
a contact +333348 +334194 5 71 1
a contact +339393 +340249 71 5 1
a contact +339393 +340249 5 71 1
a contact +345583 +345967 71 5 1
a contact +345583 +345967 5 71 1
a contact +374324 +374875 71 5 1
a contact +374324 +374875 5 71 1
a contact +380123 +381016 71 5 1
a contact +380123 +381016 5 71 1
a contact +386224 +387046 71 5 1
a contact +386224 +387046 5 71 1
a contact +417759 +418529 71 5 1
a contact +417759 +418529 5 71 1
a contact +423777 +424667 71 5 1
a contact +423777 +424667 5 71 1
a contact +429897 +430512 71 5 1
a contact +429897 +430512 5 71 1
a contact +458921 +459147 71 5 1
a contact +458921 +459147 5 71 1
a contact +464551 +465397 71 5 1
a contact +464551 +465397 5 71 1
a contact +470571 +471453 71 5 1
a contact +470571 +471453 5 71 1
a contact +476922 +477383 71 5 1
a contact +476922 +477383 5 71 1
a contact +502185 +502829 71 5 1
a contact +502185 +502829 5 71 1
a contact +508169 +509062 71 5 1
a contact +508169 +509062 5 71 1
a contact +514251 +515001 71 5 1
a contact +514251 +515001 5 71 1
a contact +549006 +549768 71 5 1
a contact +549006 +549768 5 71 1
a contact +554943 +555851 71 5 1
a contact +554943 +555851 5 71 1
a contact +561173 +561837 71 5 1
a contact +561173 +561837 5 71 1
a contact +586643 +587075 71 5 1
a contact +586643 +587075 5 71 1
a contact +592567 +593434 71 5 1
a contact +592567 +593434 5 71 1
a contact +598622 +599455 71 5 1
a contact +598622 +599455 5 71 1
a contact +33588 +34084 71 7 1
a contact +33588 +34084 7 71 1
a contact +39373 +40259 71 7 1
a contact +39373 +40259 7 71 1
a contact +45537 +46243 71 7 1
a contact +45537 +46243 7 71 1
a contact +77310 +78084 71 7 1
a contact +77310 +78084 7 71 1
a contact +83314 +84206 71 7 1
a contact +83314 +84206 7 71 1
a contact +89531 +89927 71 7 1
a contact +89531 +89927 7 71 1
a contact +123796 +124640 71 7 1
a contact +123796 +124640 7 71 1
a contact +129854 +130674 71 7 1
a contact +129854 +130674 7 71 1
a contact +161759 +162371 71 7 1
a contact +161759 +162371 7 71 1
a contact +167703 +168612 71 7 1
a contact +167703 +168612 7 71 1
a contact +173826 +174483 71 7 1
a contact +173826 +174483 7 71 1
a contact +208251 +209005 71 7 1
a contact +208251 +209005 7 71 1
a contact +214208 +215086 71 7 1
a contact +214208 +215086 7 71 1
a contact +220594 +220935 71 7 1
a contact +220594 +220935 7 71 1
a contact +246291 +246552 71 7 1
a contact +246291 +246552 7 71 1
a contact +252104 +252989 71 7 1
a contact +252104 +252989 7 71 1
a contact +258174 +258969 71 7 1
a contact +258174 +258969 7 71 1
a contact +292748 +293344 71 7 1
a contact +292748 +293344 7 71 1
a contact +298592 +299484 71 7 1
a contact +298592 +299484 7 71 1
a contact +304806 +305441 71 7 1
a contact +304806 +305441 7 71 1
a contact +336519 +337337 71 7 1
a contact +336519 +337337 7 71 1
a contact +342543 +343416 71 7 1
a contact +342543 +343416 7 71 1
a contact +348859 +349011 71 7 1
a contact +348859 +349011 7 71 1
a contact +377343 +377605 71 7 1
a contact +377343 +377605 7 71 1
a contact +383003 +383870 71 7 1
a contact +383003 +383870 7 71 1
a contact +389104 +389884 71 7 1
a contact +389104 +389884 7 71 1
a contact +420954 +421645 71 7 1
a contact +420954 +421645 7 71 1
a contact +426927 +427833 71 7 1
a contact +426927 +427833 7 71 1
a contact +433080 +433651 71 7 1
a contact +433080 +433651 7 71 1
a contact +467444 +468242 71 7 1
a contact +467444 +468242 7 71 1
a contact +473444 +474303 71 7 1
a contact +473444 +474303 7 71 1
a contact +505435 +505888 71 7 1
a contact +505435 +505888 7 71 1
a contact +511322 +512222 71 7 1
a contact +511322 +512222 7 71 1
a contact +517412 +518159 71 7 1
a contact +517412 +518159 7 71 1
a contact +551922 +552594 71 7 1
a contact +551922 +552594 7 71 1
a contact +557816 +558707 71 7 1
a contact +557816 +558707 7 71 1
a contact +564088 +564631 71 7 1
a contact +564088 +564631 7 71 1
a contact +595731 +596583 71 7 1
a contact +595731 +596583 7 71 1
a contact +601774 +602621 71 7 1
a contact +601774 +602621 7 71 1
a contact +9140 +9423 71 9 1
a contact +9140 +9423 9 71 1
a contact +14844 +15729 71 9 1
a contact +14844 +15729 9 71 1
a contact +21138 +21534 71 9 1
a contact +21138 +21534 9 71 1
a contact +53663 +54389 71 9 1
a contact +53663 +54389 9 71 1
a contact +59629 +60496 71 9 1
a contact +59629 +60496 9 71 1
a contact +99263 +100110 71 9 1
a contact +99263 +100110 9 71 1
a contact +105373 +106073 71 9 1
a contact +105373 +106073 9 71 1
a contact +138193 +138633 71 9 1
a contact +138193 +138633 9 71 1
a contact +144009 +144914 71 9 1
a contact +144009 +144914 9 71 1
a contact +150306 +150627 71 9 1
a contact +150306 +150627 9 71 1
a contact +183722 +184457 71 9 1
a contact +183722 +184457 9 71 1
a contact +189698 +190530 71 9 1
a contact +189698 +190530 9 71 1
a contact +228417 +229299 71 9 1
a contact +228417 +229299 9 71 1
a contact +234538 +235216 71 9 1
a contact +234538 +235216 9 71 1
a contact +268251 +268743 71 9 1
a contact +268251 +268743 9 71 1
a contact +274067 +274950 71 9 1
a contact +274067 +274950 9 71 1
a contact +312855 +313646 71 9 1
a contact +312855 +313646 9 71 1
a contact +318867 +319697 71 9 1
a contact +318867 +319697 9 71 1
a contact +358471 +359342 71 9 1
a contact +358471 +359342 9 71 1
a contact +364644 +365252 71 9 1
a contact +364644 +365252 9 71 1
a contact +397344 +397934 71 9 1
a contact +397344 +397934 9 71 1
a contact +403235 +404131 71 9 1
a contact +403235 +404131 9 71 1
a contact +442912 +443704 71 9 1
a contact +442912 +443704 9 71 1
a contact +448943 +449733 71 9 1
a contact +448943 +449733 9 71 1
a contact +487631 +488530 71 9 1
a contact +487631 +488530 9 71 1
a contact +493807 +494381 71 9 1
a contact +493807 +494381 9 71 1
a contact +527405 +528022 71 9 1
a contact +527405 +528022 9 71 1
a contact +533296 +534166 71 9 1
a contact +533296 +534166 9 71 1
a contact +572055 +572893 71 9 1
a contact +572055 +572893 9 71 1
a contact +578110 +578891 71 9 1
a contact +578110 +578891 9 71 1
a contact +290 +838 71 11 1
a contact +290 +838 11 71 1
a contact +6101 +7009 71 11 1
a contact +6101 +7009 11 71 1
a contact +12339 +12930 71 11 1
a contact +12339 +12930 11 71 1
a contact +44276 +45048 71 11 1
a contact +44276 +45048 11 71 1
a contact +50284 +51137 71 11 1
a contact +50284 +51137 11 71 1
a contact +90515 +91394 71 11 1
a contact +90515 +91394 11 71 1
a contact +96620 +97394 71 11 1
a contact +96620 +97394 11 71 1
a contact +128735 +129337 71 11 1
a contact +128735 +129337 11 71 1
a contact +134667 +135556 71 11 1
a contact +134667 +135556 11 71 1
a contact +140859 +141340 71 11 1
a contact +140859 +141340 11 71 1
a contact +174962 +175760 71 11 1
a contact +174962 +175760 11 71 1
a contact +180955 +181823 71 11 1
a contact +180955 +181823 11 71 1
a contact +213318 +213483 71 11 1
a contact +213318 +213483 11 71 1
a contact +219066 +219943 71 11 1
a contact +219066 +219943 11 71 1
a contact +225165 +225871 71 11 1
a contact +225165 +225871 11 71 1
a contact +259453 +260099 71 11 1
a contact +259453 +260099 11 71 1
a contact +265325 +266231 71 11 1
a contact +265325 +266231 11 71 1
a contact +271636 +272101 71 11 1
a contact +271636 +272101 11 71 1
a contact +303482 +304298 71 11 1
a contact +303482 +304298 11 71 1
a contact +309517 +310341 71 11 1
a contact +309517 +310341 11 71 1
a contact +344035 +344363 71 11 1
a contact +344035 +344363 11 71 1
a contact +349726 +350622 71 11 1
a contact +349726 +350622 11 71 1
a contact +355881 +356594 71 11 1
a contact +355881 +356594 11 71 1
a contact +387925 +388611 71 11 1
a contact +387925 +388611 11 71 1
a contact +393892 +394772 71 11 1
a contact +393892 +394772 11 71 1
a contact +400155 +400463 71 11 1
a contact +400155 +400463 11 71 1
a contact +434159 +434997 71 11 1
a contact +434159 +434997 11 71 1
a contact +440197 +441034 71 11 1
a contact +440197 +441034 11 71 1
a contact +472426 +472848 71 11 1
a contact +472426 +472848 11 71 1
a contact +478285 +479172 71 11 1
a contact +478285 +479172 11 71 1
a contact +484416 +485047 71 11 1
a contact +484416 +485047 11 71 1
a contact +518629 +519349 71 11 1
a contact +518629 +519349 11 71 1
a contact +524554 +525450 71 11 1
a contact +524554 +525450 11 71 1
a contact +530977 +531233 71 11 1
a contact +530977 +531233 11 71 1
a contact +562693 +563541 71 11 1
a contact +562693 +563541 11 71 1
a contact +568754 +569537 71 11 1
a contact +568754 +569537 11 71 1
a contact +603160 +603657 71 11 1
a contact +603160 +603657 11 71 1
a contact +302 +1175 72 3 1
a contact +302 +1175 3 72 1
a contact +6473 +7287 72 3 1
a contact +6473 +7287 3 72 1
a contact +12648 +13443 72 3 1
a contact +12648 +13443 3 72 1
a contact +18785 +19621 72 3 1
a contact +18785 +19621 3 72 1
a contact +24880 +25771 72 3 1
a contact +24880 +25771 3 72 1
a contact +30946 +31849 72 3 1
a contact +30946 +31849 3 72 1
a contact +36990 +37839 72 3 1
a contact +36990 +37839 3 72 1
a contact +43014 +43747 72 3 1
a contact +43014 +43747 3 72 1
a contact +49005 +49603 72 3 1
a contact +49005 +49603 3 72 1
a contact +54933 +55472 72 3 1
a contact +54933 +55472 3 72 1
a contact +60793 +61413 72 3 1
a contact +60793 +61413 3 72 1
a contact +66652 +67412 72 3 1
a contact +66652 +67412 3 72 1
a contact +72571 +73439 72 3 1
a contact +72571 +73439 3 72 1
a contact +78576 +79487 72 3 1
a contact +78576 +79487 3 72 1
a contact +84667 +85556 72 3 1
a contact +84667 +85556 3 72 1
a contact +90825 +91656 72 3 1
a contact +90825 +91656 3 72 1
a contact +97005 +97799 72 3 1
a contact +97005 +97799 3 72 1
a contact +103156 +103975 72 3 1
a contact +103156 +103975 3 72 1
a contact +109262 +110139 72 3 1
a contact +109262 +110139 3 72 1
a contact +115335 +116241 72 3 1
a contact +115335 +116241 3 72 1
a contact +121385 +122257 72 3 1
a contact +121385 +122257 3 72 1
a contact +127416 +128188 72 3 1
a contact +127416 +128188 3 72 1
a contact +133419 +134053 72 3 1
a contact +133419 +134053 3 72 1
a contact +139368 +139910 72 3 1
a contact +139368 +139910 3 72 1
a contact +145244 +145829 72 3 1
a contact +145244 +145829 3 72 1
a contact +151095 +151814 72 3 1
a contact +151095 +151814 3 72 1
a contact +156993 +157835 72 3 1
a contact +156993 +157835 3 72 1
a contact +162971 +163877 72 3 1
a contact +162971 +163877 3 72 1
a contact +169038 +169939 72 3 1
a contact +169038 +169939 3 72 1
a contact +175180 +176028 72 3 1
a contact +175180 +176028 3 72 1
a contact +181360 +182158 72 3 1
a contact +181360 +182158 3 72 1
a contact +187522 +188328 72 3 1
a contact +187522 +188328 3 72 1
a contact +193641 +194502 72 3 1
a contact +193641 +194502 3 72 1
a contact +199722 +200625 72 3 1
a contact +199722 +200625 3 72 1
a contact +205779 +206668 72 3 1
a contact +205779 +206668 3 72 1
a contact +211815 +212622 72 3 1
a contact +211815 +212622 3 72 1
a contact +217828 +218503 72 3 1
a contact +217828 +218503 3 72 1
a contact +223797 +224354 72 3 1
a contact +223797 +224354 3 72 1
a contact +229692 +230251 72 3 1
a contact +229692 +230251 3 72 1
a contact +235542 +236220 72 3 1
a contact +235542 +236220 3 72 1
a contact +241421 +242232 72 3 1
a contact +241421 +242232 3 72 1
a contact +247374 +248269 72 3 1
a contact +247374 +248269 3 72 1
a contact +253415 +254324 72 3 1
a contact +253415 +254324 3 72 1
a contact +259538 +260404 72 3 1
a contact +259538 +260404 3 72 1
a contact +265713 +266521 72 3 1
a contact +265713 +266521 3 72 1
a contact +271885 +272682 72 3 1
a contact +271885 +272682 3 72 1
a contact +278017 +278860 72 3 1
a contact +278017 +278860 3 72 1
a contact +284107 +285002 72 3 1
a contact +284107 +285002 3 72 1
a contact +290170 +291070 72 3 1
a contact +290170 +291070 3 72 1
a contact +296212 +297050 72 3 1
a contact +296212 +297050 3 72 1
a contact +302233 +302949 72 3 1
a contact +302233 +302949 3 72 1
a contact +308218 +308802 72 3 1
a contact +308218 +308802 3 72 1
a contact +314136 +314679 72 3 1
a contact +314136 +314679 3 72 1
a contact +319992 +320629 72 3 1
a contact +319992 +320629 3 72 1
a contact +325856 +326632 72 3 1
a contact +325856 +326632 3 72 1
a contact +331785 +332662 72 3 1
a contact +331785 +332662 3 72 1
a contact +337800 +338712 72 3 1
a contact +337800 +338712 3 72 1
a contact +343901 +344784 72 3 1
a contact +343901 +344784 3 72 1
a contact +350065 +350888 72 3 1
a contact +350065 +350888 3 72 1
a contact +356244 +357037 72 3 1
a contact +356244 +357037 3 72 1
a contact +362389 +363215 72 3 1
a contact +362389 +363215 3 72 1
a contact +368490 +369373 72 3 1
a contact +368490 +369373 3 72 1
a contact +374560 +375465 72 3 1
a contact +374560 +375465 3 72 1
a contact +380608 +381471 72 3 1
a contact +380608 +381471 3 72 1
a contact +386636 +387392 72 3 1
a contact +386636 +387392 3 72 1
a contact +392634 +393253 72 3 1
a contact +392634 +393253 3 72 1
a contact +398575 +399114 72 3 1
a contact +398575 +399114 3 72 1
a contact +404443 +405042 72 3 1
a contact +404443 +405042 3 72 1
a contact +410297 +411033 72 3 1
a contact +410297 +411033 3 72 1
a contact +416203 +417057 72 3 1
a contact +416203 +417057 3 72 1
a contact +422192 +423101 72 3 1
a contact +422192 +423101 3 72 1
a contact +428269 +429166 72 3 1
a contact +428269 +429166 3 72 1
a contact +434419 +435260 72 3 1
a contact +434419 +435260 3 72 1
a contact +440599 +441395 72 3 1
a contact +440599 +441395 3 72 1
a contact +446757 +447568 72 3 1
a contact +446757 +447568 3 72 1
a contact +452870 +453738 72 3 1
a contact +452870 +453738 3 72 1
a contact +458948 +459853 72 3 1
a contact +458948 +459853 3 72 1
a contact +465002 +465885 72 3 1
a contact +465002 +465885 3 72 1
a contact +471036 +471829 72 3 1
a contact +471036 +471829 3 72 1
a contact +477045 +477703 72 3 1
a contact +477045 +477703 3 72 1
a contact +483006 +483556 72 3 1
a contact +483006 +483556 3 72 1
a contact +488893 +489461 72 3 1
a contact +488893 +489461 3 72 1
a contact +494743 +495437 72 3 1
a contact +494743 +495437 3 72 1
a contact +500629 +501454 72 3 1
a contact +500629 +501454 3 72 1
a contact +506592 +507492 72 3 1
a contact +506592 +507492 3 72 1
a contact +512644 +513550 72 3 1
a contact +512644 +513550 3 72 1
a contact +518776 +519634 72 3 1
a contact +518776 +519634 3 72 1
a contact +524952 +525756 72 3 1
a contact +524952 +525756 3 72 1
a contact +531121 +531921 72 3 1
a contact +531121 +531921 3 72 1
a contact +537248 +538098 72 3 1
a contact +537248 +538098 3 72 1
a contact +543334 +544233 72 3 1
a contact +543334 +544233 3 72 1
a contact +549394 +550290 72 3 1
a contact +549394 +550290 3 72 1
a contact +555434 +556260 72 3 1
a contact +555434 +556260 3 72 1
a contact +561452 +562151 72 3 1
a contact +561452 +562151 3 72 1
a contact +567430 +568002 72 3 1
a contact +567430 +568002 3 72 1
a contact +573339 +573887 72 3 1
a contact +573339 +573887 3 72 1
a contact +579192 +579845 72 3 1
a contact +579192 +579845 3 72 1
a contact +585061 +585852 72 3 1
a contact +585061 +585852 3 72 1
a contact +591000 +591885 72 3 1
a contact +591000 +591885 3 72 1
a contact +597026 +597937 72 3 1
a contact +597026 +597937 3 72 1
a contact +603136 +604012 72 3 1
a contact +603136 +604012 3 72 1
a contact +1457 +1733 72 5 1
a contact +1457 +1733 5 72 1
a contact +30120 +30724 72 5 1
a contact +30120 +30724 5 72 1
a contact +35949 +36851 72 5 1
a contact +35949 +36851 5 72 1
a contact +42074 +42873 72 5 1
a contact +42074 +42873 5 72 1
a contact +73586 +74380 72 5 1
a contact +73586 +74380 5 72 1
a contact +79611 +80495 72 5 1
a contact +79611 +80495 5 72 1
a contact +85745 +86310 72 5 1
a contact +85745 +86310 5 72 1
a contact +114677 +115031 72 5 1
a contact +114677 +115031 5 72 1
a contact +120371 +121234 72 5 1
a contact +120371 +121234 5 72 1
a contact +126413 +127282 72 5 1
a contact +126413 +127282 5 72 1
a contact +132811 +133186 72 5 1
a contact +132811 +133186 5 72 1
a contact +158006 +158691 72 5 1
a contact +158006 +158691 5 72 1
a contact +164000 +164896 72 5 1
a contact +164000 +164896 5 72 1
a contact +170092 +170810 72 5 1
a contact +170092 +170810 5 72 1
a contact +204818 +205608 72 5 1
a contact +204818 +205608 5 72 1
a contact +210779 +211682 72 5 1
a contact +210779 +211682 5 72 1
a contact +217038 +217656 72 5 1
a contact +217038 +217656 5 72 1
a contact +242451 +242956 72 5 1
a contact +242451 +242956 5 72 1
a contact +248397 +249274 72 5 1
a contact +248397 +249274 5 72 1
a contact +254459 +255273 72 5 1
a contact +254459 +255273 5 72 1
a contact +289296 +289968 72 5 1
a contact +289296 +289968 5 72 1
a contact +295168 +296076 72 5 1
a contact +295168 +296076 5 72 1
a contact +301328 +302086 72 5 1
a contact +301328 +302086 5 72 1
a contact +332801 +333628 72 5 1
a contact +332801 +333628 5 72 1
a contact +338838 +339708 72 5 1
a contact +338838 +339708 5 72 1
a contact +344999 +345473 72 5 1
a contact +344999 +345473 5 72 1
a contact +373820 +374299 72 5 1
a contact +373820 +374299 5 72 1
a contact +379580 +380462 72 5 1
a contact +379580 +380462 5 72 1
a contact +385655 +386500 72 5 1
a contact +385655 +386500 5 72 1
a contact +392159 +392327 72 5 1
a contact +392159 +392327 5 72 1
a contact +417216 +417952 72 5 1
a contact +417216 +417952 5 72 1
a contact +423224 +424119 72 5 1
a contact +423224 +424119 5 72 1
a contact +429331 +429995 72 5 1
a contact +429331 +429995 5 72 1
a contact +464016 +464840 72 5 1
a contact +464016 +464840 5 72 1
a contact +470010 +470903 72 5 1
a contact +470010 +470903 5 72 1
a contact +476319 +476856 72 5 1
a contact +476319 +476856 5 72 1
a contact +501648 +502239 72 5 1
a contact +501648 +502239 5 72 1
a contact +507618 +508506 72 5 1
a contact +507618 +508506 5 72 1
a contact +513692 +514471 72 5 1
a contact +513692 +514471 5 72 1
a contact +548480 +549207 72 5 1
a contact +548480 +549207 5 72 1
a contact +554390 +555300 72 5 1
a contact +554390 +555300 5 72 1
a contact +560589 +561297 72 5 1
a contact +560589 +561297 5 72 1
a contact +586129 +586456 72 5 1
a contact +586129 +586456 5 72 1
a contact +592019 +592870 72 5 1
a contact +592019 +592870 5 72 1
a contact +598066 +598917 72 5 1
a contact +598066 +598917 5 72 1
a contact +604268 +604617 72 5 1
a contact +604268 +604617 5 72 1
a contact +33099 +33492 72 7 1
a contact +33099 +33492 7 72 1
a contact +38828 +39705 72 7 1
a contact +38828 +39705 7 72 1
a contact +44957 +45706 72 7 1
a contact +44957 +45706 7 72 1
a contact +76772 +77506 72 7 1
a contact +76772 +77506 7 72 1
a contact +82760 +83661 72 7 1
a contact +82760 +83661 7 72 1
a contact +88938 +89438 72 7 1
a contact +88938 +89438 7 72 1
a contact +123260 +124082 72 7 1
a contact +123260 +124082 7 72 1
a contact +129287 +130130 72 7 1
a contact +129287 +130130 7 72 1
a contact +161235 +161772 72 7 1
a contact +161235 +161772 7 72 1
a contact +167153 +168058 72 7 1
a contact +167153 +168058 7 72 1
a contact +173257 +173965 72 7 1
a contact +173257 +173965 7 72 1
a contact +207726 +208440 72 7 1
a contact +207726 +208440 7 72 1
a contact +213651 +214537 72 7 1
a contact +213651 +214537 7 72 1
a contact +219970 +220433 72 7 1
a contact +219970 +220433 7 72 1
a contact +251557 +252427 72 7 1
a contact +251557 +252427 7 72 1
a contact +257613 +258438 72 7 1
a contact +257613 +258438 7 72 1
a contact +292243 +292766 72 7 1
a contact +292243 +292766 7 72 1
a contact +298043 +298932 72 7 1
a contact +298043 +298932 7 72 1
a contact +304219 +304909 72 7 1
a contact +304219 +304909 7 72 1
a contact +335978 +336764 72 7 1
a contact +335978 +336764 7 72 1
a contact +341987 +342875 72 7 1
a contact +341987 +342875 7 72 1
a contact +348219 +348573 72 7 1
a contact +348219 +348573 7 72 1
a contact +382463 +383314 72 7 1
a contact +382463 +383314 7 72 1
a contact +388532 +389343 72 7 1
a contact +388532 +389343 7 72 1
a contact +420423 +421056 72 7 1
a contact +420423 +421056 7 72 1
a contact +426375 +427283 72 7 1
a contact +426375 +427283 7 72 1
a contact +432505 +433142 72 7 1
a contact +432505 +433142 7 72 1
a contact +466914 +467681 72 7 1
a contact +466914 +467681 7 72 1
a contact +472883 +473756 72 7 1
a contact +472883 +473756 7 72 1
a contact +479296 +479584 72 7 1
a contact +479296 +479584 7 72 1
a contact +504937 +505258 72 7 1
a contact +504937 +505258 7 72 1
a contact +510774 +511664 72 7 1
a contact +510774 +511664 7 72 1
a contact +516849 +517633 72 7 1
a contact +516849 +517633 7 72 1
a contact +551407 +552023 72 7 1
a contact +551407 +552023 7 72 1
a contact +557263 +558156 72 7 1
a contact +557263 +558156 7 72 1
a contact +563491 +564106 72 7 1
a contact +563491 +564106 7 72 1
a contact +595187 +596015 72 7 1
a contact +595187 +596015 7 72 1
a contact +601216 +602084 72 7 1
a contact +601216 +602084 7 72 1
a contact +14297 +15177 72 9 1
a contact +14297 +15177 9 72 1
a contact +20519 +21045 72 9 1
a contact +20519 +21045 9 72 1
a contact +53142 +53804 72 9 1
a contact +53142 +53804 9 72 1
a contact +59071 +59956 72 9 1
a contact +59071 +59956 9 72 1
a contact +98727 +99548 72 9 1
a contact +98727 +99548 9 72 1
a contact +104794 +105547 72 9 1
a contact +104794 +105547 9 72 1
a contact +137737 +137980 72 9 1
a contact +137737 +137980 9 72 1
a contact +143459 +144364 72 9 1
a contact +143459 +144364 9 72 1
a contact +149682 +150161 72 9 1
a contact +149682 +150161 9 72 1
a contact +183203 +183881 72 9 1
a contact +183203 +183881 9 72 1
a contact +189135 +189990 72 9 1
a contact +189135 +189990 9 72 1
a contact +227875 +228738 72 9 1
a contact +227875 +228738 9 72 1
a contact +233960 +234699 72 9 1
a contact +233960 +234699 9 72 1
a contact +267777 +268126 72 9 1
a contact +267777 +268126 9 72 1
a contact +273515 +274401 72 9 1
a contact +273515 +274401 9 72 1
a contact +279838 +280178 72 9 1
a contact +279838 +280178 9 72 1
a contact +312326 +313070 72 9 1
a contact +312326 +313070 9 72 1
a contact +318304 +319163 72 9 1
a contact +318304 +319163 9 72 1
a contact +357930 +358784 72 9 1
a contact +357930 +358784 9 72 1
a contact +364055 +364735 72 9 1
a contact +364055 +364735 9 72 1
a contact +396844 +397327 72 9 1
a contact +396844 +397327 9 72 1
a contact +402681 +403585 72 9 1
a contact +402681 +403585 9 72 1
a contact +409014 +409258 72 9 1
a contact +409014 +409258 9 72 1
a contact +442385 +443135 72 9 1
a contact +442385 +443135 9 72 1
a contact +448374 +449197 72 9 1
a contact +448374 +449197 9 72 1
a contact +487086 +487973 72 9 1
a contact +487086 +487973 9 72 1
a contact +493219 +493875 72 9 1
a contact +493219 +493875 9 72 1
a contact +526904 +527431 72 9 1
a contact +526904 +527431 9 72 1
a contact +532740 +533620 72 9 1
a contact +532740 +533620 9 72 1
a contact +571520 +572324 72 9 1
a contact +571520 +572324 9 72 1
a contact +577543 +578362 72 9 1
a contact +577543 +578362 9 72 1
a contact +0 +247 72 11 1
a contact +0 +247 11 72 1
a contact +5553 +6457 72 11 1
a contact +5553 +6457 11 72 1
a contact +11744 +12406 72 11 1
a contact +11744 +12406 11 72 1
a contact +43740 +44471 72 11 1
a contact +43740 +44471 11 72 1
a contact +49728 +50597 72 11 1
a contact +49728 +50597 11 72 1
a contact +89977 +90836 72 11 1
a contact +89977 +90836 11 72 1
a contact +96046 +96856 72 11 1
a contact +96046 +96856 11 72 1
a contact +128217 +128736 72 11 1
a contact +128217 +128736 11 72 1
a contact +134115 +135006 72 11 1
a contact +134115 +135006 11 72 1
a contact +140272 +140841 72 11 1
a contact +140272 +140841 11 72 1
a contact +174435 +175196 72 11 1
a contact +174435 +175196 11 72 1
a contact +180393 +181278 72 11 1
a contact +180393 +181278 11 72 1
a contact +218519 +219383 72 11 1
a contact +218519 +219383 11 72 1
a contact +224598 +225348 72 11 1
a contact +224598 +225348 11 72 1
a contact +258945 +259520 72 11 1
a contact +258945 +259520 11 72 1
a contact +264773 +265680 72 11 1
a contact +264773 +265680 11 72 1
a contact +271026 +271591 72 11 1
a contact +271026 +271591 11 72 1
a contact +302943 +303727 72 11 1
a contact +302943 +303727 11 72 1
a contact +308958 +309805 72 11 1
a contact +308958 +309805 11 72 1
a contact +349183 +350067 72 11 1
a contact +349183 +350067 11 72 1
a contact +355300 +356061 72 11 1
a contact +355300 +356061 11 72 1
a contact +387397 +388023 72 11 1
a contact +387397 +388023 11 72 1
a contact +393339 +394226 72 11 1
a contact +393339 +394226 11 72 1
a contact +399544 +399991 72 11 1
a contact +399544 +399991 11 72 1
a contact +433627 +434436 72 11 1
a contact +433627 +434436 11 72 1
a contact +439630 +440492 72 11 1
a contact +439630 +440492 11 72 1
a contact +471947 +472204 72 11 1
a contact +471947 +472204 11 72 1
a contact +477736 +478617 72 11 1
a contact +477736 +478617 11 72 1
a contact +483843 +484532 72 11 1
a contact +483843 +484532 11 72 1
a contact +518112 +518778 72 11 1
a contact +518112 +518778 11 72 1
a contact +523997 +524902 72 11 1
a contact +523997 +524902 11 72 1
a contact +530330 +530756 72 11 1
a contact +530330 +530756 11 72 1
a contact +562151 +562975 72 11 1
a contact +562151 +562975 11 72 1
a contact +568192 +569006 72 11 1
a contact +568192 +569006 11 72 1
a contact +602678 +603056 72 11 1
a contact +602678 +603056 11 72 1
a contact +0 +620 73 3 1
a contact +0 +620 3 73 1
a contact +5909 +6728 73 3 1
a contact +5909 +6728 3 73 1
a contact +12086 +12880 73 3 1
a contact +12086 +12880 3 73 1
a contact +18228 +19059 73 3 1
a contact +18228 +19059 3 73 1
a contact +24326 +25213 73 3 1
a contact +24326 +25213 3 73 1
a contact +30394 +31298 73 3 1
a contact +30394 +31298 3 73 1
a contact +36440 +37297 73 3 1
a contact +36440 +37297 3 73 1
a contact +42466 +43212 73 3 1
a contact +42466 +43212 3 73 1
a contact +48461 +49070 73 3 1
a contact +48461 +49070 3 73 1
a contact +54396 +54935 73 3 1
a contact +54396 +54935 3 73 1
a contact +60260 +60869 73 3 1
a contact +60260 +60869 3 73 1
a contact +66116 +66863 73 3 1
a contact +66116 +66863 3 73 1
a contact +72028 +72889 73 3 1
a contact +72028 +72889 3 73 1
a contact +78025 +78935 73 3 1
a contact +78025 +78935 3 73 1
a contact +84109 +85002 73 3 1
a contact +84109 +85002 3 73 1
a contact +90262 +91098 73 3 1
a contact +90262 +91098 3 73 1
a contact +96443 +97237 73 3 1
a contact +96443 +97237 3 73 1
a contact +102597 +103412 73 3 1
a contact +102597 +103412 3 73 1
a contact +108707 +109579 73 3 1
a contact +108707 +109579 3 73 1
a contact +114783 +115688 73 3 1
a contact +114783 +115688 3 73 1
a contact +120835 +121713 73 3 1
a contact +120835 +121713 3 73 1
a contact +126867 +127650 73 3 1
a contact +126867 +127650 3 73 1
a contact +132873 +133520 73 3 1
a contact +132873 +133520 3 73 1
a contact +138829 +139375 73 3 1
a contact +138829 +139375 3 73 1
a contact +144710 +145286 73 3 1
a contact +144710 +145286 3 73 1
a contact +150561 +151267 73 3 1
a contact +150561 +151267 3 73 1
a contact +156452 +157285 73 3 1
a contact +156452 +157285 3 73 1
a contact +162422 +163326 73 3 1
a contact +162422 +163326 3 73 1
a contact +168481 +169385 73 3 1
a contact +168481 +169385 3 73 1
a contact +174618 +175472 73 3 1
a contact +174618 +175472 3 73 1
a contact +180796 +181598 73 3 1
a contact +180796 +181598 3 73 1
a contact +186962 +187765 73 3 1
a contact +186962 +187765 3 73 1
a contact +193085 +193940 73 3 1
a contact +193085 +193940 3 73 1
a contact +199169 +200070 73 3 1
a contact +199169 +200070 3 73 1
a contact +205227 +206121 73 3 1
a contact +205227 +206121 3 73 1
a contact +211266 +212083 73 3 1
a contact +211266 +212083 3 73 1
a contact +217281 +217969 73 3 1
a contact +217281 +217969 3 73 1
a contact +223255 +223820 73 3 1
a contact +223255 +223820 3 73 1
a contact +229158 +229710 73 3 1
a contact +229158 +229710 3 73 1
a contact +235009 +235673 73 3 1
a contact +235009 +235673 3 73 1
a contact +240883 +241683 73 3 1
a contact +240883 +241683 3 73 1
a contact +246828 +247718 73 3 1
a contact +246828 +247718 3 73 1
a contact +252861 +253772 73 3 1
a contact +252861 +253772 3 73 1
a contact +258978 +259849 73 3 1
a contact +258978 +259849 3 73 1
a contact +265149 +265962 73 3 1
a contact +265149 +265962 3 73 1
a contact +271324 +272119 73 3 1
a contact +271324 +272119 3 73 1
a contact +277460 +278297 73 3 1
a contact +277460 +278297 3 73 1
a contact +283554 +284445 73 3 1
a contact +283554 +284445 3 73 1
a contact +289618 +290521 73 3 1
a contact +289618 +290521 3 73 1
a contact +295663 +296509 73 3 1
a contact +295663 +296509 3 73 1
a contact +301686 +302414 73 3 1
a contact +301686 +302414 3 73 1
a contact +307675 +308269 73 3 1
a contact +307675 +308269 3 73 1
a contact +313600 +314141 73 3 1
a contact +313600 +314141 3 73 1
a contact +319460 +320084 73 3 1
a contact +319460 +320084 3 73 1
a contact +325320 +326083 73 3 1
a contact +325320 +326083 3 73 1
a contact +331241 +332112 73 3 1
a contact +331241 +332112 3 73 1
a contact +337248 +338160 73 3 1
a contact +337248 +338160 3 73 1
a contact +343342 +344229 73 3 1
a contact +343342 +344229 3 73 1
a contact +349502 +350330 73 3 1
a contact +349502 +350330 3 73 1
a contact +355681 +356475 73 3 1
a contact +355681 +356475 3 73 1
a contact +361831 +362652 73 3 1
a contact +361831 +362652 3 73 1
a contact +367936 +368814 73 3 1
a contact +367936 +368814 3 73 1
a contact +374008 +374913 73 3 1
a contact +374008 +374913 3 73 1
a contact +380058 +380927 73 3 1
a contact +380058 +380927 3 73 1
a contact +386088 +386855 73 3 1
a contact +386088 +386855 3 73 1
a contact +392089 +392720 73 3 1
a contact +392089 +392720 3 73 1
a contact +398036 +398578 73 3 1
a contact +398036 +398578 3 73 1
a contact +403910 +404499 73 3 1
a contact +403910 +404499 3 73 1
a contact +409762 +410485 73 3 1
a contact +409762 +410485 3 73 1
a contact +415662 +416507 73 3 1
a contact +415662 +416507 3 73 1
a contact +421643 +422550 73 3 1
a contact +421643 +422550 3 73 1
a contact +427712 +428612 73 3 1
a contact +427712 +428612 3 73 1
a contact +433856 +434703 73 3 1
a contact +433856 +434703 3 73 1
a contact +440036 +440834 73 3 1
a contact +440036 +440834 3 73 1
a contact +446198 +447005 73 3 1
a contact +446198 +447005 3 73 1
a contact +452315 +453177 73 3 1
a contact +452315 +453177 3 73 1
a contact +458395 +459299 73 3 1
a contact +458395 +459299 3 73 1
a contact +464451 +465339 73 3 1
a contact +464451 +465339 3 73 1
a contact +470487 +471291 73 3 1
a contact +470487 +471291 3 73 1
a contact +476499 +477169 73 3 1
a contact +476499 +477169 3 73 1
a contact +482466 +483021 73 3 1
a contact +482466 +483021 3 73 1
a contact +488359 +488920 73 3 1
a contact +488359 +488920 3 73 1
a contact +494209 +494891 73 3 1
a contact +494209 +494891 3 73 1
a contact +500090 +500904 73 3 1
a contact +500090 +500904 3 73 1
a contact +506045 +506941 73 3 1
a contact +506045 +506941 3 73 1
a contact +512089 +512997 73 3 1
a contact +512089 +512997 3 73 1
a contact +518214 +519078 73 3 1
a contact +518214 +519078 3 73 1
a contact +524389 +525196 73 3 1
a contact +524389 +525196 3 73 1
a contact +530561 +531358 73 3 1
a contact +530561 +531358 3 73 1
a contact +536691 +537536 73 3 1
a contact +536691 +537536 3 73 1
a contact +542781 +543677 73 3 1
a contact +542781 +543677 3 73 1
a contact +548843 +549742 73 3 1
a contact +548843 +549742 3 73 1
a contact +554884 +555719 73 3 1
a contact +554884 +555719 3 73 1
a contact +560905 +561616 73 3 1
a contact +560905 +561616 3 73 1
a contact +566888 +567469 73 3 1
a contact +566888 +567469 3 73 1
a contact +572804 +573347 73 3 1
a contact +572804 +573347 3 73 1
a contact +578659 +579299 73 3 1
a contact +578659 +579299 3 73 1
a contact +584524 +585303 73 3 1
a contact +584524 +585303 3 73 1
a contact +590455 +591334 73 3 1
a contact +590455 +591334 3 73 1
a contact +596473 +597385 73 3 1
a contact +596473 +597385 3 73 1
a contact +602576 +603457 73 3 1
a contact +602576 +603457 3 73 1
a contact +860 +1255 73 5 1
a contact +860 +1255 5 73 1
a contact +29611 +30154 73 5 1
a contact +29611 +30154 5 73 1
a contact +35405 +36297 73 5 1
a contact +35405 +36297 5 73 1
a contact +41503 +42328 73 5 1
a contact +41503 +42328 5 73 1
a contact +73042 +73807 73 5 1
a contact +73042 +73807 5 73 1
a contact +79058 +79949 73 5 1
a contact +79058 +79949 5 73 1
a contact +85177 +85798 73 5 1
a contact +85177 +85798 5 73 1
a contact +114215 +114419 73 5 1
a contact +114215 +114419 5 73 1
a contact +119834 +120678 73 5 1
a contact +119834 +120678 5 73 1
a contact +125851 +126734 73 5 1
a contact +125851 +126734 5 73 1
a contact +132197 +132667 73 5 1
a contact +132197 +132667 5 73 1
a contact +157468 +158106 73 5 1
a contact +157468 +158106 5 73 1
a contact +163450 +164343 73 5 1
a contact +163450 +164343 5 73 1
a contact +169532 +170285 73 5 1
a contact +169532 +170285 5 73 1
a contact +204290 +205048 73 5 1
a contact +204290 +205048 5 73 1
a contact +210224 +211132 73 5 1
a contact +210224 +211132 5 73 1
a contact +216450 +217120 73 5 1
a contact +216450 +217120 5 73 1
a contact +241927 +242350 73 5 1
a contact +241927 +242350 5 73 1
a contact +247849 +248714 73 5 1
a contact +247849 +248714 5 73 1
a contact +253903 +254738 73 5 1
a contact +253903 +254738 5 73 1
a contact +260152 +260374 73 5 1
a contact +260152 +260374 5 73 1
a contact +288780 +289402 73 5 1
a contact +288780 +289402 5 73 1
a contact +294620 +295523 73 5 1
a contact +294620 +295523 5 73 1
a contact +300753 +301543 73 5 1
a contact +300753 +301543 5 73 1
a contact +332256 +333059 73 5 1
a contact +332256 +333059 5 73 1
a contact +338284 +339165 73 5 1
a contact +338284 +339165 5 73 1
a contact +344424 +344969 73 5 1
a contact +344424 +344969 5 73 1
a contact +373327 +373716 73 5 1
a contact +373327 +373716 5 73 1
a contact +379040 +379907 73 5 1
a contact +379040 +379907 5 73 1
a contact +385090 +385953 73 5 1
a contact +385090 +385953 5 73 1
a contact +391507 +391844 73 5 1
a contact +391507 +391844 5 73 1
a contact +416675 +417373 73 5 1
a contact +416675 +417373 5 73 1
a contact +422673 +423569 73 5 1
a contact +422673 +423569 5 73 1
a contact +428768 +429474 73 5 1
a contact +428768 +429474 5 73 1
a contact +463484 +464282 73 5 1
a contact +463484 +464282 5 73 1
a contact +469453 +470354 73 5 1
a contact +469453 +470354 5 73 1
a contact +475723 +476324 73 5 1
a contact +475723 +476324 5 73 1
a contact +501116 +501644 73 5 1
a contact +501116 +501644 5 73 1
a contact +507069 +507949 73 5 1
a contact +507069 +507949 5 73 1
a contact +513134 +513940 73 5 1
a contact +513134 +513940 5 73 1
a contact +547958 +548644 73 5 1
a contact +547958 +548644 5 73 1
a contact +553839 +554748 73 5 1
a contact +553839 +554748 5 73 1
a contact +560009 +560756 73 5 1
a contact +560009 +560756 5 73 1
a contact +585649 +585801 73 5 1
a contact +585649 +585801 5 73 1
a contact +591472 +592305 73 5 1
a contact +591472 +592305 5 73 1
a contact +597511 +598377 73 5 1
a contact +597511 +598377 5 73 1
a contact +603681 +604128 73 5 1
a contact +603681 +604128 5 73 1
a contact +4125 +4312 73 7 1
a contact +4125 +4312 7 73 1
a contact +32637 +32877 73 7 1
a contact +32637 +32877 7 73 1
a contact +38286 +39151 73 7 1
a contact +38286 +39151 7 73 1
a contact +44383 +45167 73 7 1
a contact +44383 +45167 7 73 1
a contact +76238 +76923 73 7 1
a contact +76238 +76923 7 73 1
a contact +82208 +83115 73 7 1
a contact +82208 +83115 7 73 1
a contact +88358 +88937 73 7 1
a contact +88358 +88937 7 73 1
a contact +122728 +123523 73 7 1
a contact +122728 +123523 7 73 1
a contact +128724 +129585 73 7 1
a contact +128724 +129585 7 73 1
a contact +160721 +161162 73 7 1
a contact +160721 +161162 7 73 1
a contact +166604 +167503 73 7 1
a contact +166604 +167503 7 73 1
a contact +172692 +173443 73 7 1
a contact +172692 +173443 7 73 1
a contact +207207 +207873 73 7 1
a contact +207207 +207873 7 73 1
a contact +213097 +213988 73 7 1
a contact +213097 +213988 7 73 1
a contact +219364 +219916 73 7 1
a contact +219364 +219916 7 73 1
a contact +251013 +251862 73 7 1
a contact +251013 +251862 7 73 1
a contact +257054 +257904 73 7 1
a contact +257054 +257904 7 73 1
a contact +291749 +292179 73 7 1
a contact +291749 +292179 7 73 1
a contact +297498 +298379 73 7 1
a contact +297498 +298379 7 73 1
a contact +303639 +304374 73 7 1
a contact +303639 +304374 7 73 1
a contact +335439 +336187 73 7 1
a contact +335439 +336187 7 73 1
a contact +341433 +342332 73 7 1
a contact +341433 +342332 7 73 1
a contact +347622 +348092 73 7 1
a contact +347622 +348092 7 73 1
a contact +381927 +382757 73 7 1
a contact +381927 +382757 7 73 1
a contact +387964 +388800 73 7 1
a contact +387964 +388800 7 73 1
a contact +419897 +420461 73 7 1
a contact +419897 +420461 7 73 1
a contact +425824 +426732 73 7 1
a contact +425824 +426732 7 73 1
a contact +431935 +432627 73 7 1
a contact +431935 +432627 7 73 1
a contact +466389 +467117 73 7 1
a contact +466389 +467117 7 73 1
a contact +472325 +473209 73 7 1
a contact +472325 +473209 7 73 1
a contact +478663 +479091 73 7 1
a contact +478663 +479091 7 73 1
a contact +510228 +511103 73 7 1
a contact +510228 +511103 7 73 1
a contact +516288 +517104 73 7 1
a contact +516288 +517104 7 73 1
a contact +550899 +551448 73 7 1
a contact +550899 +551448 7 73 1
a contact +556714 +557604 73 7 1
a contact +556714 +557604 7 73 1
a contact +562903 +563575 73 7 1
a contact +562903 +563575 7 73 1
a contact +594646 +595443 73 7 1
a contact +594646 +595443 7 73 1
a contact +600661 +601544 73 7 1
a contact +600661 +601544 7 73 1
a contact +13754 +14622 73 9 1
a contact +13754 +14622 9 73 1
a contact +19921 +20538 73 9 1
a contact +19921 +20538 9 73 1
a contact +52630 +53210 73 9 1
a contact +52630 +53210 9 73 1
a contact +58516 +59413 73 9 1
a contact +58516 +59413 9 73 1
a contact +98196 +98983 73 9 1
a contact +98196 +98983 9 73 1
a contact +104222 +105016 73 9 1
a contact +104222 +105016 9 73 1
a contact +142913 +143811 73 9 1
a contact +142913 +143811 9 73 1
a contact +149083 +149668 73 9 1
a contact +149083 +149668 9 73 1
a contact +182692 +183299 73 9 1
a contact +182692 +183299 9 73 1
a contact +188576 +189448 73 9 1
a contact +188576 +189448 9 73 1
a contact +227338 +228173 73 9 1
a contact +227338 +228173 9 73 1
a contact +233390 +234175 73 9 1
a contact +233390 +234175 9 73 1
a contact +272968 +273850 73 9 1
a contact +272968 +273850 9 73 1
a contact +279211 +279700 73 9 1
a contact +279211 +279700 9 73 1
a contact +311803 +312488 73 9 1
a contact +311803 +312488 9 73 1
a contact +317745 +318625 73 9 1
a contact +317745 +318625 9 73 1
a contact +357394 +358224 73 9 1
a contact +357394 +358224 9 73 1
a contact +363475 +364212 73 9 1
a contact +363475 +364212 9 73 1
a contact +396370 +396694 73 9 1
a contact +396370 +396694 9 73 1
a contact +402131 +403036 73 9 1
a contact +402131 +403036 9 73 1
a contact +408374 +408809 73 9 1
a contact +408374 +408809 9 73 1
a contact +441864 +442562 73 9 1
a contact +441864 +442562 9 73 1
a contact +447811 +448659 73 9 1
a contact +447811 +448659 9 73 1
a contact +486544 +487414 73 9 1
a contact +486544 +487414 9 73 1
a contact +492640 +493361 73 9 1
a contact +492640 +493361 9 73 1
a contact +526420 +526823 73 9 1
a contact +526420 +526823 9 73 1
a contact +532187 +533073 73 9 1
a contact +532187 +533073 9 73 1
a contact +538548 +538816 73 9 1
a contact +538548 +538816 9 73 1
a contact +570990 +571751 73 9 1
a contact +570990 +571751 9 73 1
a contact +576980 +577830 73 9 1
a contact +576980 +577830 9 73 1
a contact +5008 +5903 73 11 1
a contact +5008 +5903 11 73 1
a contact +11159 +11878 73 11 1
a contact +11159 +11878 11 73 1
a contact +43209 +43889 73 11 1
a contact +43209 +43889 11 73 1
a contact +49173 +50054 73 11 1
a contact +49173 +50054 11 73 1
a contact +55428 +55755 73 11 1
a contact +55428 +55755 11 73 1
a contact +89442 +90277 73 11 1
a contact +89442 +90277 11 73 1
a contact +95477 +96317 73 11 1
a contact +95477 +96317 11 73 1
a contact +127713 +128121 73 11 1
a contact +127713 +128121 11 73 1
a contact +133566 +134453 73 11 1
a contact +133566 +134453 11 73 1
a contact +139695 +140333 73 11 1
a contact +139695 +140333 11 73 1
a contact +173914 +174628 73 11 1
a contact +173914 +174628 11 73 1
a contact +179834 +180732 73 11 1
a contact +179834 +180732 11 73 1
a contact +186244 +186526 73 11 1
a contact +186244 +186526 11 73 1
a contact +217976 +218821 73 11 1
a contact +217976 +218821 11 73 1
a contact +224034 +224821 73 11 1
a contact +224034 +224821 11 73 1
a contact +258449 +258934 73 11 1
a contact +258449 +258934 11 73 1
a contact +264224 +265129 73 11 1
a contact +264224 +265129 11 73 1
a contact +270430 +271070 73 11 1
a contact +270430 +271070 11 73 1
a contact +302407 +303152 73 11 1
a contact +302407 +303152 11 73 1
a contact +308402 +309266 73 11 1
a contact +308402 +309266 11 73 1
a contact +348644 +349511 73 11 1
a contact +348644 +349511 11 73 1
a contact +354725 +355525 73 11 1
a contact +354725 +355525 11 73 1
a contact +386877 +387426 73 11 1
a contact +386877 +387426 11 73 1
a contact +392788 +393678 73 11 1
a contact +392788 +393678 11 73 1
a contact +398955 +399497 73 11 1
a contact +398955 +399497 11 73 1
a contact +433099 +433873 73 11 1
a contact +433099 +433873 11 73 1
a contact +439068 +439948 73 11 1
a contact +439068 +439948 11 73 1
a contact +477190 +478059 73 11 1
a contact +477190 +478059 11 73 1
a contact +483275 +484012 73 11 1
a contact +483275 +484012 11 73 1
a contact +517602 +518202 73 11 1
a contact +517602 +518202 11 73 1
a contact +523445 +524353 73 11 1
a contact +523445 +524353 11 73 1
a contact +529716 +530251 73 11 1
a contact +529716 +530251 11 73 1
a contact +561611 +562406 73 11 1
a contact +561611 +562406 11 73 1
a contact +567633 +568472 73 11 1
a contact +567633 +568472 11 73 1
a contact +602240 +602416 73 11 1
a contact +602240 +602416 11 73 1
a contact +0 +66 74 3 1
a contact +0 +66 3 74 1
a contact +5347 +6171 74 3 1
a contact +5347 +6171 3 74 1
a contact +11525 +12319 74 3 1
a contact +11525 +12319 3 74 1
a contact +17671 +18497 74 3 1
a contact +17671 +18497 3 74 1
a contact +23773 +24655 74 3 1
a contact +23773 +24655 3 74 1
a contact +29843 +30748 74 3 1
a contact +29843 +30748 3 74 1
a contact +35891 +36755 74 3 1
a contact +35891 +36755 3 74 1
a contact +41919 +42677 74 3 1
a contact +41919 +42677 3 74 1
a contact +47918 +48538 74 3 1
a contact +47918 +48538 3 74 1
a contact +53859 +54399 74 3 1
a contact +53859 +54399 3 74 1
a contact +59728 +60326 74 3 1
a contact +59728 +60326 3 74 1
a contact +65582 +66317 74 3 1
a contact +65582 +66317 3 74 1
a contact +71487 +72340 74 3 1
a contact +71487 +72340 3 74 1
a contact +77476 +78384 74 3 1
a contact +77476 +78384 3 74 1
a contact +83552 +84449 74 3 1
a contact +83552 +84449 3 74 1
a contact +89701 +90542 74 3 1
a contact +89701 +90542 3 74 1
a contact +95881 +96677 74 3 1
a contact +95881 +96677 3 74 1
a contact +102039 +102850 74 3 1
a contact +102039 +102850 3 74 1
a contact +108153 +109020 74 3 1
a contact +108153 +109020 3 74 1
a contact +114231 +115135 74 3 1
a contact +114231 +115135 3 74 1
a contact +120285 +121168 74 3 1
a contact +120285 +121168 3 74 1
a contact +126319 +127113 74 3 1
a contact +126319 +127113 3 74 1
a contact +132329 +132988 74 3 1
a contact +132329 +132988 3 74 1
a contact +138290 +138841 74 3 1
a contact +138290 +138841 3 74 1
a contact +144178 +144745 74 3 1
a contact +144178 +144745 3 74 1
a contact +150028 +150721 74 3 1
a contact +150028 +150721 3 74 1
a contact +155913 +156737 74 3 1
a contact +155913 +156737 3 74 1
a contact +161876 +162775 74 3 1
a contact +161876 +162775 3 74 1
a contact +167927 +168833 74 3 1
a contact +167927 +168833 3 74 1
a contact +174057 +174917 74 3 1
a contact +174057 +174917 3 74 1
a contact +180234 +181038 74 3 1
a contact +180234 +181038 3 74 1
a contact +186403 +187203 74 3 1
a contact +186403 +187203 3 74 1
a contact +192530 +193380 74 3 1
a contact +192530 +193380 3 74 1
a contact +198617 +199515 74 3 1
a contact +198617 +199515 3 74 1
a contact +204677 +205574 74 3 1
a contact +204677 +205574 3 74 1
a contact +210717 +211544 74 3 1
a contact +210717 +211544 3 74 1
a contact +216735 +217436 74 3 1
a contact +216735 +217436 3 74 1
a contact +222714 +223287 74 3 1
a contact +222714 +223287 3 74 1
a contact +228624 +229171 74 3 1
a contact +228624 +229171 3 74 1
a contact +234477 +235128 74 3 1
a contact +234477 +235128 3 74 1
a contact +240346 +241135 74 3 1
a contact +240346 +241135 3 74 1
a contact +246284 +247168 74 3 1
a contact +246284 +247168 3 74 1
a contact +252309 +253220 74 3 1
a contact +252309 +253220 3 74 1
a contact +258418 +259295 74 3 1
a contact +258418 +259295 3 74 1
a contact +264587 +265404 74 3 1
a contact +264587 +265404 3 74 1
a contact +270763 +271557 74 3 1
a contact +270763 +271557 3 74 1
a contact +276904 +277736 74 3 1
a contact +276904 +277736 3 74 1
a contact +283001 +283889 74 3 1
a contact +283001 +283889 3 74 1
a contact +289068 +289972 74 3 1
a contact +289068 +289972 3 74 1
a contact +295114 +295968 74 3 1
a contact +295114 +295968 3 74 1
a contact +301139 +301880 74 3 1
a contact +301139 +301880 3 74 1
a contact +307132 +307737 74 3 1
a contact +307132 +307737 3 74 1
a contact +313065 +313604 74 3 1
a contact +313065 +313604 3 74 1
a contact +318928 +319540 74 3 1
a contact +318928 +319540 3 74 1
a contact +324785 +325536 74 3 1
a contact +324785 +325536 3 74 1
a contact +330699 +331562 74 3 1
a contact +330699 +331562 3 74 1
a contact +336698 +337609 74 3 1
a contact +336698 +337609 3 74 1
a contact +342784 +343676 74 3 1
a contact +342784 +343676 3 74 1
a contact +348940 +349774 74 3 1
a contact +348940 +349774 3 74 1
a contact +355120 +355914 74 3 1
a contact +355120 +355914 3 74 1
a contact +361273 +362090 74 3 1
a contact +361273 +362090 3 74 1
a contact +367382 +368256 74 3 1
a contact +367382 +368256 3 74 1
a contact +373457 +374362 74 3 1
a contact +373457 +374362 3 74 1
a contact +379508 +380384 74 3 1
a contact +379508 +380384 3 74 1
a contact +385540 +386319 74 3 1
a contact +385540 +386319 3 74 1
a contact +391545 +392188 74 3 1
a contact +391545 +392188 3 74 1
a contact +397499 +398043 74 3 1
a contact +397499 +398043 3 74 1
a contact +403378 +403957 74 3 1
a contact +403378 +403957 3 74 1
a contact +409229 +409939 74 3 1
a contact +409229 +409939 3 74 1
a contact +415122 +415958 74 3 1
a contact +415122 +415958 3 74 1
a contact +421095 +421999 74 3 1
a contact +421095 +421999 3 74 1
a contact +427157 +428060 74 3 1
a contact +427157 +428060 3 74 1
a contact +433295 +434147 74 3 1
a contact +433295 +434147 3 74 1
a contact +439474 +440274 74 3 1
a contact +439474 +440274 3 74 1
a contact +445639 +446443 74 3 1
a contact +445639 +446443 3 74 1
a contact +451760 +452617 74 3 1
a contact +451760 +452617 3 74 1
a contact +457843 +458745 74 3 1
a contact +457843 +458745 3 74 1
a contact +463901 +464793 74 3 1
a contact +463901 +464793 3 74 1
a contact +469939 +470753 74 3 1
a contact +469939 +470753 3 74 1
a contact +475953 +476637 74 3 1
a contact +475953 +476637 3 74 1
a contact +481926 +482488 74 3 1
a contact +481926 +482488 3 74 1
a contact +487826 +488380 74 3 1
a contact +487826 +488380 3 74 1
a contact +493677 +494345 74 3 1
a contact +493677 +494345 3 74 1
a contact +499552 +500356 74 3 1
a contact +499552 +500356 3 74 1
a contact +505500 +506391 74 3 1
a contact +505500 +506391 3 74 1
a contact +511536 +512446 74 3 1
a contact +511536 +512446 3 74 1
a contact +517654 +518524 74 3 1
a contact +517654 +518524 3 74 1
a contact +523827 +524638 74 3 1
a contact +523827 +524638 3 74 1
a contact +530001 +530796 74 3 1
a contact +530001 +530796 3 74 1
a contact +536135 +536975 74 3 1
a contact +536135 +536975 3 74 1
a contact +542228 +543121 74 3 1
a contact +542228 +543121 3 74 1
a contact +548292 +549194 74 3 1
a contact +548292 +549194 3 74 1
a contact +554336 +555179 74 3 1
a contact +554336 +555179 3 74 1
a contact +560358 +561083 74 3 1
a contact +560358 +561083 3 74 1
a contact +566346 +566937 74 3 1
a contact +566346 +566937 3 74 1
a contact +572269 +572810 74 3 1
a contact +572269 +572810 3 74 1
a contact +578127 +578755 74 3 1
a contact +578127 +578755 3 74 1
a contact +583988 +584756 74 3 1
a contact +583988 +584756 3 74 1
a contact +589912 +590785 74 3 1
a contact +589912 +590785 3 74 1
a contact +595922 +596834 74 3 1
a contact +595922 +596834 3 74 1
a contact +602018 +602904 74 3 1
a contact +602018 +602904 3 74 1
a contact +279 +761 74 5 1
a contact +279 +761 5 74 1
a contact +29109 +29580 74 5 1
a contact +29109 +29580 5 74 1
a contact +34864 +35745 74 5 1
a contact +34864 +35745 5 74 1
a contact +40937 +41783 74 5 1
a contact +40937 +41783 5 74 1
a contact +47427 +47622 74 5 1
a contact +47427 +47622 5 74 1
a contact +72500 +73232 74 5 1
a contact +72500 +73232 5 74 1
a contact +78507 +79402 74 5 1
a contact +78507 +79402 5 74 1
a contact +84613 +85281 74 5 1
a contact +84613 +85281 5 74 1
a contact +119301 +120122 74 5 1
a contact +119301 +120122 5 74 1
a contact +125292 +126187 74 5 1
a contact +125292 +126187 5 74 1
a contact +131596 +132141 74 5 1
a contact +131596 +132141 5 74 1
a contact +156933 +157518 74 5 1
a contact +156933 +157518 5 74 1
a contact +162901 +163789 74 5 1
a contact +162901 +163789 5 74 1
a contact +168974 +169757 74 5 1
a contact +168974 +169757 5 74 1
a contact +203766 +204489 74 5 1
a contact +203766 +204489 5 74 1
a contact +209673 +210583 74 5 1
a contact +209673 +210583 5 74 1
a contact +215868 +216581 74 5 1
a contact +215868 +216581 5 74 1
a contact +241417 +241730 74 5 1
a contact +241417 +241730 5 74 1
a contact +247302 +248152 74 5 1
a contact +247302 +248152 5 74 1
a contact +253348 +254201 74 5 1
a contact +253348 +254201 5 74 1
a contact +259546 +259907 74 5 1
a contact +259546 +259907 5 74 1
a contact +288270 +288834 74 5 1
a contact +288270 +288834 5 74 1
a contact +294076 +294972 74 5 1
a contact +294076 +294972 5 74 1
a contact +300183 +301000 74 5 1
a contact +300183 +301000 5 74 1
a contact +331713 +332488 74 5 1
a contact +331713 +332488 5 74 1
a contact +337732 +338621 74 5 1
a contact +337732 +338621 5 74 1
a contact +343856 +344459 74 5 1
a contact +343856 +344459 5 74 1
a contact +372854 +373117 74 5 1
a contact +372854 +373117 5 74 1
a contact +378503 +379353 74 5 1
a contact +378503 +379353 5 74 1
a contact +384528 +385407 74 5 1
a contact +384528 +385407 5 74 1
a contact +390890 +391331 74 5 1
a contact +390890 +391331 5 74 1
a contact +416137 +416791 74 5 1
a contact +416137 +416791 5 74 1
a contact +422123 +423017 74 5 1
a contact +422123 +423017 5 74 1
a contact +428208 +428950 74 5 1
a contact +428208 +428950 5 74 1
a contact +462956 +463725 74 5 1
a contact +462956 +463725 5 74 1
a contact +468898 +469806 74 5 1
a contact +468898 +469806 5 74 1
a contact +475135 +475789 74 5 1
a contact +475135 +475789 5 74 1
a contact +500591 +501043 74 5 1
a contact +500591 +501043 5 74 1
a contact +506521 +507391 74 5 1
a contact +506521 +507391 5 74 1
a contact +512578 +513407 74 5 1
a contact +512578 +513407 5 74 1
a contact +518859 +519005 74 5 1
a contact +518859 +519005 5 74 1
a contact +547442 +548081 74 5 1
a contact +547442 +548081 5 74 1
a contact +553292 +554197 74 5 1
a contact +553292 +554197 5 74 1
a contact +559434 +560214 74 5 1
a contact +559434 +560214 5 74 1
a contact +590927 +591738 74 5 1
a contact +590927 +591738 5 74 1
a contact +596958 +597836 74 5 1
a contact +596958 +597836 5 74 1
a contact +603105 +603628 74 5 1
a contact +603105 +603628 5 74 1
a contact +3496 +3865 74 7 1
a contact +3496 +3865 7 74 1
a contact +37748 +38596 74 7 1
a contact +37748 +38596 7 74 1
a contact +43813 +44627 74 7 1
a contact +43813 +44627 7 74 1
a contact +75708 +76335 74 7 1
a contact +75708 +76335 7 74 1
a contact +81658 +82566 74 7 1
a contact +81658 +82566 7 74 1
a contact +87785 +88429 74 7 1
a contact +87785 +88429 7 74 1
a contact +122200 +122962 74 7 1
a contact +122200 +122962 7 74 1
a contact +128165 +129040 74 7 1
a contact +128165 +129040 7 74 1
a contact +134568 +134875 74 7 1
a contact +134568 +134875 7 74 1
a contact +160228 +160531 74 7 1
a contact +160228 +160531 7 74 1
a contact +166058 +166946 74 7 1
a contact +166058 +166946 7 74 1
a contact +172131 +172919 74 7 1
a contact +172131 +172919 7 74 1
a contact +206694 +207304 74 7 1
a contact +206694 +207304 7 74 1
a contact +212546 +213439 74 7 1
a contact +212546 +213439 7 74 1
a contact +218770 +219391 74 7 1
a contact +218770 +219391 7 74 1
a contact +250471 +251296 74 7 1
a contact +250471 +251296 7 74 1
a contact +256499 +257368 74 7 1
a contact +256499 +257368 7 74 1
a contact +262881 +262893 74 7 1
a contact +262881 +262893 7 74 1
a contact +291276 +291576 74 7 1
a contact +291276 +291576 7 74 1
a contact +296956 +297826 74 7 1
a contact +296956 +297826 7 74 1
a contact +303064 +303837 74 7 1
a contact +303064 +303837 7 74 1
a contact +334905 +335607 74 7 1
a contact +334905 +335607 7 74 1
a contact +340882 +341787 74 7 1
a contact +340882 +341787 7 74 1
a contact +347040 +347596 74 7 1
a contact +347040 +347596 7 74 1
a contact +381395 +382199 74 7 1
a contact +381395 +382199 7 74 1
a contact +387401 +388256 74 7 1
a contact +387401 +388256 7 74 1
a contact +419381 +419856 74 7 1
a contact +419381 +419856 7 74 1
a contact +425277 +426178 74 7 1
a contact +425277 +426178 7 74 1
a contact +431370 +432108 74 7 1
a contact +431370 +432108 7 74 1
a contact +465870 +466552 74 7 1
a contact +465870 +466552 7 74 1
a contact +471771 +472661 74 7 1
a contact +471771 +472661 7 74 1
a contact +478054 +478579 74 7 1
a contact +478054 +478579 7 74 1
a contact +509684 +510541 74 7 1
a contact +509684 +510541 7 74 1
a contact +515730 +516572 74 7 1
a contact +515730 +516572 7 74 1
a contact +550402 +550866 74 7 1
a contact +550402 +550866 7 74 1
a contact +556169 +557053 74 7 1
a contact +556169 +557053 7 74 1
a contact +562321 +563042 74 7 1
a contact +562321 +563042 7 74 1
a contact +594108 +594870 74 7 1
a contact +594108 +594870 7 74 1
a contact +600107 +601003 74 7 1
a contact +600107 +601003 7 74 1
a contact +13215 +14066 74 9 1
a contact +13215 +14066 9 74 1
a contact +19335 +20022 74 9 1
a contact +19335 +20022 9 74 1
a contact +52133 +52603 74 9 1
a contact +52133 +52603 9 74 1
a contact +57964 +58869 74 9 1
a contact +57964 +58869 9 74 1
a contact +64284 +64556 74 9 1
a contact +64284 +64556 9 74 1
a contact +97671 +98416 74 9 1
a contact +97671 +98416 9 74 1
a contact +103656 +104482 74 9 1
a contact +103656 +104482 9 74 1
a contact +142369 +143256 74 9 1
a contact +142369 +143256 9 74 1
a contact +148499 +149163 74 9 1
a contact +148499 +149163 9 74 1
a contact +182193 +182709 74 9 1
a contact +182193 +182709 9 74 1
a contact +188022 +188904 74 9 1
a contact +188022 +188904 9 74 1
a contact +226805 +227605 74 9 1
a contact +226805 +227605 9 74 1
a contact +232824 +233648 74 9 1
a contact +232824 +233648 9 74 1
a contact +272424 +273297 74 9 1
a contact +272424 +273297 9 74 1
a contact +278608 +279198 74 9 1
a contact +278608 +279198 9 74 1
a contact +311290 +311899 74 9 1
a contact +311290 +311899 9 74 1
a contact +317190 +318084 74 9 1
a contact +317190 +318084 9 74 1
a contact +356862 +357662 74 9 1
a contact +356862 +357662 9 74 1
a contact +362902 +363683 74 9 1
a contact +362902 +363683 9 74 1
a contact +401584 +402485 74 9 1
a contact +401584 +402485 9 74 1
a contact +407771 +408324 74 9 1
a contact +407771 +408324 9 74 1
a contact +441351 +441984 74 9 1
a contact +441351 +441984 9 74 1
a contact +447252 +448119 74 9 1
a contact +447252 +448119 9 74 1
a contact +486007 +486851 74 9 1
a contact +486007 +486851 9 74 1
a contact +492069 +492840 74 9 1
a contact +492069 +492840 9 74 1
a contact +525986 +526170 74 9 1
a contact +525986 +526170 9 74 1
a contact +531640 +532524 74 9 1
a contact +531640 +532524 9 74 1
a contact +537906 +538353 74 9 1
a contact +537906 +538353 9 74 1
a contact +570467 +571173 74 9 1
a contact +570467 +571173 9 74 1
a contact +576421 +577294 74 9 1
a contact +576421 +577294 9 74 1
a contact +4468 +5350 74 11 1
a contact +4468 +5350 11 74 1
a contact +10580 +11346 74 11 1
a contact +10580 +11346 11 74 1
a contact +42684 +43301 74 11 1
a contact +42684 +43301 11 74 1
a contact +48622 +49510 74 11 1
a contact +48622 +49510 11 74 1
a contact +54822 +55281 74 11 1
a contact +54822 +55281 11 74 1
a contact +88912 +89718 74 11 1
a contact +88912 +89718 11 74 1
a contact +94912 +95776 74 11 1
a contact +94912 +95776 11 74 1
a contact +127242 +127473 74 11 1
a contact +127242 +127473 11 74 1
a contact +133020 +133899 74 11 1
a contact +133020 +133899 11 74 1
a contact +139124 +139819 74 11 1
a contact +139124 +139819 11 74 1
a contact +173399 +174058 74 11 1
a contact +173399 +174058 11 74 1
a contact +179280 +180185 74 11 1
a contact +179280 +180185 11 74 1
a contact +185605 +186045 74 11 1
a contact +185605 +186045 11 74 1
a contact +217435 +218256 74 11 1
a contact +217435 +218256 11 74 1
a contact +223474 +224291 74 11 1
a contact +223474 +224291 11 74 1
a contact +257970 +258333 74 11 1
a contact +257970 +258333 11 74 1
a contact +263679 +264578 74 11 1
a contact +263679 +264578 11 74 1
a contact +269843 +270544 74 11 1
a contact +269843 +270544 11 74 1
a contact +301875 +302573 74 11 1
a contact +301875 +302573 11 74 1
a contact +307848 +308725 74 11 1
a contact +307848 +308725 11 74 1
a contact +314128 +314395 74 11 1
a contact +314128 +314395 11 74 1
a contact +348110 +348954 74 11 1
a contact +348110 +348954 11 74 1
a contact +354156 +354987 74 11 1
a contact +354156 +354987 11 74 1
a contact +386369 +386818 74 11 1
a contact +386369 +386818 11 74 1
a contact +392239 +393127 74 11 1
a contact +392239 +393127 11 74 1
a contact +398376 +398993 74 11 1
a contact +398376 +398993 11 74 1
a contact +432577 +433308 74 11 1
a contact +432577 +433308 11 74 1
a contact +438510 +439404 74 11 1
a contact +438510 +439404 11 74 1
a contact +444963 +445160 74 11 1
a contact +444963 +445160 11 74 1
a contact +476647 +477499 74 11 1
a contact +476647 +477499 11 74 1
a contact +482712 +483487 74 11 1
a contact +482712 +483487 11 74 1
a contact +517103 +517620 74 11 1
a contact +517103 +517620 11 74 1
a contact +522896 +523803 74 11 1
a contact +522896 +523803 11 74 1
a contact +529117 +529735 74 11 1
a contact +529117 +529735 11 74 1
a contact +561075 +561834 74 11 1
a contact +561075 +561834 11 74 1
a contact +567077 +567936 74 11 1
a contact +567077 +567936 11 74 1
a contact +4786 +5615 75 3 1
a contact +4786 +5615 3 75 1
a contact +10966 +11759 75 3 1
a contact +10966 +11759 3 75 1
a contact +17115 +17936 75 3 1
a contact +17115 +17936 3 75 1
a contact +23221 +24099 75 3 1
a contact +23221 +24099 3 75 1
a contact +29293 +30199 75 3 1
a contact +29293 +30199 3 75 1
a contact +35343 +36214 75 3 1
a contact +35343 +36214 3 75 1
a contact +41373 +42142 75 3 1
a contact +41373 +42142 3 75 1
a contact +47375 +48007 75 3 1
a contact +47375 +48007 3 75 1
a contact +53323 +53865 75 3 1
a contact +53323 +53865 3 75 1
a contact +59198 +59785 75 3 1
a contact +59198 +59785 3 75 1
a contact +65049 +65771 75 3 1
a contact +65049 +65771 3 75 1
a contact +70948 +71793 75 3 1
a contact +70948 +71793 3 75 1
a contact +76928 +77835 75 3 1
a contact +76928 +77835 3 75 1
a contact +82997 +83897 75 3 1
a contact +82997 +83897 3 75 1
a contact +89141 +89987 75 3 1
a contact +89141 +89987 3 75 1
a contact +95320 +96118 75 3 1
a contact +95320 +96118 3 75 1
a contact +101482 +102289 75 3 1
a contact +101482 +102289 3 75 1
a contact +107600 +108462 75 3 1
a contact +107600 +108462 3 75 1
a contact +113680 +114584 75 3 1
a contact +113680 +114584 3 75 1
a contact +119736 +120624 75 3 1
a contact +119736 +120624 3 75 1
a contact +125773 +126577 75 3 1
a contact +125773 +126577 3 75 1
a contact +131785 +132457 75 3 1
a contact +131785 +132457 3 75 1
a contact +137752 +138308 75 3 1
a contact +137752 +138308 3 75 1
a contact +143646 +144206 75 3 1
a contact +143646 +144206 3 75 1
a contact +149496 +150176 75 3 1
a contact +149496 +150176 3 75 1
a contact +155376 +156190 75 3 1
a contact +155376 +156190 3 75 1
a contact +161331 +162227 75 3 1
a contact +161331 +162227 3 75 1
a contact +167374 +168283 75 3 1
a contact +167374 +168283 3 75 1
a contact +173498 +174363 75 3 1
a contact +173498 +174363 3 75 1
a contact +179673 +180481 75 3 1
a contact +179673 +180481 3 75 1
a contact +185845 +186642 75 3 1
a contact +185845 +186642 3 75 1
a contact +191976 +192820 75 3 1
a contact +191976 +192820 3 75 1
a contact +198066 +198961 75 3 1
a contact +198066 +198961 3 75 1
a contact +204128 +205028 75 3 1
a contact +204128 +205028 3 75 1
a contact +210170 +211006 75 3 1
a contact +210170 +211006 3 75 1
a contact +216190 +216904 75 3 1
a contact +216190 +216904 3 75 1
a contact +222174 +222756 75 3 1
a contact +222174 +222756 3 75 1
a contact +228091 +228634 75 3 1
a contact +228091 +228634 3 75 1
a contact +233946 +234585 75 3 1
a contact +233946 +234585 3 75 1
a contact +239811 +240589 75 3 1
a contact +239811 +240589 3 75 1
a contact +245741 +246620 75 3 1
a contact +245741 +246620 3 75 1
a contact +251758 +252670 75 3 1
a contact +251758 +252670 3 75 1
a contact +257861 +258742 75 3 1
a contact +257861 +258742 3 75 1
a contact +264026 +264848 75 3 1
a contact +264026 +264848 3 75 1
a contact +270204 +270997 75 3 1
a contact +270204 +270997 3 75 1
a contact +276348 +277175 75 3 1
a contact +276348 +277175 3 75 1
a contact +282449 +283333 75 3 1
a contact +282449 +283333 3 75 1
a contact +288518 +289423 75 3 1
a contact +288518 +289423 3 75 1
a contact +294566 +295427 75 3 1
a contact +294566 +295427 3 75 1
a contact +300593 +301346 75 3 1
a contact +300593 +301346 3 75 1
a contact +306590 +307206 75 3 1
a contact +306590 +307206 3 75 1
a contact +312530 +313069 75 3 1
a contact +312530 +313069 3 75 1
a contact +318397 +318999 75 3 1
a contact +318397 +318999 3 75 1
a contact +324251 +324990 75 3 1
a contact +324251 +324990 3 75 1
a contact +330159 +331015 75 3 1
a contact +330159 +331015 3 75 1
a contact +336150 +337059 75 3 1
a contact +336150 +337059 3 75 1
a contact +342229 +343124 75 3 1
a contact +342229 +343124 3 75 1
a contact +348379 +349219 75 3 1
a contact +348379 +349219 3 75 1
a contact +354560 +355355 75 3 1
a contact +354560 +355355 3 75 1
a contact +360717 +361529 75 3 1
a contact +360717 +361529 3 75 1
a contact +366829 +367698 75 3 1
a contact +366829 +367698 3 75 1
a contact +372906 +373811 75 3 1
a contact +372906 +373811 3 75 1
a contact +378960 +379841 75 3 1
a contact +378960 +379841 3 75 1
a contact +384993 +385784 75 3 1
a contact +384993 +385784 3 75 1
a contact +391002 +391657 75 3 1
a contact +391002 +391657 3 75 1
a contact +396961 +397510 75 3 1
a contact +396961 +397510 3 75 1
a contact +402847 +403417 75 3 1
a contact +402847 +403417 3 75 1
a contact +408697 +409394 75 3 1
a contact +408697 +409394 3 75 1
a contact +414584 +415411 75 3 1
a contact +414584 +415411 3 75 1
a contact +420549 +421450 75 3 1
a contact +420549 +421450 3 75 1
a contact +426603 +427509 75 3 1
a contact +426603 +427509 3 75 1
a contact +432736 +433593 75 3 1
a contact +432736 +433593 3 75 1
a contact +438913 +439716 75 3 1
a contact +438913 +439716 3 75 1
a contact +445081 +445882 75 3 1
a contact +445081 +445882 3 75 1
a contact +451207 +452058 75 3 1
a contact +451207 +452058 3 75 1
a contact +457293 +458192 75 3 1
a contact +457293 +458192 3 75 1
a contact +463352 +464248 75 3 1
a contact +463352 +464248 3 75 1
a contact +469392 +470215 75 3 1
a contact +469392 +470215 3 75 1
a contact +475409 +476105 75 3 1
a contact +475409 +476105 3 75 1
a contact +481386 +481956 75 3 1
a contact +481386 +481956 3 75 1
a contact +487293 +487842 75 3 1
a contact +487293 +487842 3 75 1
a contact +493146 +493801 75 3 1
a contact +493146 +493801 3 75 1
a contact +499016 +499809 75 3 1
a contact +499016 +499809 3 75 1
a contact +504956 +505843 75 3 1
a contact +504956 +505843 3 75 1
a contact +510984 +511895 75 3 1
a contact +510984 +511895 3 75 1
a contact +517096 +517971 75 3 1
a contact +517096 +517971 3 75 1
a contact +523266 +524081 75 3 1
a contact +523266 +524081 3 75 1
a contact +529442 +530236 75 3 1
a contact +529442 +530236 3 75 1
a contact +535580 +536415 75 3 1
a contact +535580 +536415 3 75 1
a contact +541677 +542566 75 3 1
a contact +541677 +542566 3 75 1
a contact +547743 +548646 75 3 1
a contact +547743 +548646 3 75 1
a contact +553788 +554640 75 3 1
a contact +553788 +554640 3 75 1
a contact +559813 +560550 75 3 1
a contact +559813 +560550 3 75 1
a contact +565805 +566406 75 3 1
a contact +565805 +566406 3 75 1
a contact +571735 +572274 75 3 1
a contact +571735 +572274 3 75 1
a contact +577596 +578213 75 3 1
a contact +577596 +578213 3 75 1
a contact +583454 +584210 75 3 1
a contact +583454 +584210 3 75 1
a contact +589371 +590237 75 3 1
a contact +589371 +590237 3 75 1
a contact +595373 +596284 75 3 1
a contact +595373 +596284 3 75 1
a contact +601462 +602352 75 3 1
a contact +601462 +602352 3 75 1
a contact +0 +259 75 5 1
a contact +0 +259 5 75 1
a contact +28620 +28998 75 5 1
a contact +28620 +28998 5 75 1
a contact +34326 +35192 75 5 1
a contact +34326 +35192 5 75 1
a contact +40374 +41239 75 5 1
a contact +40374 +41239 5 75 1
a contact +46784 +47134 75 5 1
a contact +46784 +47134 5 75 1
a contact +71961 +72655 75 5 1
a contact +71961 +72655 5 75 1
a contact +77958 +78854 75 5 1
a contact +77958 +78854 5 75 1
a contact +84052 +84762 75 5 1
a contact +84052 +84762 5 75 1
a contact +118772 +119567 75 5 1
a contact +118772 +119567 5 75 1
a contact +124737 +125640 75 5 1
a contact +124737 +125640 5 75 1
a contact +131004 +131611 75 5 1
a contact +131004 +131611 5 75 1
a contact +156404 +156925 75 5 1
a contact +156404 +156925 5 75 1
a contact +162354 +163234 75 5 1
a contact +162354 +163234 5 75 1
a contact +168418 +169227 75 5 1
a contact +168418 +169227 5 75 1
a contact +203247 +203928 75 5 1
a contact +203247 +203928 5 75 1
a contact +209125 +210034 75 5 1
a contact +209125 +210034 5 75 1
a contact +215292 +216042 75 5 1
a contact +215292 +216042 5 75 1
a contact +240949 +241068 75 5 1
a contact +240949 +241068 5 75 1
a contact +246758 +247589 75 5 1
a contact +246758 +247589 5 75 1
a contact +252796 +253664 75 5 1
a contact +252796 +253664 5 75 1
a contact +258963 +259419 75 5 1
a contact +258963 +259419 5 75 1
a contact +287767 +288263 75 5 1
a contact +287767 +288263 5 75 1
a contact +293535 +294420 75 5 1
a contact +293535 +294420 5 75 1
a contact +299617 +300457 75 5 1
a contact +299617 +300457 5 75 1
a contact +306158 +306252 75 5 1
a contact +306158 +306252 5 75 1
a contact +331172 +331916 75 5 1
a contact +331172 +331916 5 75 1
a contact +337182 +338076 75 5 1
a contact +337182 +338076 5 75 1
a contact +343292 +343945 75 5 1
a contact +343292 +343945 5 75 1
a contact +377970 +378799 75 5 1
a contact +377970 +378799 5 75 1
a contact +383970 +384861 75 5 1
a contact +383970 +384861 5 75 1
a contact +390287 +390809 75 5 1
a contact +390287 +390809 5 75 1
a contact +415603 +416206 75 5 1
a contact +415603 +416206 5 75 1
a contact +421575 +422465 75 5 1
a contact +421575 +422465 5 75 1
a contact +427651 +428424 75 5 1
a contact +427651 +428424 5 75 1
a contact +462432 +463167 75 5 1
a contact +462432 +463167 5 75 1
a contact +468348 +469257 75 5 1
a contact +468348 +469257 5 75 1
a contact +474553 +475252 75 5 1
a contact +474553 +475252 5 75 1
a contact +500077 +500430 75 5 1
a contact +500077 +500430 5 75 1
a contact +505976 +506831 75 5 1
a contact +505976 +506831 5 75 1
a contact +512024 +512872 75 5 1
a contact +512024 +512872 5 75 1
a contact +518236 +518558 75 5 1
a contact +518236 +518558 5 75 1
a contact +546931 +547515 75 5 1
a contact +546931 +547515 5 75 1
a contact +552749 +553647 75 5 1
a contact +552749 +553647 5 75 1
a contact +558864 +559672 75 5 1
a contact +558864 +559672 5 75 1
a contact +590385 +591170 75 5 1
a contact +590385 +591170 5 75 1
a contact +596407 +597294 75 5 1
a contact +596407 +597294 5 75 1
a contact +602536 +603121 75 5 1
a contact +602536 +603121 5 75 1
a contact +2904 +3383 75 7 1
a contact +2904 +3383 7 75 1
a contact +37214 +38041 75 7 1
a contact +37214 +38041 7 75 1
a contact +43248 +44086 75 7 1
a contact +43248 +44086 7 75 1
a contact +75186 +75741 75 7 1
a contact +75186 +75741 7 75 1
a contact +81110 +82017 75 7 1
a contact +81110 +82017 7 75 1
a contact +87219 +87916 75 7 1
a contact +87219 +87916 7 75 1
a contact +121678 +122401 75 7 1
a contact +121678 +122401 7 75 1
a contact +127610 +128494 75 7 1
a contact +127610 +128494 7 75 1
a contact +133941 +134381 75 7 1
a contact +133941 +134381 7 75 1
a contact +165514 +166387 75 7 1
a contact +165514 +166387 7 75 1
a contact +171572 +172391 75 7 1
a contact +171572 +172391 7 75 1
a contact +206190 +206730 75 7 1
a contact +206190 +206730 7 75 1
a contact +212000 +212890 75 7 1
a contact +212000 +212890 7 75 1
a contact +218184 +218863 75 7 1
a contact +218184 +218863 7 75 1
a contact +249933 +250727 75 7 1
a contact +249933 +250727 7 75 1
a contact +255946 +256831 75 7 1
a contact +255946 +256831 7 75 1
a contact +262191 +262512 75 7 1
a contact +262191 +262512 7 75 1
a contact +296418 +297273 75 7 1
a contact +296418 +297273 7 75 1
a contact +302494 +303298 75 7 1
a contact +302494 +303298 7 75 1
a contact +334376 +335023 75 7 1
a contact +334376 +335023 7 75 1
a contact +340332 +341241 75 7 1
a contact +340332 +341241 7 75 1
a contact +346467 +347091 75 7 1
a contact +346467 +347091 7 75 1
a contact +380867 +381641 75 7 1
a contact +380867 +381641 7 75 1
a contact +386842 +387713 75 7 1
a contact +386842 +387713 7 75 1
a contact +393279 +393522 75 7 1
a contact +393279 +393522 7 75 1
a contact +418880 +419236 75 7 1
a contact +418880 +419236 7 75 1
a contact +424731 +425623 75 7 1
a contact +424731 +425623 7 75 1
a contact +430809 +431585 75 7 1
a contact +430809 +431585 7 75 1
a contact +465356 +465985 75 7 1
a contact +465356 +465985 7 75 1
a contact +471221 +472113 75 7 1
a contact +471221 +472113 7 75 1
a contact +477458 +478058 75 7 1
a contact +477458 +478058 7 75 1
a contact +509143 +509976 75 7 1
a contact +509143 +509976 7 75 1
a contact +515175 +516038 75 7 1
a contact +515175 +516038 7 75 1
a contact +549922 +550272 75 7 1
a contact +549922 +550272 7 75 1
a contact +555628 +556502 75 7 1
a contact +555628 +556502 7 75 1
a contact +561746 +562507 75 7 1
a contact +561746 +562507 7 75 1
a contact +593574 +594293 75 7 1
a contact +593574 +594293 7 75 1
a contact +599557 +600460 75 7 1
a contact +599557 +600460 7 75 1
a contact +12681 +13508 75 9 1
a contact +12681 +13508 9 75 1
a contact +18757 +19500 75 9 1
a contact +18757 +19500 9 75 1
a contact +51667 +51967 75 9 1
a contact +51667 +51967 9 75 1
a contact +57417 +58322 75 9 1
a contact +57417 +58322 9 75 1
a contact +63652 +64103 75 9 1
a contact +63652 +64103 9 75 1
a contact +97153 +97845 75 9 1
a contact +97153 +97845 9 75 1
a contact +103095 +103946 75 9 1
a contact +103095 +103946 9 75 1
a contact +141830 +142698 75 9 1
a contact +141830 +142698 9 75 1
a contact +147923 +148649 75 9 1
a contact +147923 +148649 9 75 1
a contact +181714 +182101 75 9 1
a contact +181714 +182101 9 75 1
a contact +187473 +188358 75 9 1
a contact +187473 +188358 9 75 1
a contact +193820 +194113 75 9 1
a contact +193820 +194113 9 75 1
a contact +226278 +227034 75 9 1
a contact +226278 +227034 9 75 1
a contact +232264 +233117 75 9 1
a contact +232264 +233117 9 75 1
a contact +271885 +272743 75 9 1
a contact +271885 +272743 9 75 1
a contact +278020 +278686 75 9 1
a contact +278020 +278686 9 75 1
a contact +310788 +311299 75 9 1
a contact +310788 +311299 9 75 1
a contact +316639 +317542 75 9 1
a contact +316639 +317542 9 75 1
a contact +323008 +323177 75 9 1
a contact +323008 +323177 9 75 1
a contact +356337 +357097 75 9 1
a contact +356337 +357097 9 75 1
a contact +362335 +363152 75 9 1
a contact +362335 +363152 9 75 1
a contact +401042 +401932 75 9 1
a contact +401042 +401932 9 75 1
a contact +407184 +407824 75 9 1
a contact +407184 +407824 9 75 1
a contact +440849 +441398 75 9 1
a contact +440849 +441398 9 75 1
a contact +446698 +447577 75 9 1
a contact +446698 +447577 9 75 1
a contact +485474 +486286 75 9 1
a contact +485474 +486286 9 75 1
a contact +491504 +492316 75 9 1
a contact +491504 +492316 9 75 1
a contact +531096 +531973 75 9 1
a contact +531096 +531973 9 75 1
a contact +537299 +537859 75 9 1
a contact +537299 +537859 9 75 1
a contact +569951 +570588 75 9 1
a contact +569951 +570588 9 75 1
a contact +575866 +576756 75 9 1
a contact +575866 +576756 9 75 1
a contact +3931 +4795 75 11 1
a contact +3931 +4795 11 75 1
a contact +10008 +10811 75 11 1
a contact +10008 +10811 11 75 1
a contact +42167 +42706 75 11 1
a contact +42167 +42706 11 75 1
a contact +48073 +48963 75 11 1
a contact +48073 +48963 11 75 1
a contact +54237 +54788 75 11 1
a contact +54237 +54788 11 75 1
a contact +88387 +89156 75 11 1
a contact +88387 +89156 11 75 1
a contact +94352 +95234 75 11 1
a contact +94352 +95234 11 75 1
a contact +132476 +133343 75 11 1
a contact +132476 +133343 11 75 1
a contact +138559 +139300 75 11 1
a contact +138559 +139300 11 75 1
a contact +172893 +173484 75 11 1
a contact +172893 +173484 11 75 1
a contact +178730 +179638 75 11 1
a contact +178730 +179638 11 75 1
a contact +184995 +185541 75 11 1
a contact +184995 +185541 11 75 1
a contact +216898 +217689 75 11 1
a contact +216898 +217689 11 75 1
a contact +222917 +223759 75 11 1
a contact +222917 +223759 11 75 1
a contact +257546 +257682 75 11 1
a contact +257546 +257682 11 75 1
a contact +263139 +264026 75 11 1
a contact +263139 +264026 11 75 1
a contact +269264 +270015 75 11 1
a contact +269264 +270015 11 75 1
a contact +301349 +301989 75 11 1
a contact +301349 +301989 11 75 1
a contact +307297 +308183 75 11 1
a contact +307297 +308183 11 75 1
a contact +313513 +313934 75 11 1
a contact +313513 +313934 11 75 1
a contact +347580 +348396 75 11 1
a contact +347580 +348396 11 75 1
a contact +353591 +354448 75 11 1
a contact +353591 +354448 11 75 1
a contact +385884 +386187 75 11 1
a contact +385884 +386187 11 75 1
a contact +391693 +392576 75 11 1
a contact +391693 +392576 11 75 1
a contact +397805 +398482 75 11 1
a contact +397805 +398482 11 75 1
a contact +432062 +432740 75 11 1
a contact +432062 +432740 11 75 1
a contact +437956 +438859 75 11 1
a contact +437956 +438859 11 75 1
a contact +444305 +444701 75 11 1
a contact +444305 +444701 11 75 1
a contact +476106 +476936 75 11 1
a contact +476106 +476936 11 75 1
a contact +482152 +482960 75 11 1
a contact +482152 +482960 11 75 1
a contact +516619 +517027 75 11 1
a contact +516619 +517027 11 75 1
a contact +522352 +523253 75 11 1
a contact +522352 +523253 11 75 1
a contact +528529 +529212 75 11 1
a contact +528529 +529212 11 75 1
a contact +560543 +561258 75 11 1
a contact +560543 +561258 11 75 1
a contact +566524 +567397 75 11 1
a contact +566524 +567397 11 75 1
a contact +572839 +573025 75 11 1
a contact +572839 +573025 11 75 1
a contact +4226 +5061 76 3 1
a contact +4226 +5061 3 76 1
a contact +10406 +11200 76 3 1
a contact +10406 +11200 3 76 1
a contact +16560 +17376 76 3 1
a contact +16560 +17376 3 76 1
a contact +22669 +23542 76 3 1
a contact +22669 +23542 3 76 1
a contact +28744 +29649 76 3 1
a contact +28744 +29649 3 76 1
a contact +34796 +35672 76 3 1
a contact +34796 +35672 3 76 1
a contact +40828 +41608 76 3 1
a contact +40828 +41608 3 76 1
a contact +46833 +47477 76 3 1
a contact +46833 +47477 3 76 1
a contact +52787 +53332 76 3 1
a contact +52787 +53332 3 76 1
a contact +58667 +59246 76 3 1
a contact +58667 +59246 3 76 1
a contact +64518 +65227 76 3 1
a contact +64518 +65227 3 76 1
a contact +70411 +71246 76 3 1
a contact +70411 +71246 3 76 1
a contact +76383 +77287 76 3 1
a contact +76383 +77287 3 76 1
a contact +82444 +83347 76 3 1
a contact +82444 +83347 3 76 1
a contact +88582 +89434 76 3 1
a contact +88582 +89434 3 76 1
a contact +94760 +95561 76 3 1
a contact +94760 +95561 3 76 1
a contact +100926 +101729 76 3 1
a contact +100926 +101729 3 76 1
a contact +107047 +107904 76 3 1
a contact +107047 +107904 3 76 1
a contact +113131 +114032 76 3 1
a contact +113131 +114032 3 76 1
a contact +119188 +120081 76 3 1
a contact +119188 +120081 3 76 1
a contact +125226 +126041 76 3 1
a contact +125226 +126041 3 76 1
a contact +131241 +131926 76 3 1
a contact +131241 +131926 3 76 1
a contact +137214 +137777 76 3 1
a contact +137214 +137777 3 76 1
a contact +143115 +143669 76 3 1
a contact +143115 +143669 3 76 1
a contact +148966 +149633 76 3 1
a contact +148966 +149633 3 76 1
a contact +154841 +155644 76 3 1
a contact +154841 +155644 3 76 1
a contact +160788 +161679 76 3 1
a contact +160788 +161679 3 76 1
a contact +166823 +167733 76 3 1
a contact +166823 +167733 3 76 1
a contact +172941 +173811 76 3 1
a contact +172941 +173811 3 76 1
a contact +179113 +179925 76 3 1
a contact +179113 +179925 3 76 1
a contact +185287 +186083 76 3 1
a contact +185287 +186083 3 76 1
a contact +191422 +192261 76 3 1
a contact +191422 +192261 3 76 1
a contact +197515 +198408 76 3 1
a contact +197515 +198408 3 76 1
a contact +203580 +204482 76 3 1
a contact +203580 +204482 3 76 1
a contact +209623 +210468 76 3 1
a contact +209623 +210468 3 76 1
a contact +215646 +216372 76 3 1
a contact +215646 +216372 3 76 1
a contact +221634 +222226 76 3 1
a contact +221634 +222226 3 76 1
a contact +227558 +228099 76 3 1
a contact +227558 +228099 3 76 1
a contact +233416 +234043 76 3 1
a contact +233416 +234043 3 76 1
a contact +239277 +240044 76 3 1
a contact +239277 +240044 3 76 1
a contact +245200 +246072 76 3 1
a contact +245200 +246072 3 76 1
a contact +251209 +252121 76 3 1
a contact +251209 +252121 3 76 1
a contact +257305 +258191 76 3 1
a contact +257305 +258191 3 76 1
a contact +263466 +264293 76 3 1
a contact +263466 +264293 3 76 1
a contact +269645 +270438 76 3 1
a contact +269645 +270438 3 76 1
a contact +275793 +276616 76 3 1
a contact +275793 +276616 3 76 1
a contact +281898 +282777 76 3 1
a contact +281898 +282777 3 76 1
a contact +287969 +288875 76 3 1
a contact +287969 +288875 3 76 1
a contact +294018 +294887 76 3 1
a contact +294018 +294887 3 76 1
a contact +300048 +300813 76 3 1
a contact +300048 +300813 3 76 1
a contact +306049 +306677 76 3 1
a contact +306049 +306677 3 76 1
a contact +311995 +312535 76 3 1
a contact +311995 +312535 3 76 1
a contact +317867 +318458 76 3 1
a contact +317867 +318458 3 76 1
a contact +323720 +324446 76 3 1
a contact +323720 +324446 3 76 1
a contact +329621 +330468 76 3 1
a contact +329621 +330468 3 76 1
a contact +335603 +336511 76 3 1
a contact +335603 +336511 3 76 1
a contact +341675 +342574 76 3 1
a contact +341675 +342574 3 76 1
a contact +347820 +348665 76 3 1
a contact +347820 +348665 3 76 1
a contact +354000 +354797 76 3 1
a contact +354000 +354797 3 76 1
a contact +360161 +360969 76 3 1
a contact +360161 +360969 3 76 1
a contact +366277 +367141 76 3 1
a contact +366277 +367141 3 76 1
a contact +372357 +373260 76 3 1
a contact +372357 +373260 3 76 1
a contact +378412 +379298 76 3 1
a contact +378412 +379298 3 76 1
a contact +384448 +385249 76 3 1
a contact +384448 +385249 3 76 1
a contact +390459 +391126 76 3 1
a contact +390459 +391126 3 76 1
a contact +396424 +396978 76 3 1
a contact +396424 +396978 3 76 1
a contact +402316 +402879 76 3 1
a contact +402316 +402879 3 76 1
a contact +408166 +408851 76 3 1
a contact +408166 +408851 3 76 1
a contact +414048 +414865 76 3 1
a contact +414048 +414865 3 76 1
a contact +420005 +420902 76 3 1
a contact +420005 +420902 3 76 1
a contact +426051 +426959 76 3 1
a contact +426051 +426959 3 76 1
a contact +432177 +433040 76 3 1
a contact +432177 +433040 3 76 1
a contact +438353 +439159 76 3 1
a contact +438353 +439159 3 76 1
a contact +444524 +445322 76 3 1
a contact +444524 +445322 3 76 1
a contact +450653 +451499 76 3 1
a contact +450653 +451499 3 76 1
a contact +456742 +457639 76 3 1
a contact +456742 +457639 3 76 1
a contact +462804 +463702 76 3 1
a contact +462804 +463702 3 76 1
a contact +468845 +469678 76 3 1
a contact +468845 +469678 3 76 1
a contact +474865 +475574 76 3 1
a contact +474865 +475574 3 76 1
a contact +480847 +481426 76 3 1
a contact +480847 +481426 3 76 1
a contact +486761 +487306 76 3 1
a contact +486761 +487306 3 76 1
a contact +492616 +493259 76 3 1
a contact +492616 +493259 3 76 1
a contact +498482 +499264 76 3 1
a contact +498482 +499264 3 76 1
a contact +504415 +505295 76 3 1
a contact +504415 +505295 3 76 1
a contact +510434 +511346 76 3 1
a contact +510434 +511346 3 76 1
a contact +516539 +517419 76 3 1
a contact +516539 +517419 3 76 1
a contact +522705 +523526 76 3 1
a contact +522705 +523526 3 76 1
a contact +528883 +529677 76 3 1
a contact +528883 +529677 3 76 1
a contact +535026 +535855 76 3 1
a contact +535026 +535855 3 76 1
a contact +541126 +542011 76 3 1
a contact +541126 +542011 3 76 1
a contact +547194 +548099 76 3 1
a contact +547194 +548099 3 76 1
a contact +553241 +554100 76 3 1
a contact +553241 +554100 3 76 1
a contact +559268 +560017 76 3 1
a contact +559268 +560017 3 76 1
a contact +565264 +565876 76 3 1
a contact +565264 +565876 3 76 1
a contact +571201 +571740 76 3 1
a contact +571201 +571740 3 76 1
a contact +577067 +577672 76 3 1
a contact +577067 +577672 3 76 1
a contact +582922 +583665 76 3 1
a contact +582922 +583665 3 76 1
a contact +588832 +589690 76 3 1
a contact +588832 +589690 3 76 1
a contact +594825 +595735 76 3 1
a contact +594825 +595735 3 76 1
a contact +600907 +601801 76 3 1
a contact +600907 +601801 3 76 1
a contact +28151 +28398 76 5 1
a contact +28151 +28398 5 76 1
a contact +33792 +34640 76 5 1
a contact +33792 +34640 5 76 1
a contact +39814 +40695 76 5 1
a contact +39814 +40695 5 76 1
a contact +46171 +46622 76 5 1
a contact +46171 +46622 5 76 1
a contact +71426 +72075 76 5 1
a contact +71426 +72075 5 76 1
a contact +77411 +78305 76 5 1
a contact +77411 +78305 5 76 1
a contact +83495 +84240 76 5 1
a contact +83495 +84240 5 76 1
a contact +118246 +119011 76 5 1
a contact +118246 +119011 5 76 1
a contact +124186 +125093 76 5 1
a contact +124186 +125093 5 76 1
a contact +130419 +131078 76 5 1
a contact +130419 +131078 5 76 1
a contact +155881 +156324 76 5 1
a contact +155881 +156324 5 76 1
a contact +161809 +162677 76 5 1
a contact +161809 +162677 5 76 1
a contact +167865 +168696 76 5 1
a contact +167865 +168696 5 76 1
a contact +174134 +174307 76 5 1
a contact +174134 +174307 5 76 1
a contact +202733 +203367 76 5 1
a contact +202733 +203367 5 76 1
a contact +208580 +209485 76 5 1
a contact +208580 +209485 5 76 1
a contact +214720 +215502 76 5 1
a contact +214720 +215502 5 76 1
a contact +246216 +247024 76 5 1
a contact +246216 +247024 5 76 1
a contact +252246 +253125 76 5 1
a contact +252246 +253125 5 76 1
a contact +258390 +258920 76 5 1
a contact +258390 +258920 5 76 1
a contact +287274 +287686 76 5 1
a contact +287274 +287686 5 76 1
a contact +292998 +293869 76 5 1
a contact +292998 +293869 5 76 1
a contact +299054 +299913 76 5 1
a contact +299054 +299913 5 76 1
a contact +305486 +305794 76 5 1
a contact +305486 +305794 5 76 1
a contact +330634 +331341 76 5 1
a contact +330634 +331341 5 76 1
a contact +336634 +337530 76 5 1
a contact +336634 +337530 5 76 1
a contact +342732 +343428 76 5 1
a contact +342732 +343428 5 76 1
a contact +377440 +378245 76 5 1
a contact +377440 +378245 5 76 1
a contact +383415 +384315 76 5 1
a contact +383415 +384315 5 76 1
a contact +389694 +390281 76 5 1
a contact +389694 +390281 5 76 1
a contact +415073 +415616 76 5 1
a contact +415073 +415616 5 76 1
a contact +421029 +421912 76 5 1
a contact +421029 +421912 5 76 1
a contact +427096 +427897 76 5 1
a contact +427096 +427897 5 76 1
a contact +461912 +462608 76 5 1
a contact +461912 +462608 5 76 1
a contact +467800 +468709 76 5 1
a contact +467800 +468709 5 76 1
a contact +473976 +474715 76 5 1
a contact +473976 +474715 5 76 1
a contact +499587 +499793 76 5 1
a contact +499587 +499793 5 76 1
a contact +505432 +506270 76 5 1
a contact +505432 +506270 5 76 1
a contact +511473 +512336 76 5 1
a contact +511473 +512336 5 76 1
a contact +517649 +518076 76 5 1
a contact +517649 +518076 5 76 1
a contact +546426 +546947 76 5 1
a contact +546426 +546947 5 76 1
a contact +552208 +553097 76 5 1
a contact +552208 +553097 5 76 1
a contact +558298 +559130 76 5 1
a contact +558298 +559130 5 76 1
a contact +589845 +590600 76 5 1
a contact +589845 +590600 5 76 1
a contact +595858 +596751 76 5 1
a contact +595858 +596751 5 76 1
a contact +601972 +602610 76 5 1
a contact +601972 +602610 5 76 1
a contact +2325 +2888 76 7 1
a contact +2325 +2888 7 76 1
a contact +36684 +37486 76 7 1
a contact +36684 +37486 7 76 1
a contact +42687 +43545 76 7 1
a contact +42687 +43545 7 76 1
a contact +74672 +75138 76 7 1
a contact +74672 +75138 7 76 1
a contact +80564 +81465 76 7 1
a contact +80564 +81465 7 76 1
a contact +86656 +87398 76 7 1
a contact +86656 +87398 7 76 1
a contact +121160 +121838 76 7 1
a contact +121160 +121838 7 76 1
a contact +127058 +127949 76 7 1
a contact +127058 +127949 7 76 1
a contact +133336 +133870 76 7 1
a contact +133336 +133870 7 76 1
a contact +164972 +165827 76 7 1
a contact +164972 +165827 7 76 1
a contact +171017 +171861 76 7 1
a contact +171017 +171861 7 76 1
a contact +205696 +206150 76 7 1
a contact +205696 +206150 7 76 1
a contact +211457 +212340 76 7 1
a contact +211457 +212340 7 76 1
a contact +217606 +218331 76 7 1
a contact +217606 +218331 7 76 1
a contact +249397 +250154 76 7 1
a contact +249397 +250154 7 76 1
a contact +255395 +256291 76 7 1
a contact +255395 +256291 7 76 1
a contact +261592 +262039 76 7 1
a contact +261592 +262039 7 76 1
a contact +295884 +296719 76 7 1
a contact +295884 +296719 7 76 1
a contact +301929 +302759 76 7 1
a contact +301929 +302759 7 76 1
a contact +333852 +334433 76 7 1
a contact +333852 +334433 7 76 1
a contact +339785 +340693 76 7 1
a contact +339785 +340693 7 76 1
a contact +345900 +346580 76 7 1
a contact +345900 +346580 7 76 1
a contact +380344 +381081 76 7 1
a contact +380344 +381081 7 76 1
a contact +386287 +387169 76 7 1
a contact +386287 +387169 7 76 1
a contact +392640 +393042 76 7 1
a contact +392640 +393042 7 76 1
a contact +418429 +418566 76 7 1
a contact +418429 +418566 7 76 1
a contact +424188 +425067 76 7 1
a contact +424188 +425067 7 76 1
a contact +430251 +431060 76 7 1
a contact +430251 +431060 7 76 1
a contact +464850 +465415 76 7 1
a contact +464850 +465415 7 76 1
a contact +470675 +471566 76 7 1
a contact +470675 +471566 7 76 1
a contact +476872 +477532 76 7 1
a contact +476872 +477532 7 76 1
a contact +508605 +509409 76 7 1
a contact +508605 +509409 7 76 1
a contact +514623 +515503 76 7 1
a contact +514623 +515503 7 76 1
a contact +520891 +521155 76 7 1
a contact +520891 +521155 7 76 1
a contact +549485 +549638 76 7 1
a contact +549485 +549638 7 76 1
a contact +555090 +555950 76 7 1
a contact +555090 +555950 7 76 1
a contact +561176 +561971 76 7 1
a contact +561176 +561971 7 76 1
a contact +593044 +593711 76 7 1
a contact +593044 +593711 7 76 1
a contact +599008 +599916 76 7 1
a contact +599008 +599916 7 76 1
a contact +12152 +12948 76 9 1
a contact +12152 +12948 9 76 1
a contact +18187 +18973 76 9 1
a contact +18187 +18973 9 76 1
a contact +56872 +57773 76 9 1
a contact +56872 +57773 9 76 1
a contact +63054 +63617 76 9 1
a contact +63054 +63617 9 76 1
a contact +96643 +97268 76 9 1
a contact +96643 +97268 9 76 1
a contact +102539 +103407 76 9 1
a contact +102539 +103407 9 76 1
a contact +141295 +142138 76 9 1
a contact +141295 +142138 9 76 1
a contact +147355 +148130 76 9 1
a contact +147355 +148130 9 76 1
a contact +181295 +181437 76 9 1
a contact +181295 +181437 9 76 1
a contact +186928 +187811 76 9 1
a contact +186928 +187811 9 76 1
a contact +193186 +193647 76 9 1
a contact +193186 +193647 9 76 1
a contact +225757 +226457 76 9 1
a contact +225757 +226457 9 76 1
a contact +231708 +232583 76 9 1
a contact +231708 +232583 9 76 1
a contact +271351 +272187 76 9 1
a contact +271351 +272187 9 76 1
a contact +277442 +278167 76 9 1
a contact +277442 +278167 9 76 1
a contact +310310 +310678 76 9 1
a contact +310310 +310678 9 76 1
a contact +316092 +316997 76 9 1
a contact +316092 +316997 9 76 1
a contact +322350 +322752 76 9 1
a contact +322350 +322752 9 76 1
a contact +355817 +356528 76 9 1
a contact +355817 +356528 9 76 1
a contact +361774 +362618 76 9 1
a contact +361774 +362618 9 76 1
a contact +400503 +401377 76 9 1
a contact +400503 +401377 9 76 1
a contact +406607 +407314 76 9 1
a contact +406607 +407314 9 76 1
a contact +440364 +440799 76 9 1
a contact +440364 +440799 9 76 1
a contact +446148 +447033 76 9 1
a contact +446148 +447033 9 76 1
a contact +452543 +452744 76 9 1
a contact +452543 +452744 9 76 1
a contact +484946 +485717 76 9 1
a contact +484946 +485717 9 76 1
a contact +490943 +491787 76 9 1
a contact +490943 +491787 9 76 1
a contact +530557 +531421 76 9 1
a contact +530557 +531421 9 76 1
a contact +536708 +537351 76 9 1
a contact +536708 +537351 9 76 1
a contact +569446 +569994 76 9 1
a contact +569446 +569994 9 76 1
a contact +575315 +576216 76 9 1
a contact +575315 +576216 9 76 1
a contact +3399 +4240 76 11 1
a contact +3399 +4240 11 76 1
a contact +9441 +10275 76 11 1
a contact +9441 +10275 11 76 1
a contact +41662 +42099 76 11 1
a contact +41662 +42099 11 76 1
a contact +47527 +48415 76 11 1
a contact +47527 +48415 11 76 1
a contact +53661 +54285 76 11 1
a contact +53661 +54285 11 76 1
a contact +87868 +88593 76 11 1
a contact +87868 +88593 11 76 1
a contact +93797 +94692 76 11 1
a contact +93797 +94692 11 76 1
a contact +100235 +100462 76 11 1
a contact +100235 +100462 11 76 1
a contact +131935 +132785 76 11 1
a contact +131935 +132785 11 76 1
a contact +137998 +138777 76 11 1
a contact +137998 +138777 11 76 1
a contact +172396 +172904 76 11 1
a contact +172396 +172904 11 76 1
a contact +178184 +179090 76 11 1
a contact +178184 +179090 11 76 1
a contact +184400 +185025 76 11 1
a contact +184400 +185025 11 76 1
a contact +216364 +217119 76 11 1
a contact +216364 +217119 11 76 1
a contact +222364 +223224 76 11 1
a contact +222364 +223224 11 76 1
a contact +262602 +263473 76 11 1
a contact +262602 +263473 11 76 1
a contact +268691 +269482 76 11 1
a contact +268691 +269482 11 76 1
a contact +300831 +301398 76 11 1
a contact +300831 +301398 11 76 1
a contact +306748 +307638 76 11 1
a contact +306748 +307638 11 76 1
a contact +312923 +313447 76 11 1
a contact +312923 +313447 11 76 1
a contact +347054 +347837 76 11 1
a contact +347054 +347837 11 76 1
a contact +353031 +353908 76 11 1
a contact +353031 +353908 11 76 1
a contact +391150 +392022 76 11 1
a contact +391150 +392022 11 76 1
a contact +397240 +397966 76 11 1
a contact +397240 +397966 11 76 1
a contact +431553 +432169 76 11 1
a contact +431553 +432169 11 76 1
a contact +437406 +438313 76 11 1
a contact +437406 +438313 11 76 1
a contact +443690 +444203 76 11 1
a contact +443690 +444203 11 76 1
a contact +475569 +476372 76 11 1
a contact +475569 +476372 11 76 1
a contact +481596 +482430 76 11 1
a contact +481596 +482430 11 76 1
a contact +516166 +516406 76 11 1
a contact +516166 +516406 11 76 1
a contact +521811 +522703 76 11 1
a contact +521811 +522703 11 76 1
a contact +527949 +528684 76 11 1
a contact +527949 +528684 11 76 1
a contact +560017 +560677 76 11 1
a contact +560017 +560677 11 76 1
a contact +565973 +566857 76 11 1
a contact +565973 +566857 11 76 1
a contact +572206 +572584 76 11 1
a contact +572206 +572584 11 76 1
